ds,split,y,y_revenue,y_quantity,y_profit,y_transactions,year,month,day,day_of_week,week_of_year,quarter,is_weekend,is_month_start,is_month_end,month_sin,month_cos,dow_sin,dow_cos,season,season_enc,lag_1,lag_7,lag_14,lag_30,lag_qty_1,lag_qty_7,roll_mean_7,roll_std_7,roll_min_7,roll_max_7,roll_mean_14,roll_std_14,roll_min_14,roll_max_14,roll_mean_30,roll_std_30,roll_min_30,roll_max_30,promo_share,festival_share,holiday_share,avg_discount,avg_stock,stockout_share,n_stores,n_products,is_promo_day,is_festival_day,is_holiday_day,high_discount_day,high_stockout_day,weekend_x_promo,festival_x_promo
2021-01-31,train,9310912.43,9310912.43,1509,1993427.54,272,2021,1,31,6,4,1,1,0,1,0.49999999999999994,0.8660254037844387,-0.7818314824680299,0.6234898018587334,Winter,0,12122649.11,9204756.02,14388028.82,8313633.57,1531.0,1412.0,9666263.975714285,3656200.1281538624,6644627.49,16808163.46,9169903.809285715,3346085.518403835,5796841.72,16808163.46,8619262.863666667,2742577.661184782,5796841.72,16808163.46,0.47794117647058826,0.0,0.0,0.13125,100.37132352941177,0.01838235294117647,10,148,1,0,0,0,0,1,0
2021-02-01,train,7859465.6,7859465.6,909,1770156.16,273,2021,2,1,0,5,1,0,1,0,0.8660254037844386,0.5000000000000001,0.0,1.0,Winter,0,9310912.43,6644627.49,7103263.55,12268574.07,1509.0,1010.0,9681429.177142859,3654186.4463285417,6644627.49,16808163.46,8807252.638571428,2993603.1859632586,5796841.72,16808163.46,8652505.492333334,2744788.4931259733,5796841.72,16808163.46,0.5164835164835165,0.0,0.0,0.14395604395604394,101.5934065934066,0.003663003663003663,10,144,1,0,0,0,0,0,0
2021-02-02,train,6899503.9799999995,6899503.9799999995,842,1348847.95,246,2021,2,2,1,5,1,0,0,0,0.8660254037844386,0.5000000000000001,0.7818314824680298,0.6234898018587336,Winter,0,7859465.6,16808163.46,7941847.63,10290834.14,909.0,2408.0,9854977.478571428,3512003.8251233813,6702827.13,16808163.46,8861267.070714286,2967198.3170780335,5796841.72,16808163.46,8505535.209999999,2661261.074440769,5796841.72,16808163.46,0.5203252032520326,0.0,0.0,0.1443089430894309,104.36585365853658,0.016260162601626018,10,145,1,0,0,0,0,0,0
2021-02-03,train,5104895.7,5104895.7,745,1125600.04,221,2021,2,3,2,5,1,0,0,0,0.8660254037844386,0.5000000000000001,0.9749279121818236,-0.22252093395631434,Winter,0,6899503.9799999995,7897554.12,6028716.99,6684233.86,842.0,899.0,8439454.695714286,1842422.3309272975,6702827.13,12122649.11,8786813.952857142,3004881.063419005,5796841.72,16808163.46,8392490.871333335,2654830.8475943273,5796841.72,16808163.46,0.5565610859728507,0.0,0.0,0.16515837104072398,100.28506787330316,0.01809954751131222,10,129,1,0,0,0,0,0,0
2021-02-04,train,7748005.06,7748005.06,953,1822742.45,282,2021,2,4,3,5,1,0,0,0,0.8660254037844386,0.5000000000000001,0.43388373911755823,-0.900968867902419,Winter,0,5104895.7,8283270.5,7637034.42,8272067.09,745.0,978.0,8040503.492857143,2238995.8053819924,5104895.7,12122649.11,8720826.717857143,3079329.2903645714,5104895.7,16808163.46,8339846.266,2705057.041979335,5104895.7,16808163.46,0.48226950354609927,0.0,0.0,0.12943262411347517,103.47163120567376,0.01773049645390071,10,152,1,0,0,0,0,0,0
2021-02-05,train,7170465.42,7170465.42,889,1885849.19,269,2021,2,5,4,5,1,0,0,0,0.8660254037844386,0.5000000000000001,-0.433883739117558,-0.9009688679024191,Winter,0,7748005.06,6702827.13,5796841.72,7238711.8,953.0,895.0,7964037.0014285715,2238463.1239013057,5104895.7,12122649.11,8728753.192142857,3076466.4051678143,5104895.7,16808163.46,8322377.531666667,2707201.135837666,5104895.7,16808163.46,0.4423791821561338,0.0,0.0,0.12304832713754647,102.80297397769517,0.0037174721189591076,10,144,1,0,0,0,0,0,0
2021-02-06,train,11065663.93,11065663.93,1588,2374568.86,302,2021,2,6,5,5,1,1,0,0,0.8660254037844386,0.5000000000000001,-0.9749279121818236,-0.2225209339563146,Winter,0,7170465.42,12122649.11,11819072.37,6272896.66,889.0,1531.0,8030842.471428571,2201218.134795091,5104895.7,12122649.11,8826869.170714285,2996636.2361623063,5104895.7,16808163.46,8320102.652333333,2708171.647830513,5104895.7,16808163.46,0.5132450331125827,0.0,0.0,0.13774834437086092,97.62582781456953,0.006622516556291391,10,158,1,0,0,0,0,1,0
2021-02-07,train,12715842.0,12715842.0,1280,2692497.92,244,2021,2,7,6,5,1,1,0,0,0.8660254037844386,0.5000000000000001,-0.7818314824680299,0.6234898018587334,Winter,0,11065663.93,9310912.43,9204756.02,5991149.58,1588.0,1509.0,7879844.588571428,1887671.6193616989,5104895.7,11065663.93,8773054.282142857,2945089.1446818206,5104895.7,16808163.46,8479861.561333334,2724556.171597489,5104895.7,16808163.46,0.5491803278688525,0.0,0.0,0.14672131147540982,102.09836065573771,0.004098360655737705,10,140,1,0,0,0,0,1,0
2021-02-08,train,8677469.95,8677469.95,876,2118990.0100000002,249,2021,2,8,0,6,1,0,0,0,0.8660254037844386,0.5000000000000001,0.0,1.0,Winter,0,12715842.0,7859465.6,6644627.49,11305922.459999999,1280.0,909.0,8366263.098571428,2616056.82544487,5104895.7,12715842.0,9023846.137857143,3128464.9435676755,5104895.7,16808163.46,8704017.975333333,2788618.763561454,5104895.7,16808163.46,0.5220883534136547,0.0,0.0,0.1542168674698795,104.59839357429719,0.0,10,139,1,0,0,0,0,0,0
2021-02-09,train,7465902.53,7465902.53,916,1782262.99,283,2021,2,9,1,6,1,0,0,0,0.8660254037844386,0.5000000000000001,0.7818314824680298,0.6234898018587336,Winter,0,8677469.95,6899503.9799999995,16808163.46,8433889.63,876.0,842.0,8483120.862857142,2607902.5967253516,5104895.7,12715842.0,9169049.170714285,3055876.1546014817,5104895.7,16808163.46,8616402.891666668,2745001.409520814,5104895.7,16808163.46,0.4876325088339223,0.0,0.0,0.13392226148409894,103.04593639575971,0.01060070671378092,10,154,1,0,0,0,0,0,0
2021-02-10,train,6530319.5,6530319.5,970,1633578.46,301,2021,2,10,2,6,1,0,0,0,0.8660254037844386,0.5000000000000001,0.9749279121818236,-0.22252093395631434,Winter,0,7465902.53,5104895.7,7897554.12,6703991.44,916.0,745.0,8564034.94142857,2558905.912439078,5104895.7,12715842.0,8501744.81857143,2143136.413278611,5104895.7,12715842.0,8584136.655,2752898.5107269585,5104895.7,16808163.46,0.49169435215946844,0.0,0.0,0.1415282392026578,100.92691029900332,0.0033222591362126247,10,157,1,0,0,0,0,0,0
2021-02-11,train,7718690.82,7718690.82,875,1704164.28,264,2021,2,11,3,6,1,0,0,0,0.8660254037844386,0.5000000000000001,0.43388373911755823,-0.900968867902419,Winter,0,6530319.5,7748005.06,8283270.5,6560604.4399999995,970.0,953.0,8767666.912857141,2279184.3994030263,6530319.5,12715842.0,8404085.202857142,2203098.965894894,5104895.7,12715842.0,8578347.590333333,2757167.8971496867,5104895.7,16808163.46,0.5189393939393939,0.0,0.0,0.12954545454545455,102.99621212121212,0.007575757575757576,10,150,1,0,0,0,0,0,0
2021-02-12,train,6878302.01,6878302.01,899,1444210.83,275,2021,2,12,4,6,1,0,0,0,0.8660254037844386,0.5000000000000001,-0.433883739117558,-0.9009688679024191,Winter,0,7718690.82,7170465.42,6702827.13,7750320.99,875.0,889.0,8763479.164285714,2281396.0253698425,6530319.5,12715842.0,8363758.082857142,2210634.9086417845,5104895.7,12715842.0,8616950.469666667,2735969.1370788403,5104895.7,16808163.46,0.5018181818181818,0.0,0.0,0.13890909090909093,104.50181818181818,0.0036363636363636364,10,151,1,0,0,0,0,0,0
2021-02-13,train,12779623.4,12779623.4,1427,3450293.31,277,2021,2,13,5,6,1,1,0,0,0.8660254037844386,0.5000000000000001,-0.9749279121818236,-0.2225209339563146,Winter,0,6878302.01,11065663.93,12122649.11,5962872.76,899.0,1588.0,8721741.534285715,2317779.5715113264,6530319.5,12715842.0,8376292.002857143,2200969.643258573,5104895.7,12715842.0,8587883.170333333,2750089.5974554517,5104895.7,16808163.46,0.5451263537906137,0.0,0.0,0.15631768953068592,102.8158844765343,0.0,10,151,1,0,0,0,0,1,0
2021-02-14,train,14652382.15,14652382.15,1489,3557776.58,268,2021,2,14,6,6,1,1,0,0,0.8660254037844386,0.5000000000000001,-0.7818314824680299,0.6234898018587334,Winter,0,12779623.4,12715842.0,9310912.43,6776930.61,1427.0,1280.0,8966592.887142858,2670373.9000584856,6530319.5,12779623.4,8423218.737857144,2292106.555072977,5104895.7,12779623.4,8815108.191666666,2806752.0879675606,5104895.7,16808163.46,0.5559701492537313,0.0,0.0,0.15597014925373134,100.42164179104478,0.0,10,145,1,0,0,0,0,1,0
2021-02-15,train,7694917.06,7694917.06,901,1579811.03,267,2021,2,15,0,7,1,0,0,0,0.8660254037844386,0.5000000000000001,0.0,1.0,Winter,0,14652382.15,8677469.95,7859465.6,11372599.48,1489.0,876.0,9243241.48,3175976.755806368,6530319.5,14652382.15,8804752.289285714,2832168.3564351005,5104895.7,14652382.15,9077623.243,2972923.9992891313,5104895.7,16808163.46,0.4681647940074906,0.0,0.0,0.12808988764044946,104.10861423220973,0.00749063670411985,10,143,1,0,0,0,0,0,0
2021-02-16,train,6229033.29,6229033.29,957,1684770.22,284,2021,2,16,1,7,1,0,0,0,0.8660254037844386,0.5000000000000001,0.7818314824680298,0.6234898018587336,Winter,0,7694917.06,7465902.53,6899503.9799999995,14388028.82,901.0,916.0,9102876.781428572,3226460.0174625986,6530319.5,14652382.15,8792998.822142858,2836730.81183882,5104895.7,14652382.15,8955033.829,2950769.342043056,5104895.7,16808163.46,0.4471830985915493,0.0,0.0,0.1176056338028169,101.85211267605634,0.0035211267605633804,10,152,1,0,0,0,0,0,0
2021-02-17,train,6433084.44,6433084.44,852,1504590.41,265,2021,2,17,2,7,1,0,0,0,0.8660254037844386,0.5000000000000001,0.9749279121818236,-0.22252093395631434,Winter,0,6229033.29,6530319.5,5104895.7,7103263.55,957.0,970.0,8926181.175714286,3362068.0099095646,6229033.29,14652382.15,8745108.058571428,2876536.7700702865,5104895.7,14652382.15,8683067.311333334,2805160.406949161,5104895.7,16808163.46,0.5018867924528302,0.0,0.0,0.14150943396226415,104.8188679245283,0.011320754716981131,10,154,1,0,0,0,0,0,0
2021-02-18,train,6711341.0200000005,6711341.0200000005,916,1535995.47,261,2021,2,18,3,7,1,0,0,0,0.8660254037844386,0.5000000000000001,0.43388373911755823,-0.900968867902419,Winter,0,6433084.44,7718690.82,7748005.06,7941847.63,852.0,875.0,8912290.452857142,3373796.9539463464,6229033.29,14652382.15,8839978.682857143,2767063.569461956,6229033.29,14652382.15,8660728.007666668,2820800.167811654,5104895.7,16808163.46,0.5363984674329502,0.0,0.0,0.15057471264367814,101.8735632183908,0.011494252873563218,10,150,1,0,0,0,0,0,0
2021-02-19,train,8472277.53,8472277.53,916,2098896.38,274,2021,2,19,4,7,1,0,0,0,0.8660254037844386,0.5000000000000001,-0.433883739117558,-0.9009688679024191,Winter,0,6711341.0200000005,6878302.01,7170465.42,6028716.99,916.0,899.0,8768383.33857143,3453731.528805452,6229033.29,14652382.15,8765931.25142857,2812038.132524957,6229033.29,14652382.15,8619711.120666666,2840491.3555931095,5104895.7,16808163.46,0.4708029197080292,0.0,0.0,0.13211678832116788,101.44160583941606,0.0072992700729927005,10,147,1,0,0,0,0,0,0
2021-02-20,train,9975805.96,9975805.96,1431,2287059.49,272,2021,2,20,5,7,1,1,0,0,0.8660254037844386,0.5000000000000001,-0.9749279121818236,-0.2225209339563146,Winter,0,8472277.53,12779623.4,11065663.93,7637034.42,916.0,1427.0,8996094.127142858,3359609.9633990675,6229033.29,14652382.15,8858917.830714285,2776521.484463539,6229033.29,14652382.15,8701163.138666667,2798354.172922041,5104895.7,16808163.46,0.5183823529411765,0.0,0.0,0.13345588235294117,102.13970588235294,0.007352941176470588,10,146,1,0,0,0,0,1,0
2021-02-21,train,12260296.1,12260296.1,1383,2589572.19,261,2021,2,21,6,7,1,1,0,0,0.8660254037844386,0.5000000000000001,-0.7818314824680299,0.6234898018587334,Winter,0,9975805.96,14652382.15,12715842.0,5796841.72,1431.0,1489.0,8595548.778571429,2978913.6755999844,6229033.29,14652382.15,8781070.832857143,2724684.862137701,6229033.29,14652382.15,8779122.19,2800263.6096214685,5104895.7,16808163.46,0.5210727969348659,0.0,0.0,0.14444444444444446,104.2183908045977,0.0038314176245210726,10,139,1,0,0,0,0,1,0
2021-02-22,train,6773463.92,6773463.92,866,1720126.79,270,2021,2,22,0,8,1,0,0,0,0.8660254037844386,0.5000000000000001,0.0,1.0,Winter,0,12260296.1,7694917.06,8677469.95,11819072.37,1383.0,901.0,8253822.200000001,2204966.4842204065,6229033.29,12260296.1,8748531.84,2676371.8278306257,6229033.29,14652382.15,8994570.669333333,2811520.9148850576,5104895.7,16808163.46,0.4703703703703704,0.0,0.0,0.1337037037037037,101.46666666666667,0.003703703703703704,10,146,1,0,0,0,0,0,0
2021-02-23,train,6990526.25,6990526.25,834,1845408.07,257,2021,2,23,1,8,1,0,0,0,0.8660254037844386,0.5000000000000001,0.7818314824680298,0.6234898018587336,Winter,0,6773463.92,6229033.29,7465902.53,9204756.02,866.0,957.0,8122186.037142857,2270427.724213203,6229033.29,12260296.1,8612531.409285715,2728136.2748884778,6229033.29,14652382.15,8826383.720999999,2787544.6224195356,5104895.7,16808163.46,0.556420233463035,0.0,0.0,0.14202334630350194,104.97665369649805,0.007782101167315175,10,152,1,0,0,0,0,0,0
2021-02-24,train,6384664.93,6384664.93,926,1312837.95,268,2021,2,24,2,8,1,0,0,0,0.8660254037844386,0.5000000000000001,0.9749279121818236,-0.22252093395631434,Winter,0,6990526.25,6433084.44,6530319.5,6644627.49,834.0,852.0,8230970.745714285,2181086.8875152036,6433084.44,12260296.1,8578575.960714286,2746402.672053597,6229033.29,14652382.15,8752576.062,2806430.5810343935,5104895.7,16808163.46,0.5298507462686567,0.0,0.0,0.14850746268656714,100.66044776119404,0.0037313432835820895,10,150,1,0,0,0,0,0,0
2021-02-25,train,6821571.86,6821571.86,938,1571139.94,281,2021,2,25,3,8,1,0,0,0,0.8660254037844386,0.5000000000000001,0.43388373911755823,-0.900968867902419,Winter,0,6384664.93,6711341.0200000005,7718690.82,16808163.46,926.0,916.0,8224053.672857143,2187805.4126198245,6384664.93,12260296.1,8568172.062857142,2755021.0803100257,6229033.29,14652382.15,8743910.643333334,2813556.032185769,5104895.7,16808163.46,0.5266903914590747,0.0,0.0,0.1412811387900356,103.99644128113879,0.0071174377224199285,10,153,1,0,0,0,0,0,0
2021-02-26,train,6877423.5,6877423.5,881,1899066.66,266,2021,2,26,4,8,1,0,0,0,0.8660254037844386,0.5000000000000001,-0.433883739117558,-0.9009688679024191,Winter,0,6821571.86,8472277.53,6878302.01,7897554.12,938.0,916.0,8239800.935714285,2175464.508719924,6384664.93,12260296.1,8504092.137142858,2786552.0679854923,6229033.29,14652382.15,8411024.256666666,2384617.668734416,5104895.7,14652382.15,0.5037593984962406,0.0,0.0,0.1349624060150376,102.74436090225564,0.018796992481203006,10,147,1,0,0,0,0,0,0
2021-02-27,train,12257593.02,12257593.02,1519,2184243.94,290,2021,2,27,5,8,1,1,0,0,0.8660254037844386,0.5000000000000001,-0.9749279121818236,-0.2225209339563146,Winter,0,6877423.5,9975805.96,12779623.4,8283270.5,881.0,1431.0,8011964.645714285,2229892.981638585,6384664.93,12260296.1,8504029.38642857,2786591.505228438,6229033.29,14652382.15,8377019.902666667,2399419.701195312,5104895.7,14652382.15,0.4793103448275862,0.0,0.0,0.13551724137931034,101.66896551724138,0.010344827586206896,10,161,1,0,0,0,0,1,0
2021-02-28,train,12526520.56,12526520.56,1477,2575526.51,281,2021,2,28,6,8,1,1,0,1,0.8660254037844386,0.5000000000000001,-0.7818314824680299,0.6234898018587334,Winter,0,12257593.02,12260296.1,14652382.15,6702827.13,1519.0,1383.0,8337934.225714286,2685126.647311476,6384664.93,12260296.1,8466741.502142858,2727851.6369977337,6229033.29,14652382.15,8509497.32,2501604.8845753917,5104895.7,14652382.15,0.5373665480427047,0.0,0.0,0.14199288256227757,103.79359430604983,0.0071174377224199285,10,152,1,0,0,0,0,1,0
2021-03-01,train,5378243.3100000005,5378243.3100000005,822,1153258.32,254,2021,3,1,0,9,1,0,1,0,1.0,6.123233995736766e-17,0.0,1.0,Summer,1,12526520.56,6773463.92,7694917.06,12122649.11,1477.0,866.0,8375966.2914285725,2751019.1570086177,6384664.93,12526520.56,8314894.245714285,2396024.2505407277,6229033.29,12526520.56,8703620.434333334,2581263.309974024,5104895.7,14652382.15,0.5118110236220472,0.0,0.0,0.1519685039370079,100.67716535433071,0.007874015748031496,10,139,1,0,0,0,0,0,0
2021-03-02,train,6686481.3,6686481.3,956,1478461.54,283,2021,3,2,1,9,1,0,0,0,1.0,6.123233995736766e-17,0.7818314824680298,0.6234898018587336,Summer,1,5378243.3100000005,6990526.25,6229033.29,9310912.43,822.0,834.0,8176649.061428572,2931122.541766127,5378243.3100000005,12526520.56,8149417.5492857145,2518978.8866477525,5378243.3100000005,12526520.56,8478806.907666666,2566876.743464059,5104895.7,14652382.15,0.47703180212014135,0.0,0.0,0.12367491166077739,106.7279151943463,0.0035335689045936395,10,148,1,0,0,0,0,0,0
2021-03-03,train,6878528.9,6878528.9,873,1690576.33,273,2021,3,3,2,9,1,0,0,0,1.0,6.123233995736766e-17,0.9749279121818236,-0.22252093395631434,Summer,1,6686481.3,6384664.93,6433084.44,7859465.6,956.0,926.0,8133214.068571429,2953793.678539387,5378243.3100000005,12526520.56,8182092.407142857,2495005.3171727057,5378243.3100000005,12526520.56,8391325.87,2582215.526896568,5104895.7,14652382.15,0.46153846153846156,0.0,0.0,0.1238095238095238,103.99267399267399,0.007326007326007326,10,157,1,0,0,0,0,0,0
2021-03-04,train,8195595.99,8195595.99,884,2035219.15,284,2021,3,4,3,9,1,0,0,0,1.0,6.123233995736766e-17,0.43388373911755823,-0.900968867902419,Summer,1,6878528.9,6821571.86,6711341.0200000005,6899503.9799999995,873.0,938.0,8203766.064285715,2910651.423817207,5378243.3100000005,12526520.56,8213909.868571429,2473735.045221819,5378243.3100000005,12526520.56,8358627.98,2595359.7754610055,5104895.7,14652382.15,0.5316901408450704,0.0,0.0,0.1419014084507042,99.46830985915493,0.01056338028169014,10,148,1,0,0,0,0,0,0
2021-03-05,train,7040147.65,7040147.65,903,1450152.36,278,2021,3,5,4,9,1,0,0,0,1.0,6.123233995736766e-17,-0.433883739117558,-0.9009688679024191,Summer,1,8195595.99,6877423.5,8472277.53,5104895.7,884.0,881.0,8400055.225714287,2847550.121107245,5378243.3100000005,12526520.56,8319928.080714285,2435901.5098920884,5378243.3100000005,12526520.56,8401831.047,2580980.96821792,5104895.7,14652382.15,0.49280575539568344,0.0,0.0,0.1356115107913669,102.38489208633094,0.007194244604316547,10,152,1,0,0,0,0,0,0
2021-03-06,train,10659684.43,10659684.43,1338,2234821.73,264,2021,3,6,5,9,1,1,0,0,1.0,6.123233995736766e-17,-0.9749279121818236,-0.2225209339563146,Summer,1,7040147.65,12257593.02,9975805.96,7748005.06,903.0,1519.0,8423301.532857144,2833678.6650356776,5378243.3100000005,12526520.56,8217633.089285715,2458973.17592545,5378243.3100000005,12526520.56,8466339.445333334,2519181.4418952377,5378243.3100000005,14652382.15,0.5189393939393939,0.0,0.0,0.14318181818181816,101.82575757575758,0.011363636363636364,10,146,1,0,0,0,0,1,0
2021-03-07,train,11756446.4,11756446.4,1297,2817397.98,256,2021,3,7,6,9,1,1,0,0,1.0,6.123233995736766e-17,-0.7818314824680299,0.6234898018587334,Summer,1,10659684.43,12526520.56,12260296.1,7170465.42,1338.0,1477.0,8195028.877142857,2520359.335389143,5378243.3100000005,12526520.56,8266481.551428571,2502985.517871811,5378243.3100000005,12526520.56,8563395.424333332,2546492.794490117,5378243.3100000005,14652382.15,0.46484375,0.0,0.0,0.129296875,107.41796875,0.0078125,10,146,1,0,0,0,0,1,0
2021-03-08,train,7058580.81,7058580.81,805,2017458.29,263,2021,3,8,0,10,1,0,0,0,1.0,6.123233995736766e-17,0.0,1.0,Summer,1,11756446.4,5378243.3100000005,6773463.92,11065663.93,1297.0,822.0,8085018.282857142,2307611.5117283366,5378243.3100000005,11756446.4,8230492.287142857,2444071.9703405765,5378243.3100000005,12526520.56,8716261.457,2597136.4923517467,5378243.3100000005,14652382.15,0.44866920152091255,0.0,0.0,0.11406844106463879,104.49809885931559,0.011406844106463879,10,145,1,0,0,0,0,0,0
2021-03-09,train,6219648.51,6219648.51,803,1500643.5599999998,259,2021,3,9,1,10,1,0,0,0,1.0,6.123233995736766e-17,0.7818314824680298,0.6234898018587336,Summer,1,7058580.81,6686481.3,6990526.25,12715842.0,805.0,956.0,8325066.497142858,2052397.2345403838,6686481.3,11756446.4,8250857.779285714,2432156.0497201644,5378243.3100000005,12526520.56,8582692.019666666,2575088.951572838,5378243.3100000005,14652382.15,0.47876447876447875,0.0,0.0,0.13050193050193049,102.47876447876448,0.0,10,147,1,0,0,0,0,0,0
2021-03-10,train,6594341.14,6594341.14,878,1317893.3,280,2021,3,10,2,10,1,0,0,0,1.0,6.123233995736766e-17,0.9749279121818236,-0.22252093395631434,Summer,1,6219648.51,6878528.9,6384664.93,8677469.95,803.0,873.0,8258376.098571428,2120954.8414787054,6219648.51,11756446.4,8195795.083571428,2471295.3404729823,5378243.3100000005,12526520.56,8366152.236666666,2487179.3446895517,5378243.3100000005,14652382.15,0.5321428571428571,0.0,0.0,0.15464285714285714,108.0,0.0,10,147,1,0,0,0,0,0,0
2021-03-11,train,6591700.04,6591700.04,860,1594611.43,283,2021,3,11,3,10,1,0,0,0,1.0,6.123233995736766e-17,0.43388373911755823,-0.900968867902419,Summer,1,6594341.14,8195595.99,6821571.86,7465902.53,878.0,884.0,8217777.8471428575,2154228.1356811137,6219648.51,11756446.4,8210771.955714285,2460084.904481979,5378243.3100000005,12526520.56,8296714.609666667,2507186.360961807,5378243.3100000005,14652382.15,0.5512367491166078,0.0,0.0,0.14169611307420496,104.02826855123675,0.007067137809187279,10,154,1,0,0,0,0,0,0
2021-03-12,train,7156038.4,7156038.4,877,1821614.5,269,2021,3,12,4,10,1,0,0,0,1.0,6.123233995736766e-17,-0.433883739117558,-0.9009688679024191,Summer,1,6591700.04,7040147.65,6877423.5,6530319.5,860.0,903.0,7988649.854285714,2240548.0246166624,6219648.51,11756446.4,8194352.54,2470813.836428581,5378243.3100000005,12526520.56,8267574.526666667,2522210.7957458636,5378243.3100000005,14652382.15,0.48698884758364314,0.0,0.0,0.13308550185873605,103.89219330855019,0.011152416356877323,10,150,1,0,0,0,0,0,0
2021-03-13,train,12440349.37,12440349.37,1537,2979753.71,308,2021,3,13,5,10,1,1,0,0,1.0,6.123233995736766e-17,-0.9749279121818236,-0.2225209339563146,Summer,1,7156038.4,10659684.43,12257593.02,7718690.82,877.0,1338.0,8005205.675714285,2232785.981660299,6219648.51,11756446.4,8214253.604285715,2460491.2362813107,5378243.3100000005,12526520.56,8288431.823333334,2509906.4302906194,5378243.3100000005,14652382.15,0.4935064935064935,0.0,0.0,0.1448051948051948,103.76298701298701,0.003246753246753247,10,155,1,0,0,0,0,1,0
2021-03-14,train,8345832.5,8345832.5,1249,1704829.12,241,2021,3,14,6,10,1,1,0,0,1.0,6.123233995736766e-17,-0.7818314824680299,0.6234898018587334,Summer,1,12440349.37,11756446.4,12526520.56,6878302.01,1537.0,1297.0,8259586.381428571,2648372.9208491603,6219648.51,12440349.37,8227307.629285714,2483965.9463474685,5378243.3100000005,12526520.56,8445820.441666666,2618633.2152455146,5378243.3100000005,14652382.15,0.5767634854771784,0.0,0.0,0.15020746887966807,103.36929460580913,0.012448132780082987,10,143,1,0,0,0,0,1,0
2021-03-15,train,6595247.82,6595247.82,886,1377345.48,288,2021,3,15,0,11,1,0,0,0,1.0,6.123233995736766e-17,0.0,1.0,Summer,1,8345832.5,7058580.81,5378243.3100000005,12779623.4,1249.0,805.0,7772355.824285714,2167984.0044040824,6219648.51,12440349.37,7928687.053571428,2157161.6953762015,5378243.3100000005,12440349.37,8494738.124666667,2601995.6063414505,5378243.3100000005,14652382.15,0.5034722222222222,0.0,0.0,0.13854166666666667,103.28125,0.013888888888888888,10,154,1,0,0,0,0,0,0
2021-03-16,train,5294271.42,5294271.42,901,1059272.19,272,2021,3,16,1,11,1,0,0,0,1.0,6.123233995736766e-17,0.7818314824680298,0.6234898018587336,Summer,1,6595247.82,6219648.51,6686481.3,14652382.15,886.0,803.0,7706165.397142857,2200241.203986857,6219648.51,12440349.37,8015615.947142857,2069206.6407006828,6219648.51,12440349.37,8288592.272,2493536.4109190344,5378243.3100000005,14652382.15,0.5183823529411765,0.0,0.0,0.14595588235294119,105.49264705882354,0.014705882352941176,10,143,1,0,0,0,0,0,0
2021-03-17,train,5774385.43,5774385.43,786,1042370.11,244,2021,3,17,2,11,1,0,0,0,1.0,6.123233995736766e-17,0.9749279121818236,-0.22252093395631434,Summer,1,5294271.42,6594341.14,6878528.9,7694917.06,901.0,878.0,7573968.67,2328502.2515512453,5294271.42,12440349.37,7916172.384285715,2169042.3338674703,5294271.42,12440349.37,7976655.247666666,2242712.2256373903,5294271.42,12526520.56,0.5245901639344263,0.0,0.0,0.1413934426229508,104.97131147540983,0.01639344262295082,10,138,1,0,0,0,0,0,0
2021-03-18,train,8439140.59,8439140.59,1024,1739261.57,308,2021,3,18,3,11,1,0,0,0,1.0,6.123233995736766e-17,0.43388373911755823,-0.900968867902419,Summer,1,5774385.43,6591700.04,8195595.99,6229033.29,786.0,860.0,7456832.14,2405352.3437813716,5294271.42,12440349.37,7837304.993571429,2228920.864144367,5294271.42,12440349.37,7912637.526666667,2278162.0962660317,5294271.42,12526520.56,0.5032467532467533,0.0,0.0,0.12597402597402596,102.75649350649351,0.00974025974025974,10,151,1,0,0,0,0,0,0
2021-03-19,train,6794325.46,6794325.46,887,1728371.32,277,2021,3,19,4,11,1,0,0,0,1.0,6.123233995736766e-17,-0.433883739117558,-0.9009688679024191,Summer,1,8439140.59,7156038.4,7040147.65,6433084.44,1024.0,877.0,7720752.218571429,2395941.6754095587,5294271.42,12440349.37,7854701.036428572,2232879.1998869716,5294271.42,12440349.37,7986307.77,2257481.940787182,5294271.42,12526520.56,0.4620938628158845,0.0,0.0,0.12960288808664258,103.75451263537906,0.007220216606498195,10,149,1,0,0,0,0,0,0
2021-03-20,train,8980810.54,8980810.54,1405,1662650.86,273,2021,3,20,5,11,1,1,0,0,1.0,6.123233995736766e-17,-0.9749279121818236,-0.2225209339563146,Summer,1,6794325.46,12440349.37,10659684.43,6711341.0200000005,887.0,1537.0,7669078.941428572,2413983.327093176,5294271.42,12440349.37,7837142.308571428,2240730.076689481,5294271.42,12440349.37,7998349.1373333335,2249861.9571071817,5294271.42,12526520.56,0.5531135531135531,0.0,0.0,0.1655677655677656,100.73626373626374,0.014652014652014652,10,152,1,0,0,0,0,1,0
2021-03-21,train,13238778.8,13238778.8,1427,3499774.96,284,2021,3,21,6,11,1,1,0,0,1.0,6.123233995736766e-17,-0.7818314824680299,0.6234898018587334,Summer,1,8980810.54,8345832.5,11756446.4,8472277.53,1405.0,1249.0,7174859.108571427,1426518.9917364232,5294271.42,8980810.54,7717222.744999999,2119710.244489366,5294271.42,12440349.37,8073998.121333334,2243239.9859727793,5294271.42,12526520.56,0.5070422535211268,0.0,0.0,0.1334507042253521,104.73591549295774,0.014084507042253521,10,148,1,0,0,0,0,1,0
2021-03-22,train,8476978.8,8476978.8,837,2054680.94,258,2021,3,22,0,12,1,0,0,0,1.0,6.123233995736766e-17,0.0,1.0,Summer,1,13238778.8,6595247.82,7058580.81,9975805.96,1427.0,886.0,7873851.437142856,2713839.531474356,5294271.42,13238778.8,7823103.630714285,2360354.15585282,5294271.42,13238778.8,8232881.497,2433180.5392772695,5294271.42,13238778.8,0.5038759689922481,0.0,0.0,0.13643410852713178,101.26356589147287,0.007751937984496124,10,137,1,0,0,0,0,0,0
2021-03-23,train,6325913.24,6325913.24,810,1115049.64,255,2021,3,23,1,12,1,0,0,0,1.0,6.123233995736766e-17,0.7818314824680298,0.6234898018587336,Summer,1,8476978.8,5294271.42,6219648.51,12260296.1,837.0,901.0,8142670.148571427,2658716.511286198,5294271.42,13238778.8,7924417.772857143,2355450.086856067,5294271.42,13238778.8,8182920.591666667,2411449.511240271,5294271.42,13238778.8,0.5411764705882353,0.0,0.0,0.16588235294117645,101.23137254901961,0.00392156862745098,10,142,1,0,0,0,0,0,0
2021-03-24,train,6395775.08,6395775.08,826,1443190.41,262,2021,3,24,2,12,1,0,0,0,1.0,6.123233995736766e-17,0.9749279121818236,-0.22252093395631434,Summer,1,6325913.24,5774385.43,6594341.14,6773463.92,810.0,786.0,8290047.551428571,2498260.414105496,5774385.43,13238778.8,7932008.110714286,2349698.1535850456,5294271.42,13238778.8,7985107.829666668,2306566.0564963515,5294271.42,13238778.8,0.4770992366412214,0.0,0.0,0.13435114503816795,103.65648854961832,0.015267175572519083,10,145,1,0,0,0,0,0,0
2021-03-25,train,7011181.17,7011181.17,898,1638839.99,281,2021,3,25,3,12,1,0,0,0,1.0,6.123233995736766e-17,0.43388373911755823,-0.900968867902419,Summer,1,6395775.08,8439140.59,6591700.04,6990526.25,826.0,1024.0,8378817.501428572,2403205.5723824366,6325913.24,13238778.8,7917824.820714286,2358974.6965838484,5294271.42,13238778.8,7972518.201666666,2314424.8177968697,5294271.42,13238778.8,0.5160142348754448,0.0,0.0,0.1423487544483986,105.48398576512456,0.0035587188612099642,10,156,1,0,0,0,0,0,0
2021-03-26,train,5418324.64,5418324.64,788,1368317.07,249,2021,3,26,4,12,1,0,0,0,1.0,6.123233995736766e-17,-0.433883739117558,-0.9009688679024191,Summer,1,7011181.17,6794325.46,7156038.4,6384664.93,898.0,887.0,8174823.298571428,2457230.0446916963,6325913.24,13238778.8,7947787.758571429,2343447.9518095152,5294271.42,13238778.8,7973206.699,2314125.6735331053,5294271.42,13238778.8,0.4738955823293173,0.0,0.0,0.1248995983935743,101.16465863453816,0.004016064257028112,10,137,1,0,0,0,0,0,0
2021-03-27,train,13225546.4,13225546.4,1354,2873424.51,265,2021,3,27,5,12,1,1,0,0,1.0,6.123233995736766e-17,-0.9749279121818236,-0.2225209339563146,Summer,1,5418324.64,8980810.54,12440349.37,6821571.86,788.0,1405.0,7978251.752857142,2634701.2771700043,5418324.64,13238778.8,7823665.3471428575,2432920.93102531,5294271.42,13238778.8,7940995.356,2343538.3035005503,5294271.42,13238778.8,0.4339622641509434,0.0,0.0,0.1169811320754717,103.27924528301887,0.0037735849056603774,10,144,1,0,0,0,0,1,0
2021-03-28,train,10663125.68,10663125.68,1436,2297845.22,280,2021,3,28,6,12,1,1,0,0,1.0,6.123233995736766e-17,-0.7818314824680299,0.6234898018587334,Summer,1,13225546.4,13238778.8,8345832.5,6877423.5,1354.0,1427.0,8584642.590000002,3306682.9547697427,5418324.64,13238778.8,7879750.849285714,2553592.713574615,5294271.42,13238778.8,8154461.174,2522856.363733345,5294271.42,13238778.8,0.4642857142857143,0.0,0.0,0.12857142857142856,102.07142857142857,0.017857142857142856,10,151,1,0,0,0,0,1,0
2021-03-29,train,18027987.8,18027987.8,2376,3431990.77,270,2021,3,29,0,13,1,0,0,0,1.0,6.123233995736766e-17,0.0,1.0,Summer,1,10663125.68,8476978.8,6595247.82,12257593.02,1436.0,837.0,8216692.144285715,2808211.422503118,5418324.64,13225546.4,8045271.790714286,2659051.9927667594,5294271.42,13238778.8,8280651.246666667,2551295.661900423,5294271.42,13238778.8,1.0,1.0,1.0,0.2,107.32222222222222,0.018518518518518517,10,152,1,1,1,1,0,0,1
2021-03-30,train,7330466.28,7330466.28,869,1635448.4,265,2021,3,30,1,13,1,0,0,0,1.0,6.123233995736766e-17,0.7818314824680298,0.6234898018587336,Summer,1,18027987.8,6325913.24,5294271.42,12526520.56,2376.0,810.0,9581122.001428572,4663303.546773769,5418324.64,18027987.8,8861896.075,3722416.9547578213,5294271.42,18027987.8,8472997.739333333,3033427.365645455,5294271.42,18027987.8,0.5358490566037736,0.0,0.0,0.15056603773584906,103.68679245283019,0.007547169811320755,10,146,1,0,0,0,0,0,0
2021-03-31,train,6535066.74,6535066.74,866,1611218.0,268,2021,3,31,2,13,1,0,0,1,1.0,6.123233995736766e-17,0.9749279121818236,-0.22252093395631434,Summer,1,7330466.28,6395775.08,5774385.43,5378243.3100000005,869.0,826.0,9724629.578571428,4560762.106255796,5418324.64,18027987.8,9007338.565,3610393.3952855165,5418324.64,18027987.8,8299795.929999999,2940930.715759107,5294271.42,18027987.8,0.5149253731343284,0.0,0.0,0.13955223880597015,102.68283582089552,0.0037313432835820895,10,154,1,0,0,0,0,0,0
2021-04-01,train,8381229.9399999995,8381229.9399999995,863,2100544.03,276,2021,4,1,3,13,2,0,1,0,0.8660254037844387,-0.4999999999999998,0.43388373911755823,-0.900968867902419,Summer,1,6535066.74,7011181.17,8439140.59,6686481.3,866.0,898.0,9744528.387142858,4544090.9070574185,5418324.64,18027987.8,9061672.944285715,3563414.9238114273,5418324.64,18027987.8,8338356.710999999,2908710.593347074,5294271.42,18027987.8,0.4855072463768116,0.0,0.0,0.12318840579710146,109.67028985507247,0.0,10,149,1,0,0,0,0,0,0
2021-04-02,train,6422045.14,6422045.14,930,1332672.08,282,2021,4,2,4,13,2,0,0,0,0.8660254037844387,-0.4999999999999998,-0.433883739117558,-0.9009688679024191,Summer,1,8381229.9399999995,5418324.64,6794325.46,6878528.9,863.0,788.0,9940249.64,4434933.69011667,5418324.64,18027987.8,9057536.469285714,3564226.6779565015,5418324.64,18027987.8,8394848.332333334,2891931.276914583,5294271.42,18027987.8,0.48936170212765956,0.0,0.0,0.13900709219858157,102.42198581560284,0.0035460992907801418,10,152,1,0,0,0,0,0,0
2021-04-03,train,11586254.86,11586254.86,1325,2763622.99,260,2021,4,3,5,13,2,1,0,0,0.8660254037844387,-0.4999999999999998,-0.9749279121818236,-0.2225209339563146,Summer,1,6422045.14,13225546.4,8980810.54,8195595.99,930.0,1354.0,10083638.282857144,4277808.163305976,6422045.14,18027987.8,9030945.017857144,3583745.833130898,5418324.64,18027987.8,8379632.207,2901370.132351929,5294271.42,18027987.8,0.5269230769230769,0.0,0.0,0.14961538461538462,100.78846153846153,0.015384615384615385,10,146,1,0,0,0,0,1,0
2021-04-04,train,9014295.78,9014295.78,1252,2190453.38,259,2021,4,4,6,13,2,1,0,0,0.8660254037844387,-0.4999999999999998,-0.7818314824680299,0.6234898018587334,Summer,1,11586254.86,10663125.68,13238778.8,7040147.65,1325.0,1436.0,9849453.777142856,4119066.0222636913,6422045.14,18027987.8,9217048.183571428,3648015.878441719,5418324.64,18027987.8,8492654.169333333,2959414.266910951,5294271.42,18027987.8,0.4942084942084942,0.0,0.0,0.1362934362934363,106.57915057915058,0.0,10,153,1,0,0,0,0,1,0
2021-04-05,train,5713856.01,5713856.01,800,1187097.59,261,2021,4,5,0,14,2,0,0,0,0.8660254037844387,-0.4999999999999998,0.0,1.0,Summer,1,9014295.78,18027987.8,8476978.8,10659684.43,1252.0,2376.0,9613906.64857143,4111919.2424958963,6422045.14,18027987.8,8915299.396428572,3459616.66173672,5418324.64,18027987.8,8558459.106999999,2947929.0064167264,5294271.42,18027987.8,0.5095785440613027,0.0,0.0,0.14061302681992338,101.60919540229885,0.0038314176245210726,10,148,1,0,0,0,0,0,0
2021-04-06,train,8366285.62,8366285.62,909,2126307.2,289,2021,4,6,1,14,2,0,0,0,0.8660254037844387,-0.4999999999999998,0.7818314824680298,0.6234898018587336,Summer,1,5713856.01,7330466.28,6325913.24,11756446.4,800.0,869.0,7854744.964285715,2008248.1454089668,5713856.01,11586254.86,8717933.482857144,3563793.1969446614,5418324.64,18027987.8,8393598.159666667,2964616.171830543,5294271.42,18027987.8,0.5121107266435986,0.0,0.0,0.14567474048442908,107.32525951557093,0.006920415224913495,10,157,1,0,0,0,0,0,0
2021-04-07,train,6904283.1,6904283.1,912,1839611.4,277,2021,4,7,2,14,2,0,0,0,0.8660254037844387,-0.4999999999999998,0.9749279121818236,-0.22252093395631434,Summer,1,8366285.62,6535066.74,6395775.08,7058580.81,909.0,866.0,8002719.155714286,2001328.5110804522,5713856.01,11586254.86,8863674.367142858,3499589.152369152,5418324.64,18027987.8,8280592.800333333,2895825.8526193835,5294271.42,18027987.8,0.48014440433212996,0.0,0.0,0.13465703971119133,100.51985559566786,0.0036101083032490976,10,145,1,0,0,0,0,0,0
2021-04-08,train,8904791.34,8904791.34,856,2440988.25,274,2021,4,8,3,14,2,0,0,0,0.8660254037844387,-0.4999999999999998,0.43388373911755823,-0.900968867902419,Summer,1,6904283.1,8381229.9399999995,7011181.17,6219648.51,912.0,863.0,8055464.35,1960653.7439538082,5713856.01,11586254.86,8899996.368571429,3474554.0087590264,5418324.64,18027987.8,8275449.543333333,2898207.1460806816,5294271.42,18027987.8,0.4562043795620438,0.0,0.0,0.12737226277372263,110.56934306569343,0.0,10,158,1,0,0,0,0,0,0
2021-04-09,train,7020525.76,7020525.76,828,1448794.15,266,2021,4,9,4,14,2,0,0,0,0.8660254037844387,-0.4999999999999998,-0.433883739117558,-0.9009688679024191,Summer,1,8904791.34,6422045.14,5418324.64,6594341.14,856.0,930.0,8130258.835714285,1984987.4992361232,5713856.01,11586254.86,9035254.237857142,3431966.320635906,5418324.64,18027987.8,8364954.304333333,2873889.3226555157,5294271.42,18027987.8,0.5375939849624061,0.0,0.0,0.15639097744360902,100.46992481203007,0.011278195488721804,10,141,1,0,0,0,0,0,0
2021-04-10,train,10509388.23,10509388.23,1365,2097060.66,266,2021,4,10,5,14,2,1,0,0,0.8660254037844387,-0.4999999999999998,-0.9749279121818236,-0.2225209339563146,Summer,1,7020525.76,11586254.86,13225546.4,6591700.04,828.0,1325.0,8215756.067142857,1910645.4958894935,5713856.01,11586254.86,9149697.174999999,3327192.1317357556,5713856.01,18027987.8,8379160.458333333,2865877.238365675,5294271.42,18027987.8,0.48872180451127817,0.0,0.0,0.12781954887218044,101.99248120300751,0.0037593984962406013,10,142,1,0,0,0,0,1,0
2021-04-11,train,9665292.03,9665292.03,1287,2227585.21,263,2021,4,11,6,14,2,1,0,0,0.8660254037844387,-0.4999999999999998,-0.7818314824680299,0.6234898018587334,Summer,1,10509388.23,9014295.78,10663125.68,7156038.4,1365.0,1252.0,8061917.977142856,1614425.6226325093,5713856.01,10509388.23,8955685.877142858,3145472.2618106557,5713856.01,18027987.8,8509750.064666666,2870873.7362168687,5294271.42,18027987.8,0.5171102661596958,0.0,0.0,0.13650190114068442,105.88212927756653,0.011406844106463879,10,142,1,0,0,0,0,1,0
2021-04-12,train,6958023.17,6958023.17,907,1520938.27,274,2021,4,12,0,15,2,0,0,0,0.8660254037844387,-0.4999999999999998,0.0,1.0,Summer,1,9665292.03,5713856.01,18027987.8,12440349.37,1287.0,800.0,8154917.441428572,1695162.8789771562,5713856.01,10509388.23,8884412.045,3114964.0759921162,5713856.01,18027987.8,8593391.852333333,2866623.796763567,5294271.42,18027987.8,0.5437956204379562,0.0,0.0,0.141970802919708,102.0912408759124,0.010948905109489052,10,149,1,0,0,0,0,0,0
2021-04-13,train,6869079.79,6869079.79,817,1857448.6,262,2021,4,13,1,15,2,0,0,0,0.8660254037844387,-0.4999999999999998,0.7818314824680298,0.6234898018587336,Summer,1,6958023.17,8366285.62,7330466.28,8345832.5,907.0,909.0,8332655.607142857,1443035.118172966,6904283.1,10509388.23,8093700.285714285,1698231.2253966923,5713856.01,11586254.86,8410647.645666666,2786555.858386166,5294271.42,18027987.8,0.5038167938931297,0.0,0.0,0.14541984732824428,107.55725190839695,0.003816793893129771,10,146,1,0,0,0,0,0,0
2021-04-14,train,5529609.68,5529609.68,833,1357043.29,274,2021,4,14,2,15,2,0,0,0,0.8660254037844387,-0.4999999999999998,0.9749279121818236,-0.22252093395631434,Summer,1,6869079.79,6904283.1,6535066.74,6595247.82,817.0,912.0,8118769.0600000005,1544603.1379776571,6869079.79,10509388.23,8060744.107857143,1718537.4933731402,5713856.01,11586254.86,8361422.555333333,2800747.7460323214,5294271.42,18027987.8,0.5072992700729927,0.0,0.0,0.12883211678832115,103.48175182481752,0.0072992700729927005,10,151,1,0,0,0,0,0,0
2021-04-15,train,5405007.8100000005,5405007.8100000005,920,1139549.55,281,2021,4,15,3,15,2,0,0,0,0.8660254037844387,-0.4999999999999998,0.43388373911755823,-0.900968867902419,Summer,1,5529609.68,8904791.34,8381229.9399999995,5294271.42,833.0,856.0,7922387.142857143,1792279.845589712,5529609.68,10509388.23,7988925.746428572,1805985.0134022601,5529609.68,11586254.86,8325901.283999999,2830519.55943457,5294271.42,18027987.8,0.45195729537366547,0.0,0.0,0.12028469750889678,103.33807829181495,0.0071174377224199285,10,140,1,0,0,0,0,0,0
2021-04-16,train,7438890.43,7438890.43,845,1726622.45,274,2021,4,16,4,15,2,0,0,0,0.8660254037844387,-0.4999999999999998,-0.433883739117558,-0.9009688679024191,Summer,1,5405007.8100000005,7020525.76,6422045.14,5774385.43,920.0,828.0,7422418.067142857,1953454.181344791,5405007.8100000005,10509388.23,7776338.451428572,1927345.456284848,5405007.8100000005,11586254.86,8329592.4969999995,2826499.1055493397,5405007.8100000005,18027987.8,0.5401459854014599,0.0,0.0,0.14744525547445256,101.68978102189782,0.0072992700729927005,10,150,1,0,0,0,0,0,0
2021-04-17,train,11166444.07,11166444.07,1458,2302446.78,280,2021,4,17,5,15,2,1,0,0,0.8660254037844387,-0.4999999999999998,-0.9749279121818236,-0.2225209339563146,Summer,1,7438890.43,10509388.23,11586254.86,8439140.59,845.0,1365.0,7482184.448571429,1945492.6197681793,5405007.8100000005,10509388.23,7848970.257857143,1891204.1765401713,5405007.8100000005,11586254.86,8385075.9969999995,2790721.900612624,5405007.8100000005,18027987.8,0.4928571428571429,0.0,0.0,0.1367857142857143,104.36071428571428,0.0035714285714285713,10,148,1,0,0,0,0,1,0
2021-04-18,train,13956781.42,13956781.42,1564,3779751.9,297,2021,4,18,6,15,2,1,0,0,0.8660254037844387,-0.4999999999999998,-0.7818314824680299,0.6234898018587334,Summer,1,11166444.07,9665292.03,9014295.78,6794325.46,1458.0,1287.0,7576049.568571429,2123588.9746668637,5405007.8100000005,11166444.07,7818983.772857144,1829717.0805388137,5405007.8100000005,11166444.07,8475986.113,2836589.0089899963,5405007.8100000005,18027987.8,0.5185185185185185,0.0,0.0,0.1292929292929293,105.52525252525253,0.0,10,152,1,0,0,0,0,1,0
2021-04-19,train,6067936.2,6067936.2,856,1303692.9,271,2021,4,19,0,16,2,0,0,0,0.8660254037844387,-0.4999999999999998,0.0,1.0,Summer,1,13956781.42,6958023.17,5713856.01,8980810.54,1564.0,907.0,8189119.481428571,3182650.956639875,5405007.8100000005,13956781.42,8172018.461428572,2449821.9718170348,5405007.8100000005,13956781.42,8714734.645,2987571.8878736966,5405007.8100000005,18027987.8,0.45018450184501846,0.0,0.0,0.11992619926199262,106.05535055350553,0.0,10,147,1,0,0,0,0,0,0
2021-04-20,train,7450241.51,7450241.51,890,1491932.63,288,2021,4,20,1,16,2,0,0,0,0.8660254037844387,-0.4999999999999998,0.7818314824680298,0.6234898018587336,Summer,1,6067936.2,6869079.79,8366285.62,13238778.8,856.0,817.0,8061964.2,3256947.5432536798,5405007.8100000005,13956781.42,8197309.903571428,2424185.89575605,5405007.8100000005,13956781.42,8617638.833666665,3025716.8173234407,5405007.8100000005,18027987.8,0.4861111111111111,0.0,0.0,0.14097222222222222,106.99305555555556,0.003472222222222222,10,156,1,0,0,0,0,0,0
2021-04-21,train,8646181.52,8646181.52,976,2157448.88,311,2021,4,21,2,16,2,0,0,0,0.8660254037844387,-0.4999999999999998,0.9749279121818236,-0.22252093395631434,Summer,1,7450241.51,5529609.68,6904283.1,8476978.8,890.0,833.0,8144987.302857143,3228756.865565566,5405007.8100000005,13956781.42,8131878.181428571,2431625.3568917806,5405007.8100000005,13956781.42,8424687.590666667,2902940.7322752867,5405007.8100000005,18027987.8,0.5048231511254019,0.0,0.0,0.132475884244373,109.17363344051446,0.0,10,156,1,0,0,0,0,0,0
2021-04-22,train,7979324.56,7979324.56,828,1870965.53,266,2021,4,22,3,16,2,0,0,0,0.8660254037844387,-0.4999999999999998,0.43388373911755823,-0.900968867902419,Summer,1,8646181.52,5405007.8100000005,8904791.34,6325913.24,976.0,920.0,8590211.85142857,3015864.9014896154,5405007.8100000005,13956781.42,8256299.497142857,2408434.1120718806,5405007.8100000005,13956781.42,8430327.681333333,2903210.19010207,5405007.8100000005,18027987.8,0.48872180451127817,0.0,0.0,0.13834586466165413,102.93984962406014,0.0037593984962406013,10,150,1,0,0,0,0,0,0
2021-04-23,train,7775806.67,7775806.67,875,1997473.38,278,2021,4,23,4,16,2,0,0,0,0.8660254037844387,-0.4999999999999998,-0.433883739117558,-0.9009688679024191,Summer,1,7979324.56,7438890.43,7020525.76,6395775.08,828.0,845.0,8957971.387142856,2703503.1468065134,6067936.2,13956781.42,8190194.727142856,2401957.6793717435,5405007.8100000005,13956781.42,8485441.391999999,2877462.788464381,5405007.8100000005,18027987.8,0.4784172661870504,0.0,0.0,0.12086330935251799,98.62230215827338,0.007194244604316547,10,154,1,0,0,0,0,0,0
2021-04-24,train,11030895.12,11030895.12,1373,1876840.43,271,2021,4,24,5,16,2,1,0,0,0.8660254037844387,-0.4999999999999998,-0.9749279121818236,-0.2225209339563146,Summer,1,7775806.67,11166444.07,10509388.23,7011181.17,875.0,1458.0,9006102.278571429,2674797.9977901056,6067936.2,13956781.42,8244143.363571429,2382065.2740749368,5405007.8100000005,13956781.42,8531442.445,2853838.093828212,5405007.8100000005,18027987.8,0.5055350553505535,0.0,0.0,0.13911439114391144,108.98892988929889,0.0036900369003690036,10,152,1,0,0,0,0,1,0
2021-04-25,train,12187584.31,12187584.31,1523,3091019.44,300,2021,4,25,6,16,2,1,0,0,0.8660254037844387,-0.4999999999999998,-0.7818314824680299,0.6234898018587334,Summer,1,11030895.12,13956781.42,9665292.03,5418324.64,1373.0,1564.0,8986738.142857142,2656982.9563038726,6067936.2,13956781.42,8281393.855714285,2423923.698789066,5405007.8100000005,13956781.42,8665432.91,2874290.497741101,5405007.8100000005,18027987.8,0.53,0.0,0.0,0.14,102.04,0.006666666666666667,10,158,1,0,0,0,0,1,0
2021-04-26,train,6708611.0200000005,6708611.0200000005,888,1780388.94,282,2021,4,26,0,17,2,0,0,0,0.8660254037844387,-0.4999999999999998,0.0,1.0,Summer,1,12187584.31,6067936.2,6958023.17,13225546.4,1523.0,856.0,8733995.698571429,2139091.9174411055,6067936.2,12187584.31,8461557.59,2620466.83128735,5405007.8100000005,13956781.42,8891074.899,2876295.74547783,5405007.8100000005,18027987.8,0.49645390070921985,0.0,0.0,0.12659574468085108,97.93971631205673,0.0070921985815602835,10,160,1,0,0,0,0,0,0
2021-04-27,train,6904446.79,6904446.79,828,1615305.04,256,2021,4,27,1,17,2,0,0,0,0.8660254037844387,-0.4999999999999998,0.7818314824680298,0.6234898018587336,Summer,1,6708611.0200000005,7450241.51,6869079.79,10663125.68,888.0,890.0,8825520.672857141,2016182.7582263027,6708611.0200000005,12187584.31,8443742.436428571,2632295.955855887,5405007.8100000005,13956781.42,8673843.719666667,2782203.685496284,5405007.8100000005,18027987.8,0.53125,0.0,0.0,0.14921875,102.81640625,0.00390625,10,142,1,0,0,0,0,0,0
2021-04-28,train,5596358.94,5596358.94,813,922347.64,274,2021,4,28,2,17,2,0,0,0,0.8660254037844387,-0.4999999999999998,0.9749279121818236,-0.22252093395631434,Summer,1,6904446.79,8646181.52,5529609.68,18027987.8,828.0,976.0,8747549.998571428,2087523.7959793785,6708611.0200000005,12187584.31,8446268.650714286,2630684.9836589685,5405007.8100000005,13956781.42,8548554.423333334,2774152.0209433567,5405007.8100000005,18027987.8,0.5109489051094891,0.0,0.0,0.14562043795620438,100.86496350364963,0.0072992700729927005,10,143,1,0,0,0,0,0,0
2021-04-29,train,7936855.16,7936855.16,942,1474482.2,293,2021,4,29,3,17,2,0,0,0,0.8660254037844387,-0.4999999999999998,0.43388373911755823,-0.900968867902419,Summer,1,5596358.94,7979324.56,5405007.8100000005,7330466.28,813.0,828.0,8311861.058571429,2406154.9252138534,5596358.94,12187584.31,8451036.455,2625046.7079009614,5405007.8100000005,13956781.42,8134166.794666666,2172603.3283566968,5405007.8100000005,13956781.42,0.515358361774744,0.0,0.0,0.14470989761092148,98.70307167235495,0.013651877133105802,10,143,1,0,0,0,0,0,0
2021-04-30,train,6666170.74,6666170.74,812,1758358.3800000001,252,2021,4,30,4,17,2,0,0,1,0.8660254037844387,-0.4999999999999998,-0.433883739117558,-0.9009688679024191,Summer,1,7936855.16,7775806.67,7438890.43,6535066.74,942.0,875.0,8305794.0014285715,2407186.4760057502,5596358.94,12187584.31,8631882.694285715,2482392.2963525467,5596358.94,13956781.42,8154379.757333334,2167683.4281635997,5405007.8100000005,13956781.42,0.4365079365079365,0.0,0.0,0.12301587301587301,102.71428571428571,0.015873015873015872,10,139,1,0,0,0,0,0,0
2021-05-01,train,11281449.03,11281449.03,1274,2583883.86,258,2021,5,1,5,17,2,1,1,0,0.49999999999999994,-0.8660254037844387,-0.9749279121818236,-0.2225209339563146,Summer,1,6666170.74,11030895.12,11166444.07,8381229.9399999995,812.0,1373.0,8147274.582857142,2483239.1282047736,5596358.94,12187584.31,8576688.430714285,2519274.5127732498,5596358.94,13956781.42,8158749.890666666,2164435.981214667,5405007.8100000005,13956781.42,0.4573643410852713,0.0,0.0,0.13178294573643412,107.67054263565892,0.007751937984496124,10,143,1,0,0,0,0,1,0
2021-05-02,train,9986648.51,9986648.51,1335,1979942.6,282,2021,5,2,6,17,2,1,0,0,0.49999999999999994,-0.8660254037844387,-0.7818314824680299,0.6234898018587334,Summer,1,11281449.03,12187584.31,13956781.42,6422045.14,1274.0,1523.0,8183067.9985714285,2533037.4812898356,5596358.94,12187584.31,8584903.070714286,2528539.0099530607,5596358.94,13956781.42,8255423.860333334,2238226.5704288166,5405007.8100000005,13956781.42,0.5,0.0,0.0,0.1421985815602837,101.177304964539,0.0070921985815602835,10,154,1,0,0,0,0,1,0
2021-05-03,train,8146904.84,8146904.84,862,1889913.49,275,2021,5,3,0,18,2,0,0,0,0.49999999999999994,-0.8660254037844387,0.0,1.0,Summer,1,9986648.51,6708611.0200000005,6067936.2,11586254.86,1335.0,888.0,7868648.598571428,2042156.056261285,5596358.94,11281449.03,8301322.148571429,2058707.2707908696,5596358.94,12187584.31,8374243.972666666,2232150.6709683407,5405007.8100000005,13956781.42,0.5272727272727272,0.0,0.0,0.14,103.56727272727272,0.0036363636363636364,10,153,1,0,0,0,0,0,0
2021-05-04,train,6145163.47,6145163.47,835,1471249.26,266,2021,5,4,1,18,2,0,0,0,0.49999999999999994,-0.8660254037844387,0.7818314824680298,0.6234898018587336,Summer,1,8146904.84,6904446.79,7450241.51,9014295.78,862.0,828.0,8074119.144285715,1977313.8549073364,5596358.94,11281449.03,8449819.908571428,1957720.27687334,5596358.94,12187584.31,8259598.972,2148237.182490331,5405007.8100000005,13956781.42,0.5037593984962406,0.0,0.0,0.13721804511278196,100.54511278195488,0.007518796992481203,10,155,1,0,0,0,0,0,0
2021-05-05,train,7535884.99,7535884.99,873,1720246.42,284,2021,5,5,2,18,2,0,0,0,0.49999999999999994,-0.8660254037844387,0.9749279121818236,-0.22252093395631434,Summer,1,6145163.47,5596358.94,8646181.52,5713856.01,835.0,813.0,7965650.098571428,2070788.8321717188,5596358.94,11281449.03,8356600.048571428,2038387.7113850696,5596358.94,12187584.31,8163961.2283333335,2177151.252047667,5405007.8100000005,13956781.42,0.5176056338028169,0.0,0.0,0.13309859154929576,103.26760563380282,0.0035211267605633804,10,148,1,0,0,0,0,0,0
2021-05-06,train,6856273.01,6856273.01,807,1652506.04,258,2021,5,6,3,18,2,0,0,0,0.49999999999999994,-0.8660254037844387,0.43388373911755823,-0.900968867902419,Summer,1,7535884.99,7936855.16,7979324.56,8366285.62,873.0,942.0,8242725.2485714285,1814881.1397219503,6145163.47,11281449.03,8277293.153571429,2047831.491217388,5596358.94,12187584.31,8224695.5276666675,2131378.412503388,5405007.8100000005,13956781.42,0.42248062015503873,0.0,0.0,0.12441860465116279,101.34496124031008,0.007751937984496124,10,145,1,0,0,0,0,0,0
2021-05-07,train,6025761.7299999995,6025761.7299999995,831,1178171.53,274,2021,5,7,4,18,2,0,0,0,0.49999999999999994,-0.8660254037844387,-0.433883739117558,-0.9009688679024191,Summer,1,6856273.01,6666170.74,7775806.67,6904283.1,807.0,812.0,8088356.37,1889649.277510155,6145163.47,11281449.03,8197075.185714285,2082110.6832698223,5596358.94,12187584.31,8174361.774,2145701.1715580598,5405007.8100000005,13956781.42,0.5072992700729927,0.0,0.0,0.13686131386861314,105.7992700729927,0.0,10,148,1,0,0,0,0,0,0
2021-05-08,train,11416858.7,11416858.7,1284,2978445.46,248,2021,5,8,5,18,2,1,0,0,0.49999999999999994,-0.8660254037844387,-0.9749279121818236,-0.2225209339563146,Summer,1,6025761.7299999995,11281449.03,11030895.12,8904791.34,831.0,1274.0,7996869.368571429,1983168.4217741652,6025761.7299999995,11281449.03,8072071.975714286,2160409.1028448185,5596358.94,12187584.31,8145077.728333334,2169495.6323290686,5405007.8100000005,13956781.42,0.47580645161290325,0.0,0.0,0.13548387096774195,106.96370967741936,0.008064516129032258,10,136,1,0,0,0,0,1,0
2021-05-09,train,10501326.91,10501326.91,1359,2093397.56,278,2021,5,9,6,18,2,1,0,0,0.49999999999999994,-0.8660254037844387,-0.7818314824680299,0.6234898018587334,Summer,1,11416858.7,9986648.51,12187584.31,7020525.76,1284.0,1335.0,8016213.607142857,2020849.079495508,6025761.7299999995,11416858.7,8099640.802857143,2203111.4476521695,5596358.94,12187584.31,8228813.307,2246926.361935969,5405007.8100000005,13956781.42,0.5503597122302158,0.0,0.0,0.14856115107913667,101.7158273381295,0.0035971223021582736,10,145,1,0,0,0,0,1,0
2021-05-10,train,7422336.18,7422336.18,886,1722884.22,282,2021,5,10,0,19,2,0,0,0,0.49999999999999994,-0.8660254037844387,0.0,1.0,Summer,1,10501326.91,8146904.84,6708611.0200000005,10509388.23,1359.0,862.0,8089739.092857143,2111804.854260935,6025761.7299999995,11416858.7,7979193.845714286,1999073.056866231,5596358.94,11416858.7,8344840.011999999,2272110.955236846,5405007.8100000005,13956781.42,0.5106382978723404,0.0,0.0,0.14326241134751772,106.17375886524823,0.0035460992907801418,10,147,1,0,0,0,0,0,0
2021-05-11,train,7258287.55,7258287.55,972,1480465.82,302,2021,5,11,1,19,2,0,0,0,0.49999999999999994,-0.8660254037844387,0.7818314824680298,0.6234898018587336,Summer,1,7422336.18,6145163.47,6904446.79,9665292.03,886.0,835.0,7986229.284285714,2126243.840556653,6025761.7299999995,11416858.7,8030174.214285715,1973110.2721357623,5596358.94,11416858.7,8241938.277,2240383.5794910355,5405007.8100000005,13956781.42,0.543046357615894,0.0,0.0,0.14602649006622517,106.43046357615894,0.006622516556291391,10,156,1,0,0,0,0,0,0
2021-05-12,train,5652663.58,5652663.58,799,1214127.07,255,2021,5,12,2,19,2,0,0,0,0.49999999999999994,-0.8660254037844387,0.9749279121818236,-0.22252093395631434,Summer,1,7258287.55,7535884.99,5596358.94,6958023.17,972.0,873.0,8145247.01,2003698.5216250557,6025761.7299999995,11416858.7,8055448.554285714,1959802.533128484,5596358.94,11416858.7,8161704.794333333,2230731.6675728853,5405007.8100000005,13956781.42,0.5137254901960784,0.0,0.0,0.15254901960784314,106.1921568627451,0.011764705882352941,10,143,1,0,0,0,0,0,0
2021-05-13,train,7458037.29,7458037.29,1027,1509915.55,317,2021,5,13,3,19,2,0,0,0,0.49999999999999994,-0.8660254037844387,0.43388373911755823,-0.900968867902419,Summer,1,5652663.58,6856273.01,7936855.16,6869079.79,799.0,807.0,7876215.38,2214492.061846369,5652663.58,11416858.7,8059470.314285715,1954418.3681902962,5652663.58,11416858.7,8118192.808,2267448.733272007,5405007.8100000005,13956781.42,0.5110410094637224,0.0,0.0,0.15583596214511042,99.64984227129338,0.01892744479495268,10,164,1,0,0,0,0,0,0
2021-05-14,train,18520638.43,18520638.43,2348,3395836.55,265,2021,5,14,4,19,2,0,0,0,0.49999999999999994,-0.8660254037844387,-0.433883739117558,-0.9009688679024191,Summer,1,7458037.29,6025761.7299999995,6666170.74,5529609.68,1027.0,831.0,7962181.705714285,2179706.003288082,5652663.58,11416858.7,8025269.037857143,1960907.876023545,5652663.58,11416858.7,8137824.724666666,2258793.9152392703,5405007.8100000005,13956781.42,1.0,1.0,1.0,0.2,103.56981132075472,0.01509433962264151,10,145,1,1,1,1,0,0,1
2021-05-15,train,11547458.42,11547458.42,1211,2952302.67,254,2021,5,15,5,19,2,1,0,0,0.49999999999999994,-0.8660254037844387,-0.9749279121818236,-0.2225209339563146,Summer,1,18520638.43,11416858.7,11281449.03,5405007.8100000005,2348.0,1284.0,9747164.091428572,4357653.436191655,5652663.58,18520638.43,8872016.73,3377014.651268489,5652663.58,18520638.43,8570859.016333334,2896709.324339765,5405007.8100000005,18520638.43,0.44881889763779526,0.0,0.0,0.12362204724409448,105.68110236220473,0.011811023622047244,10,140,1,0,0,0,0,1,0
2021-05-16,train,11455353.56,11455353.56,1340,2638382.48,274,2021,5,16,6,19,2,1,0,0,0.49999999999999994,-0.8660254037844387,-0.7818314824680299,0.6234898018587334,Summer,1,11547458.42,10501326.91,9986648.51,7438890.43,1211.0,1359.0,9765821.194285715,4366264.684886126,5652663.58,18520638.43,8891017.400714286,3392327.6928629917,5652663.58,18520638.43,8775607.37,2882268.5981297577,5596358.94,18520638.43,0.5328467153284672,0.0,0.0,0.14963503649635038,104.32481751824818,0.01824817518248175,10,150,1,0,0,0,0,1,0
2021-05-17,train,5401230.64,5401230.64,820,1436704.22,265,2021,5,17,0,20,2,0,0,0,0.49999999999999994,-0.8660254037844387,0.0,1.0,Summer,1,11455353.56,7422336.18,8146904.84,11166444.07,1340.0,886.0,9902110.715714287,4407741.880530429,5652663.58,18520638.43,8995924.904285714,3451018.439587567,5652663.58,18520638.43,8909489.474333333,2911174.610729327,5596358.94,18520638.43,0.5169811320754717,0.0,0.0,0.1479245283018868,104.02641509433963,0.01509433962264151,10,146,1,0,0,0,0,0,0
2021-05-18,train,6597044.54,6597044.54,804,1869552.44,258,2021,5,18,1,20,2,0,0,0,0.49999999999999994,-0.8660254037844387,0.7818314824680298,0.6234898018587336,Summer,1,5401230.64,7258287.55,6145163.47,13956781.42,820.0,972.0,9613381.352857143,4656433.150410393,5401230.64,18520638.43,8799805.31857143,3578637.243983899,5401230.64,18520638.43,8717315.693333333,2947116.0885900217,5401230.64,18520638.43,0.5038759689922481,0.0,0.0,0.13023255813953488,107.8953488372093,0.0,10,140,1,0,0,0,0,0,0
2021-05-19,train,8473273.83,8473273.83,915,1992585.16,285,2021,5,19,2,20,2,0,0,0,0.49999999999999994,-0.8660254037844387,0.9749279121818236,-0.22252093395631434,Summer,1,6597044.54,5652663.58,7535884.99,6067936.2,804.0,799.0,9518918.065714285,4718466.839017758,5401230.64,18520638.43,8832082.537857143,3554810.663046424,5401230.64,18520638.43,8471991.130666666,2798505.3176865275,5401230.64,18520638.43,0.5017543859649123,0.0,0.0,0.14105263157894737,106.50877192982456,0.007017543859649123,10,155,1,0,0,0,0,0,0
2021-05-20,train,6627314.99,6627314.99,874,1587380.26,267,2021,5,20,3,20,2,0,0,0,0.49999999999999994,-0.8660254037844387,0.43388373911755823,-0.900968867902419,Summer,1,8473273.83,7458037.29,6856273.01,7450241.51,915.0,1027.0,9921862.387142856,4445830.91411938,5401230.64,18520638.43,8899038.883571427,3537303.15055383,5401230.64,18520638.43,8552169.051666668,2761465.0968072265,5401230.64,18520638.43,0.47191011235955055,0.0,0.0,0.13183520599250936,104.3932584269663,0.00749063670411985,10,148,1,0,0,0,0,0,0
2021-05-21,train,7113170.03,7113170.03,941,1682220.17,289,2021,5,21,4,20,2,0,0,0,0.49999999999999994,-0.8660254037844387,-0.433883739117558,-0.9009688679024191,Summer,1,6627314.99,18520638.43,6025761.7299999995,8646181.52,874.0,2348.0,9803187.772857143,4532797.110979343,5401230.64,18520638.43,8882684.739285715,3547987.177453149,5401230.64,18520638.43,8524738.167666666,2776832.977700913,5401230.64,18520638.43,0.5501730103806228,0.0,0.0,0.14809688581314878,107.47404844290658,0.0034602076124567475,10,150,1,0,0,0,0,0,0
2021-05-22,train,11346552.64,11346552.64,1399,2330913.23,271,2021,5,22,5,20,2,1,0,0,0.49999999999999994,-0.8660254037844387,-0.9749279121818236,-0.2225209339563146,Summer,1,7113170.03,11547458.42,11416858.7,7979324.56,941.0,1211.0,8173549.43,2447096.902229615,5401230.64,11547458.42,8960356.760714287,3492095.2622970627,5401230.64,18520638.43,8473637.784666667,2788601.669361086,5401230.64,18520638.43,0.5313653136531366,0.0,0.0,0.14059040590405905,104.47232472324723,0.01107011070110701,10,143,1,0,0,0,0,1,0
2021-05-23,train,11225452.4,11225452.4,1458,2445857.93,296,2021,5,23,6,20,2,1,0,0,0.49999999999999994,-0.8660254037844387,-0.7818314824680299,0.6234898018587334,Summer,1,11346552.64,11455353.56,10501326.91,7775806.67,1399.0,1340.0,8144848.604285715,2401687.6298935227,5401230.64,11455353.56,8955334.899285715,3488339.445173166,5401230.64,18520638.43,8585878.720666667,2835392.280899986,5401230.64,18520638.43,0.5236486486486487,0.0,0.0,0.13445945945945945,103.2804054054054,0.010135135135135136,10,160,1,0,0,0,0,1,0
2021-05-24,train,6748385.33,6748385.33,690,1624783.7,233,2021,5,24,0,21,2,0,0,0,0.49999999999999994,-0.8660254037844387,0.0,1.0,Summer,1,11225452.4,5401230.64,7422336.18,11030895.12,1458.0,820.0,8112005.581428572,2349884.6377644814,5401230.64,11346552.64,9007058.148571428,3518266.019027718,5401230.64,18520638.43,8700866.911666667,2871131.557359512,5401230.64,18520638.43,0.463519313304721,0.0,0.0,0.1257510729613734,101.65236051502146,0.0,10,134,1,0,0,0,0,0,0
2021-05-25,train,5954099.18,5954099.18,795,1407124.84,253,2021,5,25,1,21,2,0,0,0,0.49999999999999994,-0.8660254037844387,0.7818314824680298,0.6234898018587336,Summer,1,6748385.33,6597044.54,7258287.55,12187584.31,690.0,804.0,8304456.251428572,2136338.200798816,6597044.54,11346552.64,8958918.802142857,3546117.7122488306,5401230.64,18520638.43,8558116.585333334,2857719.849299765,5401230.64,18520638.43,0.4743083003952569,0.0,0.0,0.1225296442687747,105.76284584980237,0.007905138339920948,10,137,1,0,0,0,0,0,0
2021-05-26,train,6654321.45,6654321.45,821,1396828.07,259,2021,5,26,2,21,2,0,0,0,0.49999999999999994,-0.8660254037844387,0.9749279121818236,-0.22252093395631434,Summer,1,5954099.18,8473273.83,5652663.58,6708611.0200000005,795.0,915.0,8212606.914285714,2233588.85185963,5954099.18,11346552.64,8865762.49,3610770.8713022703,5401230.64,18520638.43,8350333.747666667,2810957.4932040004,5401230.64,18520638.43,0.4749034749034749,0.0,0.0,0.12625482625482626,103.6988416988417,0.011583011583011582,10,143,1,0,0,0,0,0,0
2021-05-27,train,7534027.82,7534027.82,896,1785748.42,285,2021,5,27,3,21,2,0,0,0,0.49999999999999994,-0.8660254037844387,0.43388373911755823,-0.900968867902419,Summer,1,6654321.45,6627314.99,7458037.29,6904446.79,821.0,874.0,7952756.574285715,2302938.916101882,5954099.18,11346552.64,8937309.480714286,3551646.0210747975,5401230.64,18520638.43,8348524.095333333,2812068.1111057876,5401230.64,18520638.43,0.4982456140350877,0.0,0.0,0.13087719298245612,107.51228070175439,0.0035087719298245615,10,158,1,0,0,0,0,0,0
2021-05-28,train,6319008.42,6319008.42,776,1230626.01,265,2021,5,28,4,21,2,0,0,0,0.49999999999999994,-0.8660254037844387,-0.433883739117558,-0.9009688679024191,Summer,1,7534027.82,7113170.03,18520638.43,5596358.94,896.0,941.0,8082286.978571429,2240619.609417968,5954099.18,11346552.64,8942737.375714285,3549268.653850475,5401230.64,18520638.43,8369510.129666667,2803254.987928817,5401230.64,18520638.43,0.5094339622641509,0.0,0.0,0.1449056603773585,100.36603773584906,0.0037735849056603774,10,137,1,0,0,0,0,0,0
2021-05-29,train,11372345.26,11372345.26,1393,2481093.17,284,2021,5,29,5,21,2,1,0,0,0.49999999999999994,-0.8660254037844387,-0.9749279121818236,-0.2225209339563146,Summer,1,6319008.42,11346552.64,11547458.42,7936855.16,776.0,1399.0,7968835.32,2316683.0479491954,5954099.18,11346552.64,8071192.375,2291766.1831209445,5401230.64,11547458.42,8393598.445666667,2781625.049874876,5401230.64,18520638.43,0.46830985915492956,0.0,0.0,0.12323943661971831,100.55985915492958,0.014084507042253521,10,154,1,0,0,0,0,1,0
2021-05-30,train,8878062.9,8878062.9,1447,2172057.08,270,2021,5,30,6,21,2,1,0,0,0.49999999999999994,-0.8660254037844387,-0.7818314824680299,0.6234898018587334,Summer,1,11372345.26,11225452.4,11455353.56,6666170.74,1393.0,1458.0,7972519.9799999995,2322962.6431472753,5954099.18,11372345.26,8058684.292142858,2271724.0745211532,5401230.64,11455353.56,8508114.782333333,2832426.753100134,5401230.64,18520638.43,0.4962962962962963,0.0,0.0,0.12407407407407407,106.04444444444445,0.003703703703703704,10,149,1,0,0,0,0,1,0
2021-05-31,train,7589029.11,7589029.11,958,2051994.48,298,2021,5,31,0,22,2,0,0,1,0.49999999999999994,-0.8660254037844387,0.0,1.0,Summer,1,8878062.9,6748385.33,5401230.64,11281449.03,1447.0,690.0,7637178.622857143,1907362.6870170252,5954099.18,11372345.26,7874592.102142856,2070842.5194704928,5401230.64,11372345.26,8581844.521,2811537.9247223265,5401230.64,18520638.43,0.43288590604026844,0.0,0.0,0.11308724832214766,101.97986577181209,0.010067114093959731,10,152,1,0,0,0,0,0,0
2021-06-01,train,7497855.47,7497855.47,828,1796381.0,269,2021,6,1,1,22,2,0,1,0,1.2246467991473532e-16,-1.0,0.7818314824680298,0.6234898018587336,Monsoon,2,7589029.11,5954099.18,6597044.54,9986648.51,958.0,795.0,7757270.591428571,1868136.5408119862,5954099.18,11372345.26,8030863.4214285705,1948790.4093138948,5954099.18,11372345.26,8458763.857,2769793.792910941,5401230.64,18520638.43,0.5092936802973977,0.0,0.0,0.13643122676579927,100.4721189591078,0.0037174721189591076,10,154,1,0,0,0,0,0,0
2021-06-02,train,6695778.71,6695778.71,862,1655684.89,277,2021,6,2,2,22,2,0,0,0,1.2246467991473532e-16,-1.0,0.9749279121818236,-0.22252093395631434,Monsoon,2,7497855.47,6654321.45,8473273.83,8146904.84,828.0,821.0,7977807.204285714,1703673.4376859916,6319008.42,11372345.26,8095207.059285715,1912338.32322001,5954099.18,11372345.26,8375804.089000001,2759706.47942186,5401230.64,18520638.43,0.4620938628158845,0.0,0.0,0.13465703971119133,102.31046931407943,0.007220216606498195,10,151,1,0,0,0,0,0,0
2021-06-03,train,7555099.21,7555099.21,810,1560218.0,274,2021,6,3,3,22,2,0,0,0,1.2246467991473532e-16,-1.0,0.43388373911755823,-0.900968867902419,Monsoon,2,6695778.71,7534027.82,6627314.99,6145163.47,862.0,896.0,7983729.67,1698369.6144058835,6319008.42,11372345.26,7968243.122142858,1944049.6918092193,5954099.18,11372345.26,8327433.217999999,2776522.967591805,5401230.64,18520638.43,0.5620437956204379,0.0,0.0,0.16204379562043794,100.56934306569343,0.0,10,148,1,0,0,0,0,0,0
2021-06-04,train,6813730.4799999995,6813730.4799999995,845,1486759.31,270,2021,6,4,4,22,2,0,0,0,1.2246467991473532e-16,-1.0,-0.433883739117558,-0.9009688679024191,Monsoon,2,7555099.21,6319008.42,7113170.03,7535884.99,810.0,776.0,7986739.868571429,1697458.1473044457,6319008.42,11372345.26,8034513.423571428,1910344.204819851,5954099.18,11372345.26,8374431.076,2750117.542971065,5401230.64,18520638.43,0.5185185185185185,0.0,0.0,0.1437037037037037,102.88888888888889,0.007407407407407408,10,148,1,0,0,0,0,0,0
2021-06-05,train,11147991.21,11147991.21,1359,2365503.19,279,2021,6,5,5,22,2,1,0,0,1.2246467991473532e-16,-1.0,-0.9749279121818236,-0.2225209339563146,Monsoon,2,6813730.4799999995,11372345.26,11346552.64,6856273.01,845.0,1393.0,8057414.448571429,1625209.9114892194,6695778.71,11372345.26,8013124.884285714,1923087.011980249,5954099.18,11372345.26,8350359.259000001,2760850.017441264,5401230.64,18520638.43,0.4874551971326165,0.0,0.0,0.14086021505376342,101.89964157706093,0.0,10,159,1,0,0,0,0,1,0
2021-06-06,train,13488550.129999999,13488550.129999999,1231,3669208.08,259,2021,6,6,6,22,2,1,0,0,1.2246467991473532e-16,-1.0,-0.7818314824680299,0.6234898018587334,Monsoon,2,11147991.21,8878062.9,11225452.4,6025761.7299999995,1359.0,1447.0,8025363.869999999,1549384.3559638602,6695778.71,11147991.21,7998941.924999999,1897169.0977767212,5954099.18,11372345.26,8493416.532333333,2791779.688568193,5401230.64,18520638.43,0.5366795366795367,0.0,0.0,0.13976833976833977,99.23938223938224,0.015444015444015444,10,141,1,0,0,0,0,1,0
2021-06-07,train,6609307.51,6609307.51,793,1476616.1199999999,252,2021,6,7,0,23,2,0,0,0,1.2246467991473532e-16,-1.0,0.0,1.0,Monsoon,2,13488550.129999999,7589029.11,6748385.33,11416858.7,1231.0,958.0,8684004.902857142,2597633.6571188923,6695778.71,13488550.129999999,8160591.762857144,2255759.408718311,5954099.18,13488550.129999999,8742176.145666666,2894897.8907240774,5401230.64,18520638.43,0.4801587301587302,0.0,0.0,0.13531746031746034,108.73809523809524,0.01984126984126984,10,141,1,0,0,0,0,0,0
2021-06-08,train,6783609.16,6783609.16,817,1121737.41,272,2021,6,8,1,23,2,0,0,0,1.2246467991473532e-16,-1.0,0.7818314824680298,0.6234898018587336,Monsoon,2,6609307.51,7497855.47,5954099.18,10501326.91,793.0,828.0,8544044.674285714,2691173.1929121534,6609307.51,13488550.129999999,8150657.632857142,2262752.4225918865,5954099.18,13488550.129999999,8581924.439333333,2874725.5563337654,5401230.64,18520638.43,0.45955882352941174,0.0,0.0,0.13529411764705881,103.50367647058823,0.0,10,148,1,0,0,0,0,0,0
2021-06-09,train,6328725.9,6328725.9,896,1315501.33,290,2021,6,9,2,23,2,0,0,0,1.2246467991473532e-16,-1.0,0.9749279121818236,-0.22252093395631434,Monsoon,2,6783609.16,6695778.71,6654321.45,7422336.18,817.0,862.0,8442009.487142857,2750340.04013993,6609307.51,13488550.129999999,8209908.345714286,2211081.08382053,6319008.42,13488550.129999999,8458000.514333334,2869257.2721920144,5401230.64,18520638.43,0.5241379310344828,0.0,0.0,0.1417241379310345,107.05862068965517,0.020689655172413793,10,151,1,0,0,0,0,0,0
2021-06-10,train,7740128.48,7740128.48,828,2150043.99,261,2021,6,10,3,23,2,0,0,0,1.2246467991473532e-16,-1.0,0.43388373911755823,-0.900968867902419,Monsoon,2,6328725.9,7555099.21,7534027.82,7258287.55,896.0,810.0,8389573.37142857,2792359.2410782166,6328725.9,13488550.129999999,8186651.520714285,2230330.4128311616,6319008.42,13488550.129999999,8421546.838333333,2889743.0095842667,5401230.64,18520638.43,0.4904214559386973,0.0,0.0,0.12490421455938698,107.86973180076629,0.007662835249042145,10,147,1,0,0,0,0,0,0
2021-06-11,train,8435865.37,8435865.37,982,1907122.73,316,2021,6,11,4,23,2,0,0,0,1.2246467991473532e-16,-1.0,-0.433883739117558,-0.9009688679024191,Monsoon,2,7740128.48,6813730.4799999995,6319008.42,5652663.58,828.0,845.0,8416006.124285715,2784006.749733047,6328725.9,13488550.129999999,8201372.996428572,2226368.028538666,6319008.42,13488550.129999999,8437608.202666666,2884388.687795791,5401230.64,18520638.43,0.4778481012658228,0.0,0.0,0.13765822784810128,104.50949367088607,0.0031645569620253164,10,158,1,0,0,0,0,0,0
2021-06-12,train,10063992.7,10063992.7,1332,2343629.86,265,2021,6,12,5,23,2,1,0,0,1.2246467991473532e-16,-1.0,-0.9749279121818236,-0.2225209339563146,Monsoon,2,8435865.37,11147991.21,11372345.26,7458037.29,982.0,1359.0,8647739.68,2694480.9505980993,6328725.9,13488550.129999999,8352577.064285715,2159574.435877574,6328725.9,13488550.129999999,8530381.595666667,2836079.8854254438,5401230.64,18520638.43,0.49056603773584906,0.0,0.0,0.13924528301886793,102.30566037735849,0.0037735849056603774,10,147,1,0,0,0,0,1,0
2021-06-13,train,10776055.09,10776055.09,1335,2261562.73,266,2021,6,13,6,23,2,1,0,0,1.2246467991473532e-16,-1.0,-0.7818314824680299,0.6234898018587334,Monsoon,2,10063992.7,13488550.129999999,8878062.9,18520638.43,1332.0,1231.0,8492882.75,2554343.22220099,6328725.9,13488550.129999999,8259123.31,2044064.121696806,6328725.9,13488550.129999999,8617246.776,2842005.109933391,5401230.64,18520638.43,0.47368421052631576,0.0,0.0,0.13308270676691727,108.90225563909775,0.0037593984962406013,10,146,1,0,0,0,0,1,0
2021-06-14,train,6836006.35,6836006.35,871,1668261.0,275,2021,6,14,0,24,2,0,0,0,1.2246467991473532e-16,-1.0,0.0,1.0,Monsoon,2,10776055.09,6609307.51,7589029.11,11547458.42,1335.0,793.0,8105383.458571428,1748957.2720798694,6328725.9,10776055.09,8394694.180714285,2148543.740307752,6328725.9,13488550.129999999,8359093.998,2187872.527350704,5401230.64,13488550.129999999,0.49454545454545457,0.0,0.0,0.1352727272727273,101.83272727272727,0.0,10,148,1,0,0,0,0,0,0
2021-06-15,train,6407397.05,6407397.05,846,1402792.73,272,2021,6,15,1,24,2,0,0,0,1.2246467991473532e-16,-1.0,0.7818314824680298,0.6234898018587336,Monsoon,2,6836006.35,6783609.16,7497855.47,11455353.56,871.0,817.0,8137769.007142857,1718470.369783532,6328725.9,10776055.09,8340906.840714286,2179467.66804033,6328725.9,13488550.129999999,8202045.5956666665,2119132.8899917104,5401230.64,13488550.129999999,0.5036764705882353,0.0,0.0,0.13051470588235295,109.32720588235294,0.0,10,150,1,0,0,0,0,0,0
2021-06-16,train,6406377.94,6406377.94,829,1438238.01,267,2021,6,16,2,24,2,0,0,0,1.2246467991473532e-16,-1.0,0.9749279121818236,-0.22252093395631434,Monsoon,2,6407397.05,6328725.9,6695778.71,5401230.64,846.0,896.0,8084024.42,1772900.6987075375,6328725.9,10776055.09,8263016.9535714295,2230795.3035475593,6328725.9,13488550.129999999,8033780.378666667,2051226.3543952315,5401230.64,13488550.129999999,0.4681647940074906,0.0,0.0,0.13220973782771533,104.03370786516854,0.003745318352059925,10,142,1,0,0,0,0,0,0
2021-06-17,train,7515499.43,7515499.43,816,1801023.86,272,2021,6,17,3,24,2,0,0,0,1.2246467991473532e-16,-1.0,0.43388373911755823,-0.900968867902419,Monsoon,2,6406377.94,7740128.48,7555099.21,6597044.54,829.0,828.0,8095117.568571428,1760285.2390446865,6406377.94,10776055.09,8242345.47,2247711.83298154,6328725.9,13488550.129999999,8067285.2886666665,2014625.8346283052,5954099.18,13488550.129999999,0.45955882352941174,0.0,0.0,0.13272058823529412,101.83823529411765,0.003676470588235294,10,144,1,0,0,0,0,0,0
2021-06-18,train,7453010.93,7453010.93,883,1900686.11,291,2021,6,18,4,24,2,0,0,0,1.2246467991473532e-16,-1.0,-0.433883739117558,-0.9009688679024191,Monsoon,2,7515499.43,8435865.37,6813730.4799999995,8473273.83,816.0,982.0,8063027.704285714,1769856.6963937485,6406377.94,10776055.09,8239516.914285714,2248667.91383808,6328725.9,13488550.129999999,8097900.451666667,1998426.462733231,5954099.18,13488550.129999999,0.5154639175257731,0.0,0.0,0.14123711340206185,106.98281786941581,0.006872852233676976,10,144,1,0,0,0,0,0,0
2021-06-19,train,9428380.53,9428380.53,1263,1906004.97,257,2021,6,19,5,24,2,1,0,0,1.2246467991473532e-16,-1.0,-0.9749279121818236,-0.2225209339563146,Monsoon,2,7453010.93,10063992.7,11147991.21,6627314.99,883.0,1332.0,7922619.927142858,1774329.3797647443,6406377.94,10776055.09,8285179.803571428,2223841.605838124,6328725.9,13488550.129999999,8063891.688333333,2000498.3941431588,5954099.18,13488550.129999999,0.5369649805447471,0.0,0.0,0.14941634241245136,106.65758754863813,0.0038910505836575876,10,146,1,0,0,0,0,1,0
2021-06-20,train,11058526.92,11058526.92,1325,2657044.11,285,2021,6,20,6,24,2,1,0,0,1.2246467991473532e-16,-1.0,-0.7818314824680299,0.6234898018587334,Monsoon,2,9428380.53,10776055.09,13488550.129999999,7113170.03,1263.0,1335.0,7831818.188571428,1658995.250046833,6406377.94,10776055.09,8162350.4692857135,2097455.041403404,6328725.9,13488550.129999999,8157260.539666667,1996500.0914615274,5954099.18,13488550.129999999,0.45614035087719296,0.0,0.0,0.12210526315789473,101.76491228070175,0.0,10,148,1,0,0,0,0,1,0
2021-06-21,train,7807561.2,7807561.2,853,1870495.74,289,2021,6,21,0,25,2,0,0,0,1.2246467991473532e-16,-1.0,0.0,1.0,Monsoon,2,11058526.92,6836006.35,6609307.51,11346552.64,1325.0,871.0,7872171.3071428565,1743813.403844302,6406377.94,11058526.92,7988777.382857143,1682232.446172862,6328725.9,11058526.92,8288772.436000001,2054454.5890193016,5954099.18,13488550.129999999,0.5086505190311419,0.0,0.0,0.1467128027681661,101.03806228373702,0.010380622837370242,10,148,1,0,0,0,0,0,0
2021-06-22,train,7541325.36,7541325.36,826,1498281.47,283,2021,6,22,1,25,2,0,0,0,1.2246467991473532e-16,-1.0,0.7818314824680298,0.6234898018587336,Monsoon,2,7807561.2,6407397.05,6783609.16,11225452.4,853.0,846.0,8010964.857142857,1685279.5131888967,6406377.94,11058526.92,8074366.9321428565,1636509.47070021,6328725.9,11058526.92,8170806.054666666,1972804.6598850726,5954099.18,13488550.129999999,0.5265017667844523,0.0,0.0,0.14628975265017669,105.19081272084806,0.0035335689045936395,10,145,1,0,0,0,0,0,0
2021-06-23,train,6694029.18,6694029.18,929,1501482.79,282,2021,6,23,2,25,2,0,0,0,1.2246467991473532e-16,-1.0,0.9749279121818236,-0.22252093395631434,Monsoon,2,7541325.36,6406377.94,6328725.9,6748385.33,826.0,829.0,8172954.615714286,1554908.8396345861,6406377.94,11058526.92,8128489.517857143,1602718.61226463,6328725.9,11058526.92,8048001.819999999,1888985.7140092603,5954099.18,13488550.129999999,0.5141843971631206,0.0,0.0,0.13581560283687943,102.00354609929079,0.0035460992907801418,10,155,1,0,0,0,0,0,0
2021-06-24,train,7606944.5,7606944.5,964,1903374.23,302,2021,6,24,3,25,2,0,0,0,1.2246467991473532e-16,-1.0,0.43388373911755823,-0.900968867902419,Monsoon,2,6694029.18,7515499.43,7740128.48,5954099.18,929.0,816.0,8214047.649999999,1503388.1639150924,6694029.18,11058526.92,8154582.609285714,1573877.7647808855,6406377.94,11058526.92,8046189.948333333,1890300.8719342095,5954099.18,13488550.129999999,0.543046357615894,0.0,0.0,0.15033112582781458,106.02980132450331,0.006622516556291391,10,158,1,0,0,0,0,0,0
2021-06-25,train,7915364.3,7915364.3,856,1591929.97,260,2021,6,25,4,25,2,0,0,0,1.2246467991473532e-16,-1.0,-0.433883739117558,-0.9009688679024191,Monsoon,2,7606944.5,7453010.93,8435865.37,6654321.45,964.0,883.0,8227111.231428571,1496688.892597953,6694029.18,11058526.92,8145069.467857143,1576975.052618488,6406377.94,11058526.92,8101284.792333333,1850898.3255342222,6319008.42,13488550.129999999,0.4846153846153846,0.0,0.0,0.13192307692307692,102.72692307692307,0.0038461538461538464,10,145,1,0,0,0,0,0,0
2021-06-26,train,11294607.44,11294607.44,1372,2454964.09,291,2021,6,26,5,25,2,1,0,0,1.2246467991473532e-16,-1.0,-0.9749279121818236,-0.2225209339563146,Monsoon,2,7915364.3,9428380.53,10063992.7,7534027.82,856.0,1263.0,8293161.712857142,1466735.7213248077,6694029.18,11058526.92,8107890.819999999,1575727.0555573457,6406377.94,11058526.92,8143319.5540000005,1831117.7066467097,6319008.42,13488550.129999999,0.5154639175257731,0.0,0.0,0.1281786941580756,108.73539518900344,0.003436426116838488,10,156,1,0,0,0,0,1,0
2021-06-27,train,12233109.18,12233109.18,1360,2894152.53,292,2021,6,27,6,25,2,1,0,0,1.2246467991473532e-16,-1.0,-0.7818314824680299,0.6234898018587334,Monsoon,2,11294607.44,11058526.92,10776055.09,6319008.42,1372.0,1325.0,8559765.557142856,1831679.2604481205,6694029.18,11294607.44,8195791.872857143,1720879.9340618574,6406377.94,11294607.44,8268672.208,1914776.9285727688,6319008.42,13488550.129999999,0.4794520547945205,0.0,0.0,0.12534246575342467,100.04794520547945,0.003424657534246575,10,153,1,0,0,0,0,1,0
2021-06-28,train,8234740.52,8234740.52,867,1999366.26,264,2021,6,28,0,26,2,0,0,0,1.2246467991473532e-16,-1.0,0.0,1.0,Monsoon,2,12233109.18,7807561.2,6836006.35,11372345.26,1360.0,853.0,8727563.022857143,2128491.1156149725,6694029.18,12233109.18,8299867.165,1921319.4615973958,6406377.94,12233109.18,8465808.9,2009241.0237869406,6328725.9,13488550.129999999,0.5,0.0,0.0,0.13749999999999998,107.54545454545455,0.0,10,147,1,0,0,0,0,0,0
2021-06-29,train,6436576.01,6436576.01,844,1394379.74,278,2021,6,29,1,26,2,0,0,0,1.2246467991473532e-16,-1.0,0.7818314824680298,0.6234898018587336,Monsoon,2,8234740.52,7541325.36,6407397.05,8878062.9,867.0,826.0,8788588.639999999,2103697.077335497,6694029.18,12233109.18,8399776.74857143,1875155.3002641273,6406377.94,12233109.18,8361222.075333333,1932942.3892604897,6328725.9,13488550.129999999,0.5431654676258992,0.0,0.0,0.15611510791366906,101.96043165467626,0.007194244604316547,10,150,1,0,0,0,0,0,0
2021-06-30,train,7377751.37,7377751.37,892,1535969.41,281,2021,6,30,2,26,2,0,0,1,1.2246467991473532e-16,-1.0,0.9749279121818236,-0.22252093395631434,Monsoon,2,6436576.01,6694029.18,6406377.94,7589029.11,844.0,929.0,8630767.304285714,2249266.290116851,6436576.01,12233109.18,8401860.959999999,1872785.167007815,6406377.94,12233109.18,8279839.1790000005,1961615.8442335443,6328725.9,13488550.129999999,0.5088967971530249,0.0,0.0,0.1494661921708185,98.92170818505338,0.010676156583629894,10,156,1,0,0,0,0,0,0
2021-07-01,train,7022326.51,7022326.51,744,1617395.52,235,2021,7,1,3,26,3,0,1,0,-0.4999999999999997,-0.8660254037844388,0.43388373911755823,-0.900968867902419,Monsoon,2,7377751.37,7606944.5,7515499.43,7497855.47,892.0,964.0,8728441.902857143,2164390.0273212334,6436576.01,12233109.18,8471244.776428571,1810114.0218316317,6436576.01,12233109.18,8272796.587666666,1964558.5694486382,6328725.9,13488550.129999999,0.4851063829787234,0.0,0.0,0.12851063829787235,99.91914893617022,0.0,10,136,1,0,0,0,0,0,0
2021-07-02,train,7734024.32,7734024.32,882,1896831.6,279,2021,7,2,4,26,3,0,0,0,-0.4999999999999997,-0.8660254037844388,-0.433883739117558,-0.9009688679024191,Monsoon,2,7022326.51,7915364.3,7453010.93,6695778.71,744.0,856.0,8644925.047142858,2225299.717454394,6436576.01,12233109.18,8436018.139285715,1834775.362240006,6436576.01,12233109.18,8256945.622333333,1972927.327054007,6328725.9,13488550.129999999,0.5017921146953405,0.0,0.0,0.14229390681003584,104.15770609318996,0.010752688172043012,10,150,1,0,0,0,0,0,0
2021-07-03,train,12723598.44,12723598.44,1233,3525793.65,244,2021,7,3,5,26,3,1,0,0,-0.4999999999999997,-0.8660254037844388,-0.9749279121818236,-0.2225209339563146,Monsoon,2,7734024.32,11294607.44,9428380.53,7555099.21,882.0,1372.0,8619019.335714286,2236237.0366593157,6436576.01,12233109.18,8456090.524285713,1824703.5529163403,6436576.01,12233109.18,8291553.809333334,1953609.3709999376,6328725.9,13488550.129999999,0.4959016393442623,0.0,0.0,0.12418032786885246,100.82786885245902,0.012295081967213115,10,144,1,0,0,0,0,1,0
2021-07-04,train,11385523.3,11385523.3,1346,2630259.37,267,2021,7,4,6,26,3,1,0,0,-0.4999999999999997,-0.8660254037844388,-0.7818314824680299,0.6234898018587334,Monsoon,2,12723598.44,12233109.18,11058526.92,6813730.4799999995,1233.0,1360.0,8823160.907142857,2562603.427376393,6436576.01,12723598.44,8691463.232142856,2144307.873298117,6436576.01,12723598.44,8463837.117,2108204.8724924754,6328725.9,13488550.129999999,0.4868913857677903,0.0,0.0,0.13670411985018727,103.04868913857678,0.00749063670411985,10,148,1,0,0,0,0,1,0
2021-07-05,train,7268377.73,7268377.73,856,1470167.79,275,2021,7,5,0,27,3,0,0,0,-0.4999999999999997,-0.8660254037844388,0.0,1.0,Monsoon,2,11385523.3,8234740.52,7807561.2,11147991.21,1346.0,867.0,8702077.209999999,2388756.403542023,6436576.01,12723598.44,8714820.11642857,2173654.5414363425,6436576.01,12723598.44,8616230.211,2149643.068472502,6328725.9,13488550.129999999,0.4690909090909091,0.0,0.0,0.12836363636363635,103.22181818181818,0.0,10,151,1,0,0,0,0,0,0
2021-07-06,train,9406647.13,9406647.13,910,2310718.75,284,2021,7,6,1,27,3,0,0,0,-0.4999999999999997,-0.8660254037844388,0.7818314824680298,0.6234898018587336,Monsoon,2,7268377.73,6436576.01,7541325.36,13488550.129999999,856.0,844.0,8564025.382857142,2447468.944340523,6436576.01,12723598.44,8676307.01142857,2195631.5730211018,6436576.01,12723598.44,8486909.761666667,2108383.704602205,6328725.9,13488550.129999999,0.5070422535211268,0.0,0.0,0.13485915492957745,107.49647887323944,0.0035211267605633804,10,150,1,0,0,0,0,0,0
2021-07-07,train,6399226.31,6399226.31,830,1355324.52,269,2021,7,7,2,27,3,0,0,0,-0.4999999999999997,-0.8660254037844388,0.9749279121818236,-0.22252093395631434,Monsoon,2,9406647.13,7377751.37,6694029.18,6609307.51,910.0,892.0,8988321.257142859,2268053.7564618606,7022326.51,12723598.44,8809544.280714285,2177985.2549220794,6436576.01,12723598.44,8350846.328333333,1895432.6796092002,6328725.9,12723598.44,0.5130111524163569,0.0,0.0,0.14721189591078068,104.68401486988847,0.01486988847583643,10,139,1,0,0,0,0,0,0
2021-07-08,train,8462776.15,8462776.15,849,1993808.94,277,2021,7,8,3,27,3,0,0,0,-0.4999999999999997,-0.8660254037844388,0.43388373911755823,-0.900968867902419,Monsoon,2,6399226.31,7022326.51,7606944.5,6783609.16,830.0,744.0,8848531.962857142,2409602.2150822454,6399226.31,12723598.44,8788486.932857143,2201312.158176592,6399226.31,12723598.44,8343843.621666666,1902463.7234129221,6328725.9,12723598.44,0.49458483754512633,0.0,0.0,0.1328519855595668,105.59927797833934,0.010830324909747292,10,150,1,0,0,0,0,0,0
2021-07-09,train,8179428.99,8179428.99,857,1844181.65,286,2021,7,9,4,27,3,0,0,0,-0.4999999999999997,-0.8660254037844388,-0.433883739117558,-0.9009688679024191,Monsoon,2,8462776.15,7734024.32,7915364.3,6328725.9,849.0,882.0,9054310.482857142,2285988.648471005,6399226.31,12723598.44,8849617.764999999,2177733.5629053544,6399226.31,12723598.44,8399815.854666667,1879540.525226348,6328725.9,12723598.44,0.458041958041958,0.0,0.0,0.12727272727272726,98.58391608391608,0.01048951048951049,10,143,1,0,0,0,0,0,0
2021-07-10,train,10057048.57,10057048.57,1273,2203573.43,251,2021,7,10,5,27,3,1,0,0,-0.4999999999999997,-0.8660254037844388,-0.9749279121818236,-0.2225209339563146,Monsoon,2,8179428.99,12723598.44,11294607.44,7740128.48,857.0,1233.0,9117939.721428571,2249014.0773360147,6399226.31,12723598.44,8868479.528571429,2170149.726393922,6399226.31,12723598.44,8461505.957666667,1839157.3379528434,6399226.31,12723598.44,0.5298804780876494,0.0,0.0,0.15219123505976095,105.33864541832669,0.0,10,144,1,0,0,0,0,1,0
2021-07-11,train,7206216.33,7206216.33,1142,1389205.97,245,2021,7,11,6,27,3,1,0,0,-0.4999999999999997,-0.8660254037844388,-0.7818314824680299,0.6234898018587334,Monsoon,2,10057048.57,11385523.3,12233109.18,8435865.37,1273.0,1346.0,8737004.025714286,1693800.0927452608,6399226.31,11385523.3,8780082.466428572,2087349.276177653,6399226.31,12723598.44,8538736.627333334,1856386.2296092247,6399226.31,12723598.44,0.5265306122448979,0.0,0.0,0.1510204081632653,103.75102040816327,0.004081632653061225,10,142,1,0,0,0,0,1,0
2021-07-12,train,7451722.4399999995,7451722.4399999995,872,1842800.84,279,2021,7,12,0,28,3,0,0,0,-0.4999999999999997,-0.8660254037844388,0.0,1.0,Monsoon,2,7206216.33,7268377.73,8234740.52,10063992.7,1142.0,856.0,8139960.172857142,1294036.296022962,6399226.31,10057048.57,8421018.69142857,1868566.645594941,6399226.31,12723598.44,8497748.326,1872243.2773034784,6399226.31,12723598.44,0.5125448028673835,0.0,0.0,0.13906810035842293,103.58064516129032,0.0035842293906810036,10,149,1,0,0,0,0,0,0
2021-07-13,train,7504677.46,7504677.46,899,1699078.49,287,2021,7,13,1,28,3,0,0,0,-0.4999999999999997,-0.8660254037844388,0.7818314824680298,0.6234898018587336,Monsoon,2,7451722.4399999995,9406647.13,6436576.01,10776055.09,872.0,910.0,8166152.274285714,1275172.7106252292,6399226.31,10057048.57,8365088.828571429,1886206.5836251818,6399226.31,12723598.44,8410672.650666667,1857576.6128989668,6399226.31,12723598.44,0.5365853658536586,0.0,0.0,0.14285714285714285,105.73867595818815,0.003484320557491289,10,159,1,0,0,0,0,0,0
2021-07-14,train,8712135.69,8712135.69,852,2153633.35,281,2021,7,14,2,28,3,0,0,0,-0.4999999999999997,-0.8660254037844388,0.9749279121818236,-0.22252093395631434,Monsoon,2,7504677.46,6399226.31,7377751.37,6836006.35,899.0,830.0,7894442.321428572,1164640.86059817,6399226.31,10057048.57,8441381.789285714,1822735.3915570802,6399226.31,12723598.44,8301626.729666666,1809326.395188887,6399226.31,12723598.44,0.5266903914590747,0.0,0.0,0.1412811387900356,111.12811387900356,0.010676156583629894,10,155,1,0,0,0,0,0,0
2021-07-15,train,7720222.9799999995,7720222.9799999995,803,1811742.77,262,2021,7,15,3,28,3,0,0,0,-0.4999999999999997,-0.8660254037844388,0.43388373911755823,-0.900968867902419,Monsoon,2,8712135.69,8462776.15,7022326.51,6407397.05,852.0,849.0,8224857.947142857,983790.3002511293,7206216.33,10057048.57,8536694.955,1797552.8153437902,6399226.31,12723598.44,8364164.374333334,1789233.5473767691,6399226.31,12723598.44,0.5152671755725191,0.0,0.0,0.14923664122137406,101.19847328244275,0.015267175572519083,10,142,1,0,0,0,0,0,0
2021-07-16,train,7152100.71,7152100.71,847,1755892.21,272,2021,7,16,4,28,3,0,0,0,-0.4999999999999997,-0.8660254037844388,-0.433883739117558,-0.9009688679024191,Monsoon,2,7720222.9799999995,8179428.99,7734024.32,6406377.94,803.0,857.0,8118778.922857143,993842.8943808544,7206216.33,10057048.57,8586544.702857142,1761644.2133382056,6399226.31,12723598.44,8407925.238666667,1755460.6005757223,6399226.31,12723598.44,0.5661764705882353,0.0,0.0,0.15036764705882352,98.47058823529412,0.011029411764705883,10,149,1,0,0,0,0,0,0
2021-07-17,train,9948347.71,9948347.71,1278,2285601.35,260,2021,7,17,5,28,3,1,0,0,-0.4999999999999997,-0.8660254037844388,-0.9749279121818236,-0.2225209339563146,Monsoon,2,7152100.71,10057048.57,12723598.44,7515499.43,847.0,1273.0,7972017.74,1057225.8206646885,7152100.71,10057048.57,8544978.730714286,1789944.6637759148,6399226.31,12723598.44,8432782.664333334,1731254.1058804982,6399226.31,12723598.44,0.46923076923076923,0.0,0.0,0.13192307692307692,102.78076923076924,0.0,10,145,1,0,0,0,0,1,0
2021-07-18,train,9323538.08,9323538.08,1253,2107129.84,256,2021,7,18,6,28,3,1,0,0,-0.4999999999999997,-0.8660254037844388,-0.7818314824680299,0.6234898018587334,Monsoon,2,9948347.71,7206216.33,11385523.3,7453010.93,1278.0,1142.0,7956489.045714286,1021697.7065263259,7152100.71,9948347.71,8346746.535714285,1403543.9338508989,6399226.31,11385523.3,8513877.606999999,1743739.7363790264,6399226.31,12723598.44,0.51953125,0.0,0.0,0.140234375,99.68359375,0.01171875,10,143,1,0,0,0,0,1,0
2021-07-19,train,5359129.2,5359129.2,781,1161815.08,258,2021,7,19,0,29,3,0,0,0,-0.4999999999999997,-0.8660254037844388,0.0,1.0,Monsoon,2,9323538.08,7451722.4399999995,7268377.73,9428380.53,1253.0,872.0,8258963.581428571,1074606.5343521563,7152100.71,9948347.71,8199461.877142857,1144398.4370019922,6399226.31,10057048.57,8576228.512,1737930.8217366908,6399226.31,12723598.44,0.5310077519379846,0.0,0.0,0.1449612403100775,104.59302325581395,0.003875968992248062,10,138,1,0,0,0,0,0,0
2021-07-20,train,8935787.43,8935787.43,890,2045143.3699999999,291,2021,7,20,1,29,3,0,0,0,-0.4999999999999997,-0.8660254037844388,0.7818314824680298,0.6234898018587336,Monsoon,2,5359129.2,7504677.46,9406647.13,11058526.92,781.0,899.0,7960021.6899999995,1530822.906161814,5359129.2,9948347.71,8063086.982142858,1357758.889718953,5359129.2,10057048.57,8440586.801,1825710.1348821241,5359129.2,12723598.44,0.4536082474226804,0.0,0.0,0.11958762886597937,101.7147766323024,0.003436426116838488,10,156,1,0,0,0,0,0,0
2021-07-21,train,5801992.61,5801992.61,739,1104395.45,254,2021,7,21,2,29,3,0,0,0,-0.4999999999999997,-0.8660254037844388,0.9749279121818236,-0.22252093395631434,Monsoon,2,8935787.43,8712135.69,6399226.31,7807561.2,890.0,852.0,8164465.971428571,1555244.3957076187,5359129.2,9948347.71,8029454.146428571,1327410.3037286997,5359129.2,10057048.57,8369828.818,1760727.904268996,5359129.2,12723598.44,0.5590551181102362,0.0,0.0,0.152755905511811,107.51181102362204,0.003937007874015748,10,149,1,0,0,0,0,0,0
2021-07-22,train,6537705.36,6537705.36,756,1567923.6300000001,253,2021,7,22,3,29,3,0,0,0,-0.4999999999999997,-0.8660254037844388,0.43388373911755823,-0.900968867902419,Monsoon,2,5801992.61,7720222.9799999995,8462776.15,7541325.36,739.0,803.0,7748731.245714285,1759933.7823691997,5359129.2,9948347.71,7986794.596428571,1391863.7163751635,5359129.2,10057048.57,8302976.531666667,1819892.767819575,5359129.2,12723598.44,0.5059288537549407,0.0,0.0,0.1399209486166008,104.20553359683794,0.011857707509881422,10,145,1,0,0,0,0,0,0
2021-07-23,train,7254698.45,7254698.45,728,1903485.88,235,2021,7,23,4,29,3,0,0,0,-0.4999999999999997,-0.8660254037844388,-0.433883739117558,-0.9009688679024191,Monsoon,2,6537705.36,7152100.71,8179428.99,6694029.18,756.0,847.0,7579800.157142857,1818891.9931192861,5359129.2,9948347.71,7849289.54,1435626.2121373755,5359129.2,10057048.57,8269522.531666666,1843448.563700129,5359129.2,12723598.44,0.5191489361702127,0.0,0.0,0.13489361702127659,99.9404255319149,0.00425531914893617,10,130,1,0,0,0,0,0,0
2021-07-24,train,11392486.46,11392486.46,1330,2711112.19,268,2021,7,24,5,29,3,1,0,0,-0.4999999999999997,-0.8660254037844388,-0.9749279121818236,-0.2225209339563146,Monsoon,2,7254698.45,9948347.71,10057048.57,7606944.5,728.0,1278.0,7594456.977142857,1815280.9260136571,5359129.2,9948347.71,7783237.358571428,1440533.0239759088,5359129.2,10057048.57,8288211.507333333,1829716.2572987275,5359129.2,12723598.44,0.5671641791044776,0.0,0.0,0.1574626865671642,106.67164179104478,0.0,10,147,1,0,0,0,0,1,0
2021-07-25,train,9654581.66,9654581.66,1272,2406032.52,271,2021,7,25,6,29,3,1,0,0,-0.4999999999999997,-0.8660254037844388,-0.7818314824680299,0.6234898018587334,Monsoon,2,11392486.46,9323538.08,7206216.33,7915364.3,1330.0,1253.0,7800762.512857144,2174004.0476062763,5359129.2,11392486.46,7878625.779285714,1633915.4589466476,5359129.2,11392486.46,8414396.239333333,1909889.9276213045,5359129.2,12723598.44,0.4944649446494465,0.0,0.0,0.14169741697416974,103.80442804428044,0.01107011070110701,10,144,1,0,0,0,0,1,0
2021-07-26,train,8475296.12,8475296.12,871,1944090.05,272,2021,7,26,0,30,3,0,0,0,-0.4999999999999997,-0.8660254037844388,0.0,1.0,Monsoon,2,9654581.66,5359129.2,7451722.4399999995,11294607.44,1272.0,781.0,7848054.452857143,2215848.44184473,5359129.2,11392486.46,8053509.017142857,1686588.3455888599,5359129.2,11392486.46,8472370.151333334,1920586.335581348,5359129.2,12723598.44,0.5220588235294118,0.0,0.0,0.15183823529411763,102.19117647058823,0.007352941176470588,10,147,1,0,0,0,0,0,0
2021-07-27,train,7227530.36,7227530.36,807,1601606.78,262,2021,7,27,1,30,3,0,0,0,-0.4999999999999997,-0.8660254037844388,0.7818314824680298,0.6234898018587336,Monsoon,2,8475296.12,8935787.43,7504677.46,12233109.18,871.0,890.0,8293221.1557142865,1926628.1142934465,5801992.61,11392486.46,8126621.422857143,1680669.8426228946,5359129.2,11392486.46,8378393.107333333,1845226.2640813664,5359129.2,12723598.44,0.5534351145038168,0.0,0.0,0.15419847328244274,99.45038167938931,0.007633587786259542,10,141,1,0,0,0,0,0,0
2021-07-28,train,6669551.45,6669551.45,846,1597841.55,275,2021,7,28,2,30,3,0,0,0,-0.4999999999999997,-0.8660254037844388,0.9749279121818236,-0.22252093395631434,Monsoon,2,7227530.36,5801992.61,8712135.69,8234740.52,807.0,739.0,8049184.431428572,1939815.4268012014,5801992.61,11392486.46,8106825.201428571,1690164.5013189171,5359129.2,11392486.46,8211540.48,1705684.1492077499,5359129.2,12723598.44,0.4727272727272727,0.0,0.0,0.13054545454545455,104.57454545454546,0.01090909090909091,10,149,1,0,0,0,0,0,0
2021-07-29,train,9679436.55,9679436.55,871,2330930.28,269,2021,7,29,3,30,3,0,0,0,-0.4999999999999997,-0.8660254037844388,0.43388373911755823,-0.900968867902419,Monsoon,2,6669551.45,6537705.36,7720222.9799999995,6436576.01,846.0,756.0,8173121.408571429,1794588.9409259537,6537705.36,11392486.46,7960926.327142857,1721758.3330703476,5359129.2,11392486.46,8159367.510999999,1728732.099215217,5359129.2,12723598.44,0.49070631970260226,0.0,0.0,0.137546468401487,102.22304832713755,0.011152416356877323,10,145,1,0,0,0,0,0,0
2021-07-30,train,6672280.35,6672280.35,768,1540582.15,258,2021,7,30,4,30,3,0,0,0,-0.4999999999999997,-0.8660254037844388,-0.433883739117558,-0.9009688679024191,Monsoon,2,9679436.55,7254698.45,7152100.71,7377751.37,871.0,728.0,8621940.15,1708197.3254541215,6669551.45,11392486.46,8100870.153571429,1779348.0285773107,5359129.2,11392486.46,8267462.862333333,1718650.0981159676,5359129.2,12723598.44,0.5116279069767442,0.0,0.0,0.1391472868217054,107.3062015503876,0.0,10,146,1,0,0,0,0,0,0
2021-07-31,train,11435781.67,11435781.67,1325,2202908.91,273,2021,7,31,5,30,3,1,0,1,-0.4999999999999997,-0.8660254037844388,-0.9749279121818236,-0.2225209339563146,Monsoon,2,6672280.35,11392486.46,9948347.71,7022326.51,768.0,1330.0,8538737.564285714,1797729.7439530985,6669551.45,11392486.46,8066597.270714286,1803485.7878616871,5359129.2,11392486.46,8243947.161666666,1735982.4575587069,5359129.2,12723598.44,0.5018315018315018,0.0,0.0,0.14945054945054945,100.86080586080585,0.014652014652014652,10,147,1,0,0,0,0,1,0
2021-08-01,train,13166049.26,13166049.26,1425,2793103.16,276,2021,8,1,6,30,3,1,1,0,-0.8660254037844385,-0.5000000000000004,-0.7818314824680299,0.6234898018587334,Monsoon,2,11435781.67,9654581.66,9323538.08,7734024.32,1325.0,1272.0,8544922.594285714,1809222.0889216776,6669551.45,11435781.67,8172842.553571428,1959899.5027232883,5359129.2,11435781.67,8391062.333666665,1814135.8918858618,5359129.2,12723598.44,0.5217391304347826,0.0,0.0,0.13876811594202898,107.40942028985508,0.018115942028985508,10,150,1,0,0,0,0,1,0
2021-08-02,train,9146842.33,9146842.33,969,2236963.53,309,2021,8,2,0,31,3,0,0,0,-0.8660254037844385,-0.5000000000000004,0.0,1.0,Monsoon,2,13166049.26,8475296.12,5359129.2,12723598.44,1425.0,871.0,9046560.822857143,2516667.4205569434,6669551.45,13166049.26,8447307.637857143,2361372.7535184,5359129.2,13166049.26,8572129.831666667,2007115.1026468456,5359129.2,13166049.26,0.47572815533980584,0.0,0.0,0.1372168284789644,105.09708737864078,0.022653721682847898,10,160,1,0,0,0,0,0,0
2021-08-03,train,5891467.77,5891467.77,904,1217875.8699999999,291,2021,8,3,1,31,3,0,0,0,-0.8660254037844385,-0.5000000000000004,0.7818314824680298,0.6234898018587336,Monsoon,2,9146842.33,7227530.36,8935787.43,11385523.3,969.0,807.0,9142495.995714286,2504029.337965875,6669551.45,13166049.26,8717858.575714286,2191184.962799426,5801992.61,13166049.26,8452904.628,1852267.7935997653,5359129.2,13166049.26,0.5326460481099656,0.0,0.0,0.14536082474226802,104.67353951890034,0.003436426116838488,10,147,1,0,0,0,0,0,0
2021-08-04,train,8024921.899999999,8024921.899999999,830,1815639.6,278,2021,8,4,2,31,3,0,0,0,-0.8660254037844385,-0.5000000000000004,0.9749279121818236,-0.22252093395631434,Monsoon,2,5891467.77,6669551.45,5801992.61,7268377.73,904.0,846.0,8951629.91142857,2716249.2416281607,5891467.77,13166049.26,8500407.171428572,2315429.6901690518,5801992.61,13166049.26,8269769.443666667,1823699.6787218486,5359129.2,13166049.26,0.4892086330935252,0.0,0.0,0.1356115107913669,102.36690647482014,0.017985611510791366,10,147,1,0,0,0,0,0,0
2021-08-05,train,6834614.86,6834614.86,796,1459808.19,274,2021,8,5,3,31,3,0,0,0,-0.8660254037844385,-0.5000000000000004,0.43388373911755823,-0.900968867902419,Monsoon,2,8024921.899999999,9679436.55,6537705.36,9406647.13,830.0,871.0,9145254.26142857,2570879.6344122044,5891467.77,13166049.26,8659187.834999999,2188913.9801384076,5891467.77,13166049.26,8294987.582666667,1814582.894471379,5359129.2,13166049.26,0.46715328467153283,0.0,0.0,0.1251824817518248,107.10583941605839,0.010948905109489052,10,154,1,0,0,0,0,0,0
2021-08-06,train,7429987.67,7429987.67,856,1512206.51,275,2021,8,6,4,31,3,0,0,0,-0.8660254037844385,-0.5000000000000004,-0.433883739117558,-0.9009688679024191,Monsoon,2,6834614.86,6672280.35,7254698.45,6399226.31,796.0,768.0,8738851.162857143,2694255.9870993504,5891467.77,13166049.26,8680395.656428572,2168117.9219899373,5891467.77,13166049.26,8209253.173666667,1820998.3167602837,5359129.2,13166049.26,0.52,0.0,0.0,0.13199999999999998,107.38181818181818,0.0036363636363636364,10,153,1,0,0,0,0,0,0
2021-08-07,train,12524184.15,12524184.15,1396,3130935.83,289,2021,8,7,5,31,3,1,0,0,-0.8660254037844385,-0.5000000000000004,-0.9749279121818236,-0.2225209339563146,Monsoon,2,7429987.67,11435781.67,11392486.46,8462776.15,856.0,1325.0,8847095.065714285,2611336.9329701955,5891467.77,13166049.26,8692916.315,2159741.2964578876,5891467.77,13166049.26,8243611.8856666675,1795210.6116473924,5359129.2,13166049.26,0.5017301038062284,0.0,0.0,0.13771626297577855,101.51903114186851,0.010380622837370242,10,151,1,0,0,0,0,1,0
2021-08-08,train,11467394.66,11467394.66,1514,2251482.63,291,2021,8,8,6,31,3,1,0,0,-0.8660254037844385,-0.5000000000000004,-0.7818314824680299,0.6234898018587334,Monsoon,2,12524184.15,13166049.26,9654581.66,8179428.99,1396.0,1425.0,9002581.134285714,2815579.8053240404,5891467.77,13166049.26,8773751.864285713,2286039.9910773905,5891467.77,13166049.26,8378992.152333333,1958061.00872079,5359129.2,13166049.26,0.5292096219931272,0.0,0.0,0.15670103092783505,101.62886597938144,0.003436426116838488,10,156,1,0,0,0,0,1,0
2021-08-09,train,7041188.31,7041188.31,768,1841606.75,258,2021,8,9,0,32,3,0,0,0,-0.8660254037844385,-0.5000000000000004,0.0,1.0,Monsoon,2,11467394.66,9146842.33,8475296.12,10057048.57,1514.0,969.0,8759916.19142857,2445866.3360233465,5891467.77,12524184.15,8903238.507142857,2388801.4413871644,5891467.77,13166049.26,8488591.008,2036935.932676279,5359129.2,13166049.26,0.5038759689922481,0.0,0.0,0.15387596899224806,104.51550387596899,0.007751937984496124,10,145,1,0,0,0,0,0,0
2021-08-10,train,6557753.79,6557753.79,830,1455421.48,276,2021,8,10,1,32,3,0,0,0,-0.8660254037844385,-0.5000000000000004,0.7818314824680298,0.6234898018587336,Monsoon,2,7041188.31,5891467.77,7227530.36,7206216.33,768.0,904.0,8459108.474285714,2518746.034471483,5891467.77,12524184.15,8800802.235000001,2438789.6089108977,5891467.77,13166049.26,8388062.332666666,2031271.614891554,5359129.2,13166049.26,0.4673913043478261,0.0,0.0,0.13369565217391305,106.6376811594203,0.0036231884057971015,10,145,1,0,0,0,0,0,0
2021-08-11,train,6228058.75,6228058.75,888,1224555.8,288,2021,8,11,2,32,3,0,0,0,-0.8660254037844385,-0.5000000000000004,0.9749279121818236,-0.22252093395631434,Monsoon,2,6557753.79,8024921.899999999,6669551.45,7451722.4399999995,830.0,830.0,8554292.19142857,2416038.106283418,6557753.79,12524184.15,8752961.051428571,2478275.933991623,5891467.77,13166049.26,8366446.914666667,2047665.7814990394,5359129.2,13166049.26,0.5451388888888888,0.0,0.0,0.1482638888888889,103.14236111111111,0.003472222222222222,10,155,1,0,0,0,0,0,0
2021-08-12,train,6378715.3,6378715.3,803,1564545.12,260,2021,8,12,3,32,3,0,0,0,-0.8660254037844385,-0.5000000000000004,0.43388373911755823,-0.900968867902419,Monsoon,2,6228058.75,6834614.86,9679436.55,7504677.46,888.0,796.0,8297597.455714285,2572071.946675509,6228058.75,12524184.15,8721425.858571429,2509438.864214954,5891467.77,13166049.26,8325658.125,2078470.8466122826,5359129.2,13166049.26,0.4461538461538462,0.0,0.0,0.13576923076923075,104.21538461538462,0.0038461538461538464,10,143,1,0,0,0,0,0,0
2021-08-13,train,8536306.04,8536306.04,946,1733979.09,305,2021,8,13,4,32,3,0,0,0,-0.8660254037844385,-0.5000000000000004,-0.433883739117558,-0.9009688679024191,Monsoon,2,6378715.3,7429987.67,6672280.35,8712135.69,803.0,856.0,8232468.947142856,2620604.993349357,6228058.75,12524184.15,8485660.055,2566904.682694416,5891467.77,13166049.26,8288126.053,2103818.434582248,5359129.2,13166049.26,0.5180327868852459,0.0,0.0,0.15245901639344261,101.53114754098361,0.0,10,142,1,0,0,0,0,0,0
2021-08-14,train,10715562.58,10715562.58,1417,2380492.52,293,2021,8,14,5,32,3,1,0,0,-0.8660254037844385,-0.5000000000000004,-0.9749279121818236,-0.2225209339563146,Monsoon,2,8536306.04,12524184.15,11435781.67,7720222.9799999995,946.0,1396.0,8390514.42857143,2597399.8327313354,6228058.75,12524184.15,8618804.747142857,2513395.334313726,5891467.77,13166049.26,8282265.064666667,2102841.154929617,5359129.2,13166049.26,0.47440273037542663,0.0,0.0,0.12252559726962457,105.94539249146757,0.006825938566552901,10,164,1,0,0,0,0,1,0
2021-08-15,train,11201585.28,11201585.28,1115,2898397.4,231,2021,8,15,6,32,3,1,0,0,-0.8660254037844385,-0.5000000000000004,-0.7818314824680299,0.6234898018587334,Monsoon,2,10715562.58,11467394.66,13166049.26,7152100.71,1417.0,1514.0,8132139.918571428,2172948.732909519,6228058.75,11467394.66,8567360.526428571,2458063.8519130265,5891467.77,13166049.26,8382109.717999999,2145904.3878523842,5359129.2,13166049.26,0.4458874458874459,0.0,0.0,0.11645021645021644,109.0952380952381,0.012987012987012988,10,129,1,0,0,0,0,1,0
2021-08-16,train,8937748.15,8937748.15,973,2094054.43,311,2021,8,16,0,33,3,0,0,0,-0.8660254037844385,-0.5000000000000004,0.0,1.0,Monsoon,2,11201585.28,7041188.31,9146842.33,9948347.71,1115.0,768.0,8094167.149999999,2106249.2054843707,6228058.75,11201585.28,8427041.670714285,2219885.0169000565,5891467.77,12524184.15,8517092.536999999,2192716.572518475,5359129.2,13166049.26,0.4758842443729904,0.0,0.0,0.13408360128617364,106.62057877813506,0.00964630225080386,10,156,1,0,0,0,0,0,0
2021-08-17,train,8147158.52,8147158.52,865,1926454.31,280,2021,8,17,1,33,3,0,0,0,-0.8660254037844385,-0.5000000000000004,0.7818314824680298,0.6234898018587336,Monsoon,2,8937748.15,6557753.79,5891467.77,9323538.08,973.0,830.0,8365104.2700000005,2069892.521313495,6228058.75,11201585.28,8412106.372142857,2215368.498297121,5891467.77,12524184.15,8483405.885,2177681.3762169154,5359129.2,13166049.26,0.5142857142857142,0.0,0.0,0.1392857142857143,101.675,0.0035714285714285713,10,152,1,0,0,0,0,0,0
2021-08-18,train,7567908.22,7567908.22,854,1590160.72,292,2021,8,18,2,33,3,0,0,0,-0.8660254037844385,-0.5000000000000004,0.9749279121818236,-0.22252093395631434,Monsoon,2,8147158.52,6228058.75,8024921.899999999,5359129.2,865.0,888.0,8592162.088571427,1920365.7689922478,6228058.75,11201585.28,8573227.139999999,2096797.7114981106,6228058.75,12524184.15,8444193.233000001,2172617.207158745,5359129.2,13166049.26,0.4863013698630137,0.0,0.0,0.14143835616438355,104.56506849315069,0.00684931506849315,10,157,1,0,0,0,0,0,0
2021-08-19,train,9974923.67,9974923.67,896,2475655.75,290,2021,8,19,3,33,3,0,0,0,-0.8660254037844385,-0.5000000000000004,0.43388373911755823,-0.900968867902419,Monsoon,2,7567908.22,6378715.3,6834614.86,8935787.43,854.0,803.0,8783569.155714285,1699533.4092370009,6378715.3,11201585.28,8540583.305714285,2109509.55244488,6228058.75,12524184.15,8517819.200333335,2100700.475791684,5801992.61,13166049.26,0.4862068965517241,0.0,0.0,0.14586206896551723,105.67931034482758,0.006896551724137931,10,148,1,0,0,0,0,0,0
2021-08-20,train,7111479.8,7111479.8,838,1901774.57,279,2021,8,20,4,33,3,0,0,0,-0.8660254037844385,-0.5000000000000004,-0.433883739117558,-0.9009688679024191,Monsoon,2,9974923.67,8536306.04,7429987.67,5801992.61,896.0,946.0,9297313.208571428,1361307.9313120707,7567908.22,11201585.28,8764891.077857142,2080920.7548576503,6228058.75,12524184.15,8552457.075,2116338.6951445662,5801992.61,13166049.26,0.5268817204301075,0.0,0.0,0.14157706093189965,103.2258064516129,0.010752688172043012,10,158,1,0,0,0,0,0,0
2021-08-21,train,10656566.55,10656566.55,1374,1843407.83,279,2021,8,21,5,33,3,1,0,0,-0.8660254037844385,-0.5000000000000004,-0.9749279121818236,-0.2225209339563146,Monsoon,2,7111479.8,10715562.58,12524184.15,6537705.36,838.0,1417.0,9093766.602857143,1582596.6498997863,7111479.8,11201585.28,8742140.515714286,2098306.2942124843,6228058.75,12524184.15,8596106.648,2070665.3676732979,5891467.77,13166049.26,0.48028673835125446,0.0,0.0,0.14874551971326164,107.39784946236558,0.0035842293906810036,10,146,1,0,0,0,0,1,0
2021-08-22,train,9954778.97,9954778.97,1415,2374900.36,290,2021,8,22,6,33,3,1,0,0,-0.8660254037844385,-0.5000000000000004,-0.7818314824680299,0.6234898018587334,Monsoon,2,10656566.55,11201585.28,11467394.66,7254698.45,1374.0,1115.0,9085338.598571429,1572646.2413272015,7111479.8,11201585.28,8608739.25857143,1888214.284810676,6228058.75,11467394.66,8733402.021,2066022.1269591523,5891467.77,13166049.26,0.4689655172413793,0.0,0.0,0.12206896551724138,104.50689655172414,0.0034482758620689655,10,156,1,0,0,0,0,1,0
2021-08-23,train,6213690.69,6213690.69,858,1362587.78,278,2021,8,23,0,34,3,0,0,0,-0.8660254037844385,-0.5000000000000004,0.0,1.0,Monsoon,2,9954778.97,8937748.15,7041188.31,11392486.46,1415.0,973.0,8907223.41142857,1347506.8710857185,7111479.8,10656566.55,8500695.280714286,1750298.3173036852,6228058.75,11201585.28,8823404.705,2058180.970816506,5891467.77,13166049.26,0.49280575539568344,0.0,0.0,0.13309352517985612,100.45323741007195,0.0,10,151,1,0,0,0,0,0,0
2021-08-24,train,8350304.33,8350304.33,890,2039587.53,293,2021,8,24,1,34,3,0,0,0,-0.8660254037844385,-0.5000000000000004,0.7818314824680298,0.6234898018587336,Monsoon,2,6213690.69,8147158.52,6557753.79,9654581.66,858.0,865.0,8518072.345714286,1687639.6487330562,6213690.69,10656566.55,8441588.307857143,1816111.5078280128,6213690.69,11201585.28,8650778.179333333,2052446.706482754,5891467.77,13166049.26,0.5017064846416383,0.0,0.0,0.14266211604095563,106.11262798634812,0.0034129692832764505,10,156,1,0,0,0,0,0,0
2021-08-25,train,7221288.78,7221288.78,807,1573767.63,265,2021,8,25,2,34,3,0,0,0,-0.8660254037844385,-0.5000000000000004,0.9749279121818236,-0.22252093395631434,Monsoon,2,8350304.33,7567908.22,6228058.75,8475296.12,890.0,854.0,8547093.175714286,1681935.3477878035,6213690.69,10656566.55,8569627.632142859,1734433.5459541285,6213690.69,11201585.28,8607302.268333334,2044247.9897711773,5891467.77,13166049.26,0.5094339622641509,0.0,0.0,0.13622641509433964,102.1622641509434,0.007547169811320755,10,150,1,0,0,0,0,0,0
2021-08-26,train,7437257.43,7437257.43,803,1937577.12,276,2021,8,26,3,34,3,0,0,0,-0.8660254037844385,-0.5000000000000004,0.43388373911755823,-0.900968867902419,Monsoon,2,7221288.78,9974923.67,6378715.3,7227530.36,807.0,896.0,8497576.112857144,1720233.9776141224,6213690.69,10656566.55,8640572.634285714,1649521.7151338286,6213690.69,11201585.28,8565502.023666667,2059801.9273693468,5891467.77,13166049.26,0.4927536231884058,0.0,0.0,0.12826086956521737,100.18478260869566,0.010869565217391304,10,150,1,0,0,0,0,0,0
2021-08-27,train,8132739.77,8132739.77,829,2124465.5,272,2021,8,27,4,34,3,0,0,0,-0.8660254037844385,-0.5000000000000004,-0.433883739117558,-0.9009688679024191,Monsoon,2,7437257.43,7111479.8,8536306.04,6669551.45,803.0,838.0,8135052.364285715,1621572.552241633,6213690.69,10656566.55,8716182.78642857,1559682.3370303717,6213690.69,11201585.28,8572492.926,2055455.6247044017,5891467.77,13166049.26,0.5110294117647058,0.0,0.0,0.14816176470588235,111.36764705882354,0.011029411764705883,10,155,1,0,0,0,0,0,0
2021-08-28,train,10400163.43,10400163.43,1347,2386047.8000000003,269,2021,8,28,5,34,3,1,0,0,-0.8660254037844385,-0.5000000000000004,-0.9749279121818236,-0.2225209339563146,Monsoon,2,8132739.77,10656566.55,10715562.58,9679436.55,829.0,1374.0,8280946.645714286,1558861.4337265315,6213690.69,10656566.55,8687356.624285715,1566974.8843050792,6213690.69,11201585.28,8621265.87,2025891.6257895113,5891467.77,13166049.26,0.5092936802973977,0.0,0.0,0.1379182156133829,107.56505576208178,0.0,10,149,1,0,0,0,0,1,0
2021-08-29,train,11907921.07,11907921.07,1198,3161235.98,242,2021,8,29,6,34,3,1,0,0,-0.8660254037844385,-0.5000000000000004,-0.7818314824680299,0.6234898018587334,Monsoon,2,10400163.43,9954778.97,11201585.28,6672280.35,1347.0,1415.0,8244317.628571428,1495460.4570856804,6213690.69,10400163.43,8664828.11357143,1537563.4077315102,6213690.69,11201585.28,8645290.099333333,2043073.2930039025,5891467.77,13166049.26,0.45867768595041325,0.0,0.0,0.11859504132231405,107.66528925619835,0.0,10,142,1,0,0,0,0,1,0
2021-08-30,train,6151663.34,6151663.34,797,1469601.45,273,2021,8,30,0,35,3,0,0,0,-0.8660254037844385,-0.5000000000000004,0.0,1.0,Monsoon,2,11907921.07,6213690.69,8937748.15,11435781.67,1198.0,858.0,8523337.92857143,1973565.2068056283,6213690.69,11907921.07,8715280.67,1635664.8749912428,6213690.69,11907921.07,8819811.456666667,2091761.9053523329,5891467.77,13166049.26,0.5018315018315018,0.0,0.0,0.15091575091575093,105.91575091575092,0.007326007326007326,10,147,1,0,0,0,0,0,0
2021-08-31,train,6501995.22,6501995.22,817,1267205.27,256,2021,8,31,1,35,3,0,0,1,-0.8660254037844385,-0.5000000000000004,0.7818314824680298,0.6234898018587336,Monsoon,2,6151663.34,8350304.33,8147158.52,13166049.26,797.0,890.0,8514476.878571428,1985765.0965923925,6151663.34,11907921.07,8516274.612142857,1770449.5053466067,6151663.34,11907921.07,8643674.179,2086355.9403875594,5891467.77,13166049.26,0.5078125,0.0,0.0,0.1515625,105.34375,0.00390625,10,144,1,0,0,0,0,0,0
2021-09-01,train,6197453.08,6197453.08,707,1574071.1,244,2021,9,1,2,35,3,0,1,0,-1.0,-1.8369701987210297e-16,0.9749279121818236,-0.22252093395631434,Monsoon,2,6501995.22,7221288.78,7567908.22,9146842.33,817.0,807.0,8250432.72,2128954.0737852044,6151663.34,11907921.07,8398762.947857143,1849659.7975239914,6151663.34,11907921.07,8421539.044333333,1937721.235763139,5891467.77,12524184.15,0.4918032786885246,0.0,0.0,0.13442622950819672,105.38524590163935,0.012295081967213115,10,135,1,0,0,0,0,0,0
2021-09-02,train,6634426.9799999995,6634426.9799999995,878,1572807.98,289,2021,9,2,3,35,3,0,0,0,-1.0,-1.8369701987210297e-16,0.43388373911755823,-0.900968867902419,Monsoon,2,6197453.08,7437257.43,9974923.67,5891467.77,707.0,803.0,8104170.477142856,2243528.1863223203,6151663.34,11907921.07,8300873.295000001,1931468.7504811182,6151663.34,11907921.07,8323226.0693333335,1974131.623386994,5891467.77,12524184.15,0.48788927335640137,0.0,0.0,0.12664359861591695,103.9446366782007,0.010380622837370242,10,153,1,0,0,0,0,0,0
2021-09-03,train,7118077.27,7118077.27,819,1800794.02,271,2021,9,3,4,35,3,0,0,0,-1.0,-1.8369701987210297e-16,-0.433883739117558,-0.9009688679024191,Monsoon,2,6634426.9799999995,8132739.77,7111479.8,8024921.899999999,878.0,829.0,7989480.412857143,2303034.5414966336,6151663.34,11907921.07,8062266.388571428,1915020.847942551,6151663.34,11907921.07,8347991.376333333,1947047.886098628,6151663.34,12524184.15,0.5424354243542435,0.0,0.0,0.14760147601476015,102.619926199262,0.007380073800738007,10,144,1,0,0,0,0,0,0
2021-09-04,train,12576670.4,12576670.4,1405,2837091.94,291,2021,9,4,5,35,3,1,0,0,-1.0,-1.8369701987210297e-16,-0.9749279121818236,-0.2225209339563146,Monsoon,2,7118077.27,10400163.43,10656566.55,6834614.86,819.0,1347.0,7844528.627142857,2324347.6378208315,6151663.34,11907921.07,8062737.636428571,1914769.6762532701,6151663.34,11907921.07,8317763.222,1959237.811295244,6151663.34,12524184.15,0.5085910652920962,0.0,0.0,0.1367697594501718,102.35051546391753,0.013745704467353952,10,153,1,0,0,0,0,1,0
2021-09-05,train,12908781.75,12908781.75,1387,3486379.6,272,2021,9,5,6,35,3,1,0,0,-1.0,-1.8369701987210297e-16,-0.7818314824680299,0.6234898018587334,Monsoon,2,12576670.4,11907921.07,9954778.97,7429987.67,1405.0,1198.0,8155458.194285714,2816638.2974342243,6151663.34,12576670.4,8199887.911428571,2167003.5259705805,6151663.34,12576670.4,8509165.073333334,2085742.1771882896,6151663.34,12576670.4,0.5,0.0,0.0,0.12720588235294117,101.4595588235294,0.007352941176470588,10,146,1,0,0,0,0,1,0
2021-09-06,train,7331819.03,7331819.03,823,1864686.77,262,2021,9,6,0,36,3,0,0,0,-1.0,-1.8369701987210297e-16,0.0,1.0,Monsoon,2,12908781.75,6151663.34,6213690.69,12524184.15,1387.0,797.0,8298438.291428572,3054251.458374061,6151663.34,12908781.75,8410888.11,2473202.518111619,6151663.34,12908781.75,8691791.542666666,2223314.725390942,6151663.34,12908781.75,0.5267175572519084,0.0,0.0,0.13740458015267176,103.85496183206106,0.0,10,152,1,0,0,0,0,0,0
2021-09-07,train,6984056.76,6984056.76,823,1575685.04,270,2021,9,7,1,36,3,0,0,0,-1.0,-1.8369701987210297e-16,0.7818314824680298,0.6234898018587336,Monsoon,2,7331819.03,6501995.22,8350304.33,11467394.66,823.0,817.0,8467031.961428571,2946677.6532058255,6197453.08,12908781.75,8490754.42,2414139.627519066,6151663.34,12908781.75,8518712.705333333,2114109.629954723,6151663.34,12908781.75,0.48148148148148145,0.0,0.0,0.12296296296296297,106.04814814814814,0.003703703703703704,10,146,1,0,0,0,0,0,0
2021-09-08,train,7310826.28,7310826.28,771,1660568.36,259,2021,9,8,2,36,3,0,0,0,-1.0,-1.8369701987210297e-16,0.9749279121818236,-0.22252093395631434,Monsoon,2,6984056.76,6197453.08,7221288.78,7041188.31,823.0,707.0,8535897.895714285,2898335.8324496066,6197453.08,12908781.75,8393165.307857143,2447636.105410177,6151663.34,12908781.75,8369268.108666667,2056149.3914021184,6151663.34,12908781.75,0.4942084942084942,0.0,0.0,0.1335907335907336,103.55212355212355,0.003861003861003861,10,142,1,0,0,0,0,0,0
2021-09-09,train,5989838.56,5989838.56,757,1156231.15,249,2021,9,9,3,36,3,0,0,0,-1.0,-1.8369701987210297e-16,0.43388373911755823,-0.900968867902419,Monsoon,2,7310826.28,6634426.9799999995,7437257.43,6557753.79,771.0,878.0,8694951.209999999,2776613.4707577084,6634426.9799999995,12908781.75,8399560.843571428,2444453.424717944,6151663.34,12908781.75,8378256.041,2050726.0189432292,6151663.34,12908781.75,0.4779116465863454,0.0,0.0,0.1353413654618474,100.73895582329317,0.004016064257028112,10,139,1,0,0,0,0,0,0
2021-09-10,train,5540824.15,5540824.15,825,1160532.73,259,2021,9,10,4,36,3,0,0,0,-1.0,-1.8369701987210297e-16,-0.433883739117558,-0.9009688679024191,Monsoon,2,5989838.56,7118077.27,8132739.77,6228058.75,757.0,819.0,8602867.15,2865600.9324395163,5989838.56,12908781.75,8296173.781428571,2517793.1779866386,5989838.56,12908781.75,8359325.533333333,2070635.3983357165,5989838.56,12908781.75,0.4671814671814672,0.0,0.0,0.14131274131274132,101.42857142857143,0.003861003861003861,10,147,1,0,0,0,0,0,0
2021-09-11,train,12149675.49,12149675.49,1423,2882588.45,284,2021,9,11,5,36,3,1,0,0,-1.0,-1.8369701987210297e-16,-0.9749279121818236,-0.2225209339563146,Monsoon,2,5540824.15,12576670.4,10400163.43,6378715.3,825.0,1405.0,8377545.275714286,3057398.9201298375,5540824.15,12908781.75,8111036.951428571,2623797.2219713056,5540824.15,12908781.75,8336417.713333334,2098639.1857909663,5540824.15,12908781.75,0.5,0.0,0.0,0.13732394366197184,109.65492957746478,0.0035211267605633804,10,154,1,0,0,0,0,1,0
2021-09-12,train,11098744.44,11098744.44,1335,2342740.63,278,2021,9,12,6,36,3,1,0,0,-1.0,-1.8369701987210297e-16,-0.7818314824680299,0.6234898018587334,Monsoon,2,12149675.49,12908781.75,11907921.07,8536306.04,1423.0,1387.0,8316546.002857143,2962442.604393728,5540824.15,12908781.75,8236002.098571428,2778321.6763507794,5540824.15,12908781.75,8528783.053,2176065.0182585535,5540824.15,12908781.75,0.5215827338129496,0.0,0.0,0.1510791366906475,105.16546762589928,0.017985611510791366,10,149,1,0,0,0,0,1,0
2021-09-13,train,7241326.35,7241326.35,955,1732318.5,294,2021,9,13,0,37,3,0,0,0,-1.0,-1.8369701987210297e-16,0.0,1.0,Monsoon,2,11098744.44,7331819.03,6151663.34,10715562.58,1335.0,823.0,8057969.244285715,2544286.491721955,5540824.15,12149675.49,8178203.767857143,2703465.9108811202,5540824.15,12908781.75,8614197.666333333,2226085.827241978,5540824.15,12908781.75,0.5408163265306123,0.0,0.0,0.14727891156462583,105.79251700680273,0.01020408163265306,10,153,1,0,0,0,0,0,0
2021-09-14,train,8802159.55,8802159.55,894,1974119.74,289,2021,9,14,1,37,3,0,0,0,-1.0,-1.8369701987210297e-16,0.7818314824680298,0.6234898018587336,Monsoon,2,7241326.35,6984056.76,6501995.22,11201585.28,955.0,823.0,8045041.718571429,2548816.8545551156,5540824.15,12149675.49,8256036.840000001,2655900.8970959256,5540824.15,12908781.75,8498389.792,2203249.8131504217,5540824.15,12908781.75,0.4844290657439446,0.0,0.0,0.13771626297577855,103.63321799307958,0.010380622837370242,10,152,1,0,0,0,0,0,0
2021-09-15,train,7477617.98,7477617.98,858,1563473.92,284,2021,9,15,2,37,3,0,0,0,-1.0,-1.8369701987210297e-16,0.9749279121818236,-0.22252093395631434,Monsoon,2,8802159.55,7310826.28,6197453.08,8937748.15,894.0,771.0,8304770.68857143,2515092.062984866,5540824.15,12149675.49,8420334.292142857,2609792.2308739573,5540824.15,12908781.75,8418408.934333334,2144504.4803983765,5540824.15,12908781.75,0.4894366197183099,0.0,0.0,0.14507042253521127,104.51760563380282,0.017605633802816902,10,151,1,0,0,0,0,0,0
2021-09-16,train,6686365.59,6686365.59,838,1315577.52,285,2021,9,16,3,37,3,0,0,0,-1.0,-1.8369701987210297e-16,0.43388373911755823,-0.900968867902419,Monsoon,2,7477617.98,5989838.56,6634426.9799999995,8147158.52,858.0,757.0,8328598.074285715,2504875.5929697594,5540824.15,12149675.49,8511774.642142856,2547603.033073965,5540824.15,12908781.75,8369737.928666667,2148876.153120595,5540824.15,12908781.75,0.4666666666666667,0.0,0.0,0.13543859649122808,105.84210526315789,0.014035087719298246,10,158,1,0,0,0,0,0,0
2021-09-17,train,7470027.22,7470027.22,875,1463395.6,284,2021,9,17,4,37,3,0,0,0,-1.0,-1.8369701987210297e-16,-0.433883739117558,-0.9009688679024191,Monsoon,2,6686365.59,5540824.15,7118077.27,7567908.22,838.0,825.0,8428101.935714286,2408465.4435013356,5540824.15,12149675.49,8515484.542857144,2544695.040814021,5540824.15,12908781.75,8321044.830999999,2170535.157486592,5540824.15,12908781.75,0.4647887323943662,0.0,0.0,0.13767605633802818,100.45422535211267,0.014084507042253521,10,146,1,0,0,0,0,0,0
2021-09-18,train,8424494.85,8424494.85,1307,2049365.46,262,2021,9,18,5,37,3,1,0,0,-1.0,-1.8369701987210297e-16,-0.9749279121818236,-0.2225209339563146,Monsoon,2,7470027.22,12149675.49,12576670.4,9974923.67,875.0,1423.0,8703702.374285715,2115580.286511912,6686365.59,12149675.49,8540623.825000001,2531532.421558949,5540824.15,12908781.75,8317782.130999999,2171779.5030783005,5540824.15,12908781.75,0.44656488549618323,0.0,0.0,0.12938931297709924,104.4618320610687,0.0,10,147,1,0,0,0,0,1,0
2021-09-19,train,11276574.0,11276574.0,1254,3049649.58,256,2021,9,19,6,37,3,1,0,0,-1.0,-1.8369701987210297e-16,-0.7818314824680299,0.6234898018587334,Monsoon,2,8424494.85,11098744.44,12908781.75,7111479.8,1307.0,1335.0,8171533.711428572,1476193.3827341776,6686365.59,11098744.44,8244039.857142857,2249869.714205016,5540824.15,12908781.75,8266101.170333334,2149316.667374765,5540824.15,12908781.75,0.4765625,0.0,0.0,0.126953125,104.2109375,0.00390625,10,145,1,0,0,0,0,1,0
2021-09-20,train,6152954.22,6152954.22,783,1376970.71,260,2021,9,20,0,38,3,0,0,0,-1.0,-1.8369701987210297e-16,0.0,1.0,Monsoon,2,11276574.0,7241326.35,7331819.03,10656566.55,1254.0,955.0,8196937.934285715,1535310.8448445809,6686365.59,11276574.0,8127453.589285715,2020111.0383102589,5540824.15,12149675.49,8404937.643666666,2205938.9362425446,5540824.15,12908781.75,0.47307692307692306,0.0,0.0,0.1253846153846154,105.98076923076923,0.007692307692307693,10,156,1,0,0,0,0,0,0
2021-09-21,train,7438227.26,7438227.26,863,1511870.44,291,2021,9,21,1,38,3,0,0,0,-1.0,-1.8369701987210297e-16,0.7818314824680298,0.6234898018587336,Monsoon,2,6152954.22,8802159.55,6984056.76,9954778.97,783.0,894.0,8041456.201428572,1695018.696124159,6152954.22,11276574.0,8043248.96,2079522.493736229,5540824.15,12149675.49,8254817.232666668,2200660.9007073855,5540824.15,12908781.75,0.5189003436426117,0.0,0.0,0.14776632302405499,103.57388316151203,0.006872852233676976,10,151,1,0,0,0,0,0,0
2021-09-22,train,9261335.87,9261335.87,867,2027480.6,272,2021,9,22,2,38,3,0,0,0,-1.0,-1.8369701987210297e-16,0.9749279121818236,-0.22252093395631434,Monsoon,2,7438227.26,7477617.98,7310826.28,6213690.69,863.0,858.0,7846608.731428571,1671226.4506719878,6152954.22,11276574.0,8075689.71,2065221.331679199,5540824.15,12149675.49,8170932.175666667,2181506.8486349187,5540824.15,12908781.75,0.5073529411764706,0.0,0.0,0.1426470588235294,102.3529411764706,0.01838235294117647,10,151,1,0,0,0,0,0,0
2021-09-23,train,7846421.98,7846421.98,965,1793667.95,300,2021,9,23,3,38,3,0,0,0,-1.0,-1.8369701987210297e-16,0.43388373911755823,-0.900968867902419,Monsoon,2,9261335.87,6686365.59,5989838.56,8350304.33,867.0,838.0,8101425.572857142,1740151.5470304755,6152954.22,11276574.0,8215011.823571429,2075420.2645071053,5540824.15,12149675.49,8272520.348333334,2158054.4643922728,5540824.15,12908781.75,0.4533333333333333,0.0,0.0,0.13233333333333333,104.24,0.0,10,159,1,0,0,0,0,0,0
2021-09-24,train,7637224.42,7637224.42,903,1635261.01,288,2021,9,24,4,38,3,0,0,0,-1.0,-1.8369701987210297e-16,-0.433883739117558,-0.9009688679024191,Monsoon,2,7846421.98,7470027.22,5540824.15,7221288.78,965.0,875.0,8267147.914285715,1634989.768364608,6152954.22,11276574.0,8347624.925,1979394.9289294572,5540824.15,12149675.49,8255724.27,2159388.637071487,5540824.15,12908781.75,0.4756944444444444,0.0,0.0,0.12361111111111112,101.01041666666667,0.0,10,156,1,0,0,0,0,0,0
2021-09-25,train,11404839.01,11404839.01,1478,2551904.82,285,2021,9,25,5,38,3,1,0,0,-1.0,-1.8369701987210297e-16,-0.9749279121818236,-0.2225209339563146,Monsoon,2,7637224.42,8424494.85,12149675.49,7437257.43,903.0,1307.0,8291033.228571428,1622578.0877801958,6152954.22,11276574.0,8497367.801428571,1823915.3358623364,6152954.22,12149675.49,8269588.791333334,2153846.101379597,5540824.15,12908781.75,0.48771929824561405,0.0,0.0,0.13964912280701752,104.89824561403509,0.0035087719298245615,10,163,1,0,0,0,0,1,0
2021-09-26,train,10132568.37,10132568.37,1296,1964428.91,263,2021,9,26,6,38,3,1,0,0,-1.0,-1.8369701987210297e-16,-0.7818314824680299,0.6234898018587334,Monsoon,2,11404839.01,11276574.0,11098744.44,8132739.77,1478.0,1254.0,8716796.680000002,2008548.8430590716,6152954.22,11404839.01,8444165.195714286,1716908.7408261134,6152954.22,11404839.01,8401841.510666667,2221717.5152529706,5540824.15,12908781.75,0.4828897338403042,0.0,0.0,0.13498098859315588,107.5551330798479,0.0,10,147,1,0,0,0,0,1,0
2021-09-27,train,6775120.14,6775120.14,859,1334755.04,293,2021,9,27,0,39,3,0,0,0,-1.0,-1.8369701987210297e-16,0.0,1.0,Monsoon,2,10132568.37,6152954.22,7241326.35,10400163.43,1296.0,783.0,8553367.304285714,1801415.9317056763,6152954.22,11404839.01,8375152.619285713,1618601.4649666324,6152954.22,11404839.01,8468502.464,2243262.1108684554,5540824.15,12908781.75,0.4948805460750853,0.0,0.0,0.14095563139931738,112.580204778157,0.006825938566552901,10,150,1,0,0,0,0,0,0
2021-09-28,train,7574800.87,7574800.87,820,1807942.14,272,2021,9,28,1,39,3,0,0,0,-1.0,-1.8369701987210297e-16,0.7818314824680298,0.6234898018587336,Monsoon,2,6775120.14,7438227.26,8802159.55,11907921.07,859.0,863.0,8642248.15,1674090.6747123986,6775120.14,11404839.01,8341852.175714285,1648246.9984654735,6152954.22,11404839.01,8347667.687666667,2233234.243131848,5540824.15,12908781.75,0.4963235294117647,0.0,0.0,0.13566176470588234,102.24264705882354,0.0,10,141,1,0,0,0,0,0,0
2021-09-29,train,6492074.83,6492074.83,769,1566184.32,251,2021,9,29,2,39,3,0,0,0,-1.0,-1.8369701987210297e-16,0.9749279121818236,-0.22252093395631434,Monsoon,2,7574800.87,9261335.87,7477617.98,6151663.34,820.0,867.0,8661758.665714284,1658442.5572110834,6775120.14,11404839.01,8254183.698571429,1654509.463528001,6152954.22,11404839.01,8203230.347666667,2132901.3344466896,5540824.15,12908781.75,0.4860557768924303,0.0,0.0,0.13784860557768924,103.64143426294821,0.00398406374501992,10,147,1,0,0,0,0,0,0
2021-09-30,train,7918869.62,7918869.62,813,1850732.31,264,2021,9,30,3,39,3,0,0,1,-1.0,-1.8369701987210297e-16,0.43388373911755823,-0.900968867902419,Monsoon,2,6492074.83,7846421.98,6686365.59,6501995.22,769.0,965.0,8266149.945714286,1814528.4787465502,6492074.83,11404839.01,8183787.759285714,1710124.049873737,6152954.22,11404839.01,8214577.397333334,2122490.715829256,5540824.15,12908781.75,0.49242424242424243,0.0,0.0,0.13333333333333333,102.34469696969697,0.007575757575757576,10,143,1,0,0,0,0,0,0
2021-10-01,train,7737833.55,7737833.55,853,1963066.26,291,2021,10,1,4,39,4,0,1,0,-0.8660254037844386,0.5000000000000001,-0.433883739117558,-0.9009688679024191,Autumn,3,7918869.62,7637224.42,7470027.22,6197453.08,813.0,903.0,8276499.60857143,1811940.2055931825,6492074.83,11404839.01,8271823.761428571,1658039.1383861392,6152954.22,11404839.01,8261806.544,2098699.317486001,5540824.15,12908781.75,0.41237113402061853,0.0,0.0,0.10962199312714778,104.69072164948453,0.0,10,153,1,0,0,0,0,0,0
2021-10-02,train,10851468.27,10851468.27,1284,2348490.4,271,2021,10,2,5,39,4,1,0,0,-0.8660254037844386,0.5000000000000001,-0.9749279121818236,-0.2225209339563146,Autumn,3,7737833.55,11404839.01,8424494.85,6634426.9799999995,853.0,1478.0,8290872.341428571,1806414.7816257365,6492074.83,11404839.01,8290952.784999999,1649600.5151811948,6152954.22,11404839.01,8313152.559666666,2065025.056253074,5540824.15,12908781.75,0.45018450184501846,0.0,0.0,0.12472324723247231,103.69372693726937,0.007380073800738007,10,142,1,0,0,0,0,1,0
2021-10-03,train,11359335.68,11359335.68,1276,2995663.49,266,2021,10,3,6,39,4,1,0,0,-0.8660254037844386,0.5000000000000001,-0.7818314824680299,0.6234898018587334,Autumn,3,10851468.27,10132568.37,11276574.0,7118077.27,1284.0,1296.0,8211819.378571427,1653023.6779682986,6492074.83,10851468.27,8464308.029285714,1786553.2279443752,6152954.22,11404839.01,8453720.602666667,2090187.8470090847,5540824.15,12908781.75,0.46616541353383456,0.0,0.0,0.1349624060150376,103.28195488721805,0.007518796992481203,10,147,1,0,0,0,0,1,0
2021-10-04,train,7364675.12,7364675.12,814,1713637.48,270,2021,10,4,0,40,4,0,0,0,-0.8660254037844386,0.5000000000000001,0.0,1.0,Autumn,3,11359335.68,6775120.14,6152954.22,12576670.4,1276.0,859.0,8387071.85142857,1932076.2517099718,6492074.83,11359335.68,8470219.577857142,1796682.7901674714,6152954.22,11404839.01,8595095.883,2139583.5770042264,5540824.15,12908781.75,0.4925925925925926,0.0,0.0,0.12222222222222222,101.66666666666667,0.0,10,151,1,0,0,0,0,0,0
2021-10-05,train,6613641.4,6613641.4,872,1435727.72,288,2021,10,5,1,40,4,0,0,0,-0.8660254037844386,0.5000000000000001,0.7818314824680298,0.6234898018587336,Autumn,3,7364675.12,7574800.87,7438227.26,12908781.75,814.0,820.0,8471293.99142857,1861664.3552175285,6492074.83,11359335.68,8556771.070714286,1703221.6348628683,6492074.83,11404839.01,8421362.706999999,2012994.1820573548,5540824.15,12908781.75,0.5243055555555556,0.0,0.0,0.13784722222222223,102.90972222222223,0.013888888888888888,10,160,1,0,0,0,0,0,0
2021-10-06,train,7615847.37,7615847.37,864,1569162.86,291,2021,10,6,2,40,4,0,0,0,-0.8660254037844386,0.5000000000000001,0.9749279121818236,-0.22252093395631434,Autumn,3,6613641.4,6492074.83,9261335.87,7331819.03,872.0,769.0,8333985.495714285,1971038.7659653942,6492074.83,11359335.68,8497872.080714285,1758245.9916598909,6492074.83,11404839.01,8211524.695333333,1850649.3609187657,5540824.15,12149675.49,0.4879725085910653,0.0,0.0,0.13298969072164948,108.29896907216495,0.006872852233676976,10,157,1,0,0,0,0,0,0
2021-10-07,train,7560579.81,7560579.81,794,1593986.25,273,2021,10,7,3,40,4,0,0,0,-0.8660254037844386,0.5000000000000001,0.43388373911755823,-0.900968867902419,Autumn,3,7615847.37,7918869.62,7846421.98,6984056.76,864.0,813.0,8494524.430000002,1837237.106944896,6613641.4,11359335.68,8380337.187857143,1758282.9231440527,6492074.83,11404839.01,8220992.306666667,1846716.088211982,5540824.15,12149675.49,0.5164835164835165,0.0,0.0,0.15824175824175826,109.27106227106228,0.007326007326007326,10,144,1,0,0,0,0,0,0
2021-10-08,train,7232361.21,7232361.21,824,1698895.44,271,2021,10,8,4,40,4,0,0,0,-0.8660254037844386,0.5000000000000001,-0.433883739117558,-0.9009688679024191,Autumn,3,7560579.81,7737833.55,7637224.42,7310826.28,794.0,853.0,8443340.17142857,1860787.307274521,6613641.4,11359335.68,8359919.890000001,1766599.634158254,6492074.83,11404839.01,8240209.741666666,1836371.0919043245,5540824.15,12149675.49,0.4833948339483395,0.0,0.0,0.13357933579335796,103.7380073800738,0.01107011070110701,10,148,1,0,0,0,0,0,0
2021-10-09,train,11556660.8,11556660.8,1267,2967516.58,274,2021,10,9,5,40,4,1,0,0,-0.8660254037844386,0.5000000000000001,-0.9749279121818236,-0.2225209339563146,Autumn,3,7232361.21,10851468.27,11404839.01,5989838.56,824.0,1284.0,8371129.837142857,1902078.0978964067,6613641.4,11359335.68,8331001.089285715,1782581.4719174353,6492074.83,11404839.01,8237594.239333333,1837795.7622320466,5540824.15,12149675.49,0.48905109489051096,0.0,0.0,0.13175182481751826,105.8029197080292,0.0072992700729927005,10,145,1,0,0,0,0,1,0
2021-10-10,train,11802753.93,11802753.93,1319,3135705.88,285,2021,10,10,6,40,4,1,0,0,-0.8660254037844386,0.5000000000000001,-0.7818314824680299,0.6234898018587334,Autumn,3,11556660.8,11359335.68,10132568.37,5540824.15,1267.0,1276.0,8471871.627142858,2066877.3935186127,6613641.4,11556660.8,8341845.502857142,1803063.882577645,6492074.83,11556660.8,8423154.980666665,1883486.479406441,5540824.15,12149675.49,0.5157894736842106,0.0,0.0,0.13789473684210526,105.45964912280702,0.0035087719298245615,10,155,1,0,0,0,0,1,0
2021-10-11,train,6420489.13,6420489.13,725,1780088.72,246,2021,10,11,0,41,4,0,0,0,-0.8660254037844386,0.5000000000000001,0.0,1.0,Autumn,3,11802753.93,7364675.12,6775120.14,12149675.49,1319.0,814.0,8535217.091428572,2174133.2634353186,6613641.4,11802753.93,8461144.471428571,1977478.1741488678,6492074.83,11802753.93,8631885.973333333,1899953.8782699194,6152954.22,12149675.49,0.5040650406504065,0.0,0.0,0.14065040650406505,105.91463414634147,0.0040650406504065045,10,135,1,0,0,0,0,0,0
2021-10-12,train,8239248.54,8239248.54,892,2021735.49,296,2021,10,12,1,41,4,0,0,0,-0.8660254037844386,0.5000000000000001,0.7818314824680298,0.6234898018587336,Autumn,3,6420489.13,6613641.4,7574800.87,11098744.44,725.0,872.0,8400333.378571428,2285303.889896941,6420489.13,11802753.93,8435813.685,2002845.5175653957,6420489.13,11802753.93,8440913.094666667,1820441.6965972087,6152954.22,11802753.93,0.527027027027027,0.0,0.0,0.14493243243243242,102.5945945945946,0.010135135135135136,10,153,1,0,0,0,0,0,0
2021-10-13,train,6839031.98,6839031.98,777,1666527.65,265,2021,10,13,2,41,4,0,0,0,-0.8660254037844386,0.5000000000000001,0.9749279121818236,-0.22252093395631434,Autumn,3,8239248.54,7615847.37,6492074.83,7241326.35,892.0,864.0,8632562.97,2152202.3306390527,6420489.13,11802753.93,8483274.232857144,1988695.589348173,6420489.13,11802753.93,8345596.564666667,1749978.0792343067,6152954.22,11802753.93,0.5018867924528302,0.0,0.0,0.14075471698113207,100.2,0.011320754716981131,10,146,1,0,0,0,0,0,0
2021-10-14,train,6108633.14,6108633.14,790,1432935.94,257,2021,10,14,3,41,4,0,0,0,-0.8660254037844386,0.5000000000000001,0.43388373911755823,-0.900968867902419,Autumn,3,6839031.98,7560579.81,7918869.62,8802159.55,777.0,794.0,8521589.342857143,2231915.694771623,6420489.13,11802753.93,8508056.88642857,1963981.2571073566,6420489.13,11802753.93,8332186.752333333,1760242.9740686626,6152954.22,11802753.93,0.5291828793774319,0.0,0.0,0.1470817120622568,111.34630350194553,0.0,10,148,1,0,0,0,0,0,0
2021-10-15,train,6618306.55,6618306.55,781,1831038.29,271,2021,10,15,4,41,4,0,0,0,-0.8660254037844386,0.5000000000000001,-0.433883739117558,-0.9009688679024191,Autumn,3,6108633.14,7232361.21,7737833.55,7477617.98,790.0,824.0,8314168.390000001,2397441.0025512176,6108633.14,11802753.93,8378754.280714286,2062856.7813309035,6108633.14,11802753.93,8242402.5386666665,1803604.4809811795,6108633.14,11802753.93,0.4981549815498155,0.0,0.0,0.14833948339483397,110.41697416974169,0.0036900369003690036,10,157,1,0,0,0,0,0,0
2021-10-16,train,10462437.73,10462437.73,1248,2195370.68,269,2021,10,16,5,41,4,1,0,0,-0.8660254037844386,0.5000000000000001,-0.9749279121818236,-0.2225209339563146,Autumn,3,6618306.55,11556660.8,10851468.27,6686365.59,781.0,1267.0,8226446.295714286,2454183.9991183174,6108633.14,11802753.93,8298788.066428572,2110756.1131065143,6108633.14,11802753.93,8213758.824333334,1822889.5504282075,6108633.14,11802753.93,0.49070631970260226,0.0,0.0,0.13903345724907062,103.6096654275093,0.007434944237918215,10,150,1,0,0,0,0,1,0
2021-10-17,train,10719039.83,10719039.83,1221,2281936.29,255,2021,10,17,6,41,4,1,0,0,-0.8660254037844386,0.5000000000000001,-0.7818314824680299,0.6234898018587334,Autumn,3,10462437.73,11802753.93,11359335.68,7470027.22,1248.0,1319.0,8070128.714285715,2231456.824400026,6108633.14,11802753.93,8271000.170714286,2076853.7799370924,6108633.14,11802753.93,8339627.895666667,1844032.304991389,6108633.14,11802753.93,0.5568627450980392,0.0,0.0,0.15254901960784314,106.78039215686275,0.00784313725490196,10,139,1,0,0,0,0,1,0
2021-10-18,train,6967543.57,6967543.57,838,1670037.23,281,2021,10,18,0,42,4,0,0,0,-0.8660254037844386,0.5000000000000001,0.0,1.0,Autumn,3,10719039.83,6420489.13,7364675.12,8424494.85,1221.0,725.0,7915312.414285715,1949053.6099056497,6108633.14,10719039.83,8225264.752857142,2009572.8374912757,6108633.14,11802753.93,8447928.316000002,1886126.5315775364,6108633.14,11802753.93,0.49466192170818507,0.0,0.0,0.13558718861209965,104.0355871886121,0.0035587188612099642,10,153,1,0,0,0,0,0,0
2021-10-19,train,7274093.61,7274093.61,819,1700528.24,262,2021,10,19,1,42,4,0,0,0,-0.8660254037844386,0.5000000000000001,0.7818314824680298,0.6234898018587336,Autumn,3,6967543.57,8239248.54,6613641.4,11276574.0,838.0,892.0,7993463.048571429,1889174.2607639714,6108633.14,10719039.83,8196898.213571429,2025395.7195359154,6108633.14,11802753.93,8399363.273333333,1905409.3457229708,6108633.14,11802753.93,0.49236641221374045,0.0,0.0,0.1416030534351145,108.00381679389314,0.0,10,148,1,0,0,0,0,0,0
2021-10-20,train,7047206.7299999995,7047206.7299999995,873,1556524.05,299,2021,10,20,2,42,4,0,0,0,-0.8660254037844386,0.5000000000000001,0.9749279121818236,-0.22252093395631434,Autumn,3,7274093.61,6839031.98,7615847.37,6152954.22,819.0,777.0,7855583.772857144,1903412.870952767,6108633.14,10719039.83,8244073.371428572,1993116.4412832274,6108633.14,11802753.93,8265947.260333332,1835857.9103431196,6108633.14,11802753.93,0.4816053511705686,0.0,0.0,0.12608695652173915,103.32775919732441,0.0,10,160,1,0,0,0,0,0,0
2021-10-21,train,7396674.37,7396674.37,780,1729616.18,260,2021,10,21,3,42,4,0,0,0,-0.8660254037844386,0.5000000000000001,0.43388373911755823,-0.900968867902419,Autumn,3,7047206.7299999995,6108633.14,7560579.81,7438227.26,873.0,790.0,7885323.022857143,1886433.5079180226,6108633.14,10719039.83,8203456.182857143,2012602.528588774,6108633.14,11802753.93,8295755.6773333335,1807406.0893443446,6108633.14,11802753.93,0.5153846153846153,0.0,0.0,0.15,103.51153846153846,0.0038461538461538464,10,144,1,0,0,0,0,0,0
2021-10-22,train,8256111.86,8256111.86,855,1881234.5,283,2021,10,22,4,42,4,0,0,0,-0.8660254037844386,0.5000000000000001,-0.433883739117558,-0.9009688679024191,Autumn,3,7396674.37,6618306.55,7232361.21,9261335.87,780.0,781.0,8069328.912857143,1741499.9125267786,6618306.55,10719039.83,8191748.651428571,2017101.5788035686,6108633.14,11802753.93,8294370.581,1808101.7006611438,6108633.14,11802753.93,0.49469964664310956,0.0,0.0,0.13886925795053,106.08833922261483,0.0035335689045936395,10,150,1,0,0,0,0,0,0
2021-10-23,train,9686142.96,9686142.96,1348,1891234.01,277,2021,10,23,5,42,4,1,0,0,-0.8660254037844386,0.5000000000000001,-0.9749279121818236,-0.2225209339563146,Autumn,3,8256111.86,10462437.73,11556660.8,7846421.98,855.0,1248.0,8303301.100000001,1619832.9519491398,6967543.57,10719039.83,8264873.697857142,1998113.3539067882,6108633.14,11802753.93,8260863.113999999,1798854.811830599,6108633.14,11802753.93,0.49458483754512633,0.0,0.0,0.1368231046931408,107.81227436823104,0.0,10,153,1,0,0,0,0,1,0
2021-10-24,train,9502508.72,9502508.72,1187,2136180.24,247,2021,10,24,6,42,4,1,0,0,-0.8660254037844386,0.5000000000000001,-0.7818314824680299,0.6234898018587334,Autumn,3,9686142.96,10719039.83,11802753.93,7637224.42,1348.0,1221.0,8192401.8471428575,1466710.768243703,6967543.57,10719039.83,8131265.2807142865,1815238.2284348418,6108633.14,11802753.93,8322187.1466666665,1815520.4674458054,6108633.14,11802753.93,0.5020242914979757,0.0,0.0,0.1417004048582996,100.26315789473684,0.008097165991902834,10,144,1,0,0,0,0,1,0
2021-10-25,train,7203261.33,7203261.33,820,1870399.96,263,2021,10,25,0,43,4,0,0,0,-0.8660254037844386,0.5000000000000001,0.0,1.0,Autumn,3,9502508.72,6967543.57,6420489.13,11404839.01,1187.0,838.0,8018611.688571429,1156755.6824634844,6967543.57,9686142.96,7966962.051428571,1540696.8875111414,6108633.14,10719039.83,8384363.29,1823177.704839431,6108633.14,11802753.93,0.49809885931558934,0.0,0.0,0.13878326996197718,102.52091254752851,0.011406844106463879,10,149,1,0,0,0,0,0,0
2021-10-26,train,6735321.53,6735321.53,778,1532170.3,254,2021,10,26,1,43,4,0,0,0,-0.8660254037844386,0.5000000000000001,0.7818314824680298,0.6234898018587336,Autumn,3,7203261.33,7274093.61,8239248.54,10132568.37,820.0,819.0,8052285.654285714,1124026.7433833703,7047206.7299999995,9686142.96,8022874.351428571,1493746.023890308,6108633.14,10719039.83,8244310.700666667,1742754.634743918,6108633.14,11802753.93,0.4448818897637795,0.0,0.0,0.11929133858267717,105.63385826771653,0.003937007874015748,10,142,1,0,0,0,0,0,0
2021-10-27,train,8691246.09,8691246.09,840,2104503.9,281,2021,10,27,2,43,4,0,0,0,-0.8660254037844386,0.5000000000000001,0.9749279121818236,-0.22252093395631434,Autumn,3,6735321.53,7047206.7299999995,6839031.98,6775120.14,778.0,873.0,7975318.214285715,1201940.130107094,6735321.53,9686142.96,7915450.993571429,1530611.2650141765,6108633.14,10719039.83,8131069.139333334,1726122.2191286373,6108633.14,11802753.93,0.4875444839857651,0.0,0.0,0.13843416370106762,105.36654804270462,0.010676156583629894,10,151,1,0,0,0,0,0,0
2021-10-28,train,8755265.68,8755265.68,944,1840103.44,303,2021,10,28,3,43,4,0,0,0,-0.8660254037844386,0.5000000000000001,0.43388373911755823,-0.900968867902419,Autumn,3,8691246.09,7396674.37,6108633.14,7574800.87,840.0,780.0,8210180.9799999995,1149854.963542511,6735321.53,9686142.96,8047752.001428572,1510327.3034216573,6108633.14,10719039.83,8194940.004333333,1709590.1449854246,6108633.14,11802753.93,0.5445544554455446,0.0,0.0,0.1396039603960396,105.44884488448845,0.006600660066006601,10,155,1,0,0,0,0,0,0
2021-10-29,train,6264711.88,6264711.88,840,1420043.8,294,2021,10,29,4,43,4,0,0,0,-0.8660254037844386,0.5000000000000001,-0.433883739117558,-0.9009688679024191,Autumn,3,8755265.68,8256111.86,6618306.55,6492074.83,944.0,855.0,8404265.452857142,1103376.7466683665,6735321.53,9686142.96,8236797.182857143,1411333.571291588,6618306.55,10719039.83,8234288.831333334,1708409.2001786705,6108633.14,11802753.93,0.5272108843537415,0.0,0.0,0.14217687074829932,102.17006802721089,0.006802721088435374,10,159,1,0,0,0,0,0,0
2021-10-30,train,9709260.24,9709260.24,1230,1858332.23,256,2021,10,30,5,43,4,1,0,0,-0.8660254037844386,0.5000000000000001,-0.9749279121818236,-0.2225209339563146,Autumn,3,6264711.88,9686142.96,10462437.73,7918869.62,840.0,1348.0,8119779.741428571,1371972.8273870812,6264711.88,9686142.96,8211540.420714286,1445281.1730576684,6264711.88,10719039.83,8226710.066333333,1716887.7061748165,6108633.14,11802753.93,0.49609375,0.0,0.0,0.143359375,104.39453125,0.0078125,10,147,1,0,0,0,0,1,0
2021-10-31,train,14402653.81,14402653.81,1263,4221413.13,274,2021,10,31,6,43,4,1,0,1,-0.8660254037844386,0.5000000000000001,-0.7818314824680299,0.6234898018587334,Autumn,3,9709260.24,9502508.72,10719039.83,7737833.55,1230.0,1187.0,8123082.21,1376392.3140639435,6264711.88,9709260.24,8157742.028571429,1366944.8225233955,6264711.88,10719039.83,8286389.753666667,1736819.7035589435,6108633.14,11802753.93,0.4744525547445255,0.0,0.0,0.12226277372262774,105.53284671532846,0.010948905109489052,10,158,1,0,0,0,0,1,0
2021-11-01,train,7051609.67,7051609.67,869,1662817.07,279,2021,11,1,0,44,4,0,1,0,-0.5000000000000004,0.8660254037844384,0.0,1.0,Autumn,3,14402653.81,7203261.33,6967543.57,10851468.27,1263.0,820.0,8823102.937142858,2752778.4045491847,6264711.88,14402653.81,8420857.312857144,2071054.3118158197,6264711.88,14402653.81,8508550.429,2060355.249965268,6108633.14,14402653.81,0.5268817204301075,0.0,0.0,0.14516129032258066,103.4695340501792,0.007168458781362007,10,148,1,0,0,0,0,0,0
2021-11-02,train,5780125.08,5780125.08,751,1196477.51,249,2021,11,2,1,44,4,0,0,0,-0.5000000000000004,0.8660254037844384,0.7818314824680298,0.6234898018587336,Autumn,3,7051609.67,6735321.53,7274093.61,11359335.68,869.0,778.0,8801438.414285716,2768204.8867380056,6264711.88,14402653.81,8426862.034285715,2066633.6616894263,6264711.88,14402653.81,8381888.475666666,2027899.9140321522,6108633.14,14402653.81,0.570281124497992,0.0,0.0,0.1634538152610442,106.32530120481928,0.004016064257028112,10,142,1,0,0,0,0,0,0
2021-11-03,train,8266117.75,8266117.75,835,1952992.1800000002,278,2021,11,3,2,44,4,0,0,0,-0.5000000000000004,0.8660254037844384,0.9749279121818236,-0.22252093395631434,Autumn,3,5780125.08,8691246.09,7047206.7299999995,7364675.12,751.0,840.0,8664981.778571429,2907086.2319554607,5780125.08,14402653.81,8320149.996428572,2166876.3059720984,5780125.08,14402653.81,8195914.789000001,2001080.383426391,5780125.08,14402653.81,0.5179856115107914,0.0,0.0,0.1496402877697842,103.93884892086331,0.007194244604316547,10,159,1,0,0,0,0,0,0
2021-11-04,train,17122868.62,17122868.62,2077,3224610.5,261,2021,11,4,3,44,4,0,0,0,-0.5000000000000004,0.8660254037844384,0.43388373911755823,-0.900968867902419,Autumn,3,8266117.75,8755265.68,7396674.37,6613641.4,835.0,944.0,8604249.158571428,2910884.3358865753,5780125.08,14402653.81,8407215.069285715,2136063.928338366,5780125.08,14402653.81,8225962.876666667,1994926.6754161816,5780125.08,14402653.81,1.0,1.0,1.0,0.2,105.11494252873563,0.007662835249042145,10,143,1,1,1,1,0,0,1
2021-11-05,train,8011489.46,8011489.46,855,2189889.88,275,2021,11,5,4,44,4,0,0,0,-0.5000000000000004,0.8660254037844384,-0.433883739117558,-0.9009688679024191,Autumn,3,17122868.62,6264711.88,8256111.86,7615847.37,2077.0,840.0,9799621.007142859,4347051.87925956,5780125.08,17122868.62,9101943.23,3131727.9777543494,5780125.08,17122868.62,8576270.450666668,2548063.024567735,5780125.08,17122868.62,0.44,0.0,0.0,0.11309090909090909,103.11636363636363,0.01090909090909091,10,156,1,0,0,0,0,0,0
2021-11-06,train,11680801.37,11680801.37,1220,2505989.2,257,2021,11,6,5,44,4,1,0,0,-0.5000000000000004,0.8660254037844384,-0.9749279121818236,-0.2225209339563146,Autumn,3,8011489.46,9709260.24,9686142.96,7560579.81,855.0,1230.0,10049160.66142857,4156262.3807363827,5780125.08,17122868.62,9084470.201428572,3137487.3100606166,5780125.08,17122868.62,8589458.520333333,2543941.2637982257,5780125.08,17122868.62,0.5214007782101168,0.0,0.0,0.1443579766536965,101.1828793774319,0.011673151750972763,10,150,1,0,0,0,0,1,0
2021-11-07,train,8816893.3,8816893.3,1186,1900296.1,261,2021,11,7,6,44,4,1,0,0,-0.5000000000000004,0.8660254037844384,-0.7818314824680299,0.6234898018587334,Autumn,3,11680801.37,14402653.81,9502508.72,7232361.21,1220.0,1263.0,10330809.394285712,4196000.852190226,5780125.08,17122868.62,9226945.802142857,3211331.8749462115,5780125.08,17122868.62,8726799.239,2597143.0754706943,5780125.08,17122868.62,0.5402298850574713,0.0,0.0,0.14597701149425288,105.05747126436782,0.0,10,152,1,0,0,0,0,1,0
2021-11-08,train,6172773.61,6172773.61,796,1455865.57,263,2021,11,8,0,45,4,0,0,0,-0.5000000000000004,0.8660254037844384,0.0,1.0,Autumn,3,8816893.3,7051609.67,7203261.33,11556660.8,1186.0,869.0,9532843.607142856,3805551.167309996,5780125.08,17122868.62,9177973.272142857,3212034.020735189,5780125.08,17122868.62,8779616.975333333,2581769.5949354437,5780125.08,17122868.62,0.4448669201520912,0.0,0.0,0.12889733840304182,102.6083650190114,0.0038022813688212928,10,146,1,0,0,0,0,0,0
2021-11-09,train,9062355.68,9062355.68,811,2364938.55,260,2021,11,9,1,45,4,0,0,0,-0.5000000000000004,0.8660254037844384,0.7818314824680298,0.6234898018587336,Autumn,3,6172773.61,5780125.08,6735321.53,11802753.93,796.0,751.0,9407295.598571429,3914003.2903189044,5780125.08,17122868.62,9104367.006428571,3272014.206249155,5780125.08,17122868.62,8600154.069,2569166.944572498,5780125.08,17122868.62,0.5384615384615384,0.0,0.0,0.14384615384615385,105.53076923076924,0.011538461538461539,10,145,1,0,0,0,0,0,0
2021-11-10,train,6860654.59,6860654.59,880,1708693.51,295,2021,11,10,2,45,4,0,0,0,-0.5000000000000004,0.8660254037844384,0.9749279121818236,-0.22252093395631434,Autumn,3,9062355.68,8266117.75,8691246.09,6420489.13,811.0,835.0,9876185.684285713,3590267.927073258,6172773.61,17122868.62,9270583.731428571,3200740.263456338,5780125.08,17122868.62,8508807.460666666,2499135.0452489266,5780125.08,17122868.62,0.4915254237288136,0.0,0.0,0.12610169491525425,108.08813559322034,0.0,10,154,1,0,0,0,0,0,0
2021-11-11,train,6245654.9799999995,6245654.9799999995,762,1467798.52,277,2021,11,11,3,45,4,0,0,0,-0.5000000000000004,0.8660254037844384,0.43388373911755823,-0.900968867902419,Autumn,3,6860654.59,17122868.62,8755265.68,8239248.54,880.0,2077.0,9675405.232857142,3731824.0006035343,6172773.61,17122868.62,9139827.195714286,3263013.727363564,5780125.08,17122868.62,8523479.642666666,2487717.9648362296,5780125.08,17122868.62,0.4729241877256318,0.0,0.0,0.1299638989169675,107.21660649819495,0.0036101083032490976,10,156,1,0,0,0,0,0,0
2021-11-12,train,6850566.75,6850566.75,772,1656238.8800000001,260,2021,11,12,4,45,4,0,0,0,-0.5000000000000004,0.8660254037844384,-0.433883739117558,-0.9009688679024191,Autumn,3,6245654.9799999995,8011489.46,6264711.88,6839031.98,762.0,855.0,8121517.569999999,1955998.0419880508,6172773.61,11680801.37,8960569.288571429,3353446.4395435904,5780125.08,17122868.62,8457026.524,2521963.49934764,5780125.08,17122868.62,0.5153846153846153,0.0,0.0,0.1253846153846154,105.73846153846154,0.007692307692307693,10,140,1,0,0,0,0,0,0
2021-11-13,train,11764259.83,11764259.83,1333,2896418.9899999998,278,2021,11,13,5,45,4,1,0,0,-0.5000000000000004,0.8660254037844384,-0.9749279121818236,-0.2225209339563146,Autumn,3,6850566.75,11680801.37,9709260.24,6108633.14,772.0,1220.0,7955671.468571427,2015202.4438387353,6172773.61,11680801.37,9002416.065,3320713.3930620584,5780125.08,17122868.62,8457411.016333332,2521709.184299601,5780125.08,17122868.62,0.5071942446043165,0.0,0.0,0.14388489208633093,106.37410071942446,0.0,10,152,1,0,0,0,0,1,0
2021-11-14,train,12901020.23,12901020.23,1337,3094999.43,285,2021,11,14,6,45,4,1,0,0,-0.5000000000000004,0.8660254037844384,-0.7818314824680299,0.6234898018587334,Autumn,3,11764259.83,8816893.3,14402653.81,6618306.55,1333.0,1186.0,7967594.105714285,2040996.6036750495,6172773.61,11764259.83,9149201.75,3398860.6063395324,5780125.08,17122868.62,8645931.906,2551293.025007611,5780125.08,17122868.62,0.47368421052631576,0.0,0.0,0.1368421052631579,103.41754385964913,0.007017543859649123,10,157,1,0,0,0,0,1,0
2021-11-15,train,7121325.9399999995,7121325.9399999995,815,1739033.02,266,2021,11,15,0,46,4,0,0,0,-0.5000000000000004,0.8660254037844384,0.0,1.0,Autumn,3,12901020.23,6172773.61,7051609.67,10462437.73,1337.0,796.0,8551040.81,2775743.642775625,6172773.61,12901020.23,9041942.208571428,3240318.2809980763,5780125.08,17122868.62,8855355.695333334,2635582.4406257397,5780125.08,17122868.62,0.5225563909774437,0.0,0.0,0.14060150375939848,108.45112781954887,0.0037593984962406013,10,149,1,0,0,0,0,0,0
2021-11-16,train,5792542.74,5792542.74,857,1150911.55,287,2021,11,16,1,46,4,0,0,0,-0.5000000000000004,0.8660254037844384,0.7818314824680298,0.6234898018587336,Autumn,3,7121325.9399999995,9062355.68,5780125.08,10719039.83,815.0,811.0,8686548.285714285,2661074.6709283274,6245654.9799999995,12901020.23,9046921.942142857,3237076.189982477,5780125.08,17122868.62,8743985.302333333,2635922.8890389963,5780125.08,17122868.62,0.5226480836236934,0.0,0.0,0.15923344947735193,104.10801393728222,0.003484320557491289,10,154,1,0,0,0,0,0,0
2021-11-17,train,7678459.66,7678459.66,912,1269355.08,294,2021,11,17,2,46,4,0,0,0,-0.5000000000000004,0.8660254037844384,0.9749279121818236,-0.22252093395631434,Autumn,3,5792542.74,6860654.59,8266117.75,6967543.57,857.0,880.0,8219432.151428571,2863406.0413603275,5792542.74,12901020.23,9047808.917857142,3236113.773499602,5792542.74,17122868.62,8579768.732666666,2661965.5376842185,5780125.08,17122868.62,0.5340136054421769,0.0,0.0,0.15,106.95578231292517,0.01020408163265306,10,150,1,0,0,0,0,0,0
2021-11-18,train,7156534.22,7156534.22,750,1570928.5,246,2021,11,18,3,46,4,0,0,0,-0.5000000000000004,0.8660254037844384,0.43388373911755823,-0.900968867902419,Autumn,3,7678459.66,6245654.9799999995,17122868.62,7274093.61,912.0,762.0,8336261.447142856,2815001.3656264865,5792542.74,12901020.23,9005833.34,3250810.900441939,5792542.74,17122868.62,8603465.935666667,2650256.959156521,5780125.08,17122868.62,0.508130081300813,0.0,0.0,0.13455284552845528,102.10162601626017,0.008130081300813009,10,142,1,0,0,0,0,0,0
2021-11-19,train,6599475.55,6599475.55,837,1555693.89,271,2021,11,19,4,46,4,0,0,0,-0.5000000000000004,0.8660254037844384,-0.433883739117558,-0.9009688679024191,Autumn,3,7156534.22,6850566.75,8011489.46,7047206.7299999995,750.0,772.0,8466387.052857144,2721763.7770398976,5792542.74,12901020.23,8293952.31142857,2284055.616161189,5792542.74,12901020.23,8599547.289333334,2652376.4001431298,5780125.08,17122868.62,0.4575645756457565,0.0,0.0,0.13357933579335796,100.63468634686348,0.007380073800738007,10,157,1,0,0,0,0,0,0
2021-11-20,train,11727495.76,11727495.76,1273,2925102.45,274,2021,11,20,5,46,4,1,0,0,-0.5000000000000004,0.8660254037844384,-0.9749279121818236,-0.2225209339563146,Autumn,3,6599475.55,11764259.83,11680801.37,7396674.37,837.0,1333.0,8430516.881428571,2748134.6695539295,5792542.74,12901020.23,8193094.174999999,2328236.1083568693,5792542.74,12901020.23,8584622.916666666,2662652.0362380366,5780125.08,17122868.62,0.5036496350364964,0.0,0.0,0.145985401459854,104.62043795620438,0.0,10,148,1,0,0,0,0,1,0
2021-11-21,train,12273637.79,12273637.79,1340,3002289.43,274,2021,11,21,6,46,4,1,0,0,-0.5000000000000004,0.8660254037844384,-0.7818314824680299,0.6234898018587334,Autumn,3,11727495.76,12901020.23,8816893.3,8256111.86,1273.0,1337.0,8425264.871428572,2740726.7760382714,5792542.74,12901020.23,8196429.488571428,2333643.9191316343,5792542.74,12901020.23,8728983.629666666,2712950.9802280706,5780125.08,17122868.62,0.5072992700729927,0.0,0.0,0.13759124087591243,100.26277372262774,0.0036496350364963502,10,147,1,0,0,0,0,1,0
2021-11-22,train,6310562.0200000005,6310562.0200000005,719,1283818.58,244,2021,11,22,0,47,4,0,0,0,-0.5000000000000004,0.8660254037844384,0.0,1.0,Autumn,3,12273637.79,7121325.9399999995,6172773.61,9686142.96,1340.0,815.0,8335638.808571428,2575230.0168453893,5792542.74,12273637.79,8443339.809285713,2574755.6648558234,5792542.74,12901020.23,8862901.160666667,2786951.961682423,5780125.08,17122868.62,0.4918032786885246,0.0,0.0,0.14221311475409837,104.46311475409836,0.0,10,148,1,0,0,0,0,0,0
2021-11-23,train,7674413.71,7674413.71,828,1921757.37,271,2021,11,23,1,47,4,0,0,0,-0.5000000000000004,0.8660254037844384,0.7818314824680298,0.6234898018587336,Autumn,3,6310562.0200000005,5792542.74,9062355.68,9502508.72,719.0,857.0,8219815.391428572,2655915.8071209984,5792542.74,12273637.79,8453181.838571427,2565656.0362688797,5792542.74,12901020.23,8750381.796,2820508.7928825123,5780125.08,17122868.62,0.4575645756457565,0.0,0.0,0.12324723247232472,105.18819188191883,0.0036900369003690036,10,148,1,0,0,0,0,0,0
2021-11-24,train,6859967.45,6859967.45,806,1495000.73,269,2021,11,24,2,47,4,0,0,0,-0.5000000000000004,0.8660254037844384,0.9749279121818236,-0.22252093395631434,Autumn,3,7674413.71,7678459.66,6860654.59,7203261.33,828.0,912.0,8488654.101428572,2457072.2195620625,6310562.0200000005,12273637.79,8354043.1264285715,2567121.5533134085,5792542.74,12901020.23,8689445.295666667,2823445.1953988094,5780125.08,17122868.62,0.5390334572490706,0.0,0.0,0.1483271375464684,102.47955390334573,0.011152416356877323,10,150,1,0,0,0,0,0,0
2021-11-25,train,9270821.06,9270821.06,913,2241422.43,285,2021,11,25,3,47,4,0,0,0,-0.5000000000000004,0.8660254037844384,0.43388373911755823,-0.900968867902419,Autumn,3,6859967.45,7156534.22,6245654.9799999995,6735321.53,806.0,750.0,8371726.642857142,2520705.0704946923,6310562.0200000005,12273637.79,8353994.045,2567152.308504123,5792542.74,12901020.23,8678002.166333333,2830363.437263297,5780125.08,17122868.62,0.5368421052631579,0.0,0.0,0.14771929824561403,105.28070175438596,0.014035087719298246,10,153,1,0,0,0,0,0,0
2021-11-26,train,8692196.73,8692196.73,910,1978696.57,302,2021,11,26,4,47,4,0,0,0,-0.5000000000000004,0.8660254037844384,-0.433883739117558,-0.9009688679024191,Autumn,3,9270821.06,6599475.55,6850566.75,8691246.09,913.0,837.0,8673767.62,2477122.0262554693,6310562.0200000005,12273637.79,8570077.336428571,2502541.984501403,5792542.74,12901020.23,8762518.817333333,2808121.796405158,5780125.08,17122868.62,0.5132450331125827,0.0,0.0,0.13940397350993378,102.73509933774834,0.006622516556291391,10,151,1,0,0,0,0,0,0
2021-11-27,train,12255588.2,12255588.2,1278,2855800.24,266,2021,11,27,5,47,4,1,0,0,-0.5000000000000004,0.8660254037844384,-0.9749279121818236,-0.2225209339563146,Autumn,3,8692196.73,11727495.76,11764259.83,8755265.68,910.0,1273.0,8972727.788571429,2305385.4689055313,6310562.0200000005,12273637.79,8701622.334999999,2453118.145589357,5792542.74,12901020.23,8762550.505333332,2808120.969764533,5780125.08,17122868.62,0.5413533834586466,0.0,0.0,0.15225563909774437,108.09774436090225,0.0037593984962406013,10,141,1,0,0,0,0,1,0
2021-11-28,train,12546050.86,12546050.86,1337,3628460.26,270,2021,11,28,6,47,4,1,0,0,-0.5000000000000004,0.8660254037844384,-0.7818314824680299,0.6234898018587334,Autumn,3,12255588.2,12273637.79,12901020.23,6264711.88,1278.0,1340.0,9048169.565714287,2416519.4886375875,6310562.0200000005,12273637.79,8736717.218571428,2503304.494566544,5792542.74,12901020.23,8879227.922666667,2879616.8849604027,5780125.08,17122868.62,0.4777777777777778,0.0,0.0,0.1340740740740741,101.75185185185185,0.003703703703703704,10,143,1,0,0,0,0,1,0
2021-11-29,train,7241939.45,7241939.45,921,1768188.75,295,2021,11,29,0,48,4,0,0,0,-0.5000000000000004,0.8660254037844384,0.0,1.0,Autumn,3,12546050.86,6310562.0200000005,7121325.9399999995,9709260.24,1337.0,719.0,9087085.718571428,2478518.564524525,6310562.0200000005,12546050.86,8711362.263571428,2459292.222931778,5792542.74,12546050.86,9088605.888666667,2911145.8287862395,5780125.08,17122868.62,0.5288135593220339,0.0,0.0,0.14779661016949153,106.95254237288135,0.006779661016949152,10,154,1,0,0,0,0,0,0
2021-11-30,train,6673174.07,6673174.07,737,1461274.25,249,2021,11,30,1,48,4,0,0,1,-0.5000000000000004,0.8660254037844384,0.7818314824680298,0.6234898018587336,Autumn,3,7241939.45,7674413.71,5792542.74,14402653.81,921.0,828.0,9220139.637142858,2324861.398561215,6859967.45,12546050.86,8719977.514285713,2453498.0658734967,5792542.74,12546050.86,9006361.862333333,2927811.786001146,5780125.08,17122868.62,0.4578313253012048,0.0,0.0,0.12208835341365461,100.4859437751004,0.012048192771084338,10,143,1,0,0,0,0,0,0
2021-12-01,train,6562390.53,6562390.53,903,1750610.65,267,2021,12,1,2,48,4,0,1,0,-2.4492935982947064e-16,1.0,0.9749279121818236,-0.22252093395631434,Winter,0,6673174.07,6859967.45,7678459.66,7051609.67,737.0,806.0,9077105.402857143,2462533.8085072003,6673174.07,12546050.86,8782879.752142858,2382946.1753604244,6310562.0200000005,12546050.86,8748712.537666667,2772541.949733785,5780125.08,17122868.62,0.5056179775280899,0.0,0.0,0.1441947565543071,107.63295880149813,0.0,10,148,1,0,0,0,0,0,0
2021-12-02,train,7281348.35,7281348.35,966,1469826.64,280,2021,12,2,3,48,4,0,0,0,-2.4492935982947064e-16,1.0,0.43388373911755823,-0.900968867902419,Winter,0,6562390.53,9270821.06,7156534.22,5780125.08,903.0,913.0,9034594.414285716,2509311.8727707667,6562390.53,12546050.86,8703160.528571429,2440704.1646571443,6310562.0200000005,12546050.86,8732405.233000001,2784281.8981349403,5780125.08,17122868.62,0.5035714285714286,0.0,0.0,0.1407142857142857,109.24642857142857,0.010714285714285714,10,154,1,0,0,0,0,0,0
2021-12-03,train,5968776.39,5968776.39,884,1481466.84,257,2021,12,3,4,48,4,0,0,0,-2.4492935982947064e-16,1.0,-0.433883739117558,-0.9009688679024191,Winter,0,7281348.35,8692196.73,6599475.55,8266117.75,966.0,910.0,8750384.027142856,2589482.4570957134,6562390.53,12546050.86,8712075.823571429,2434841.059886995,6310562.0200000005,12546050.86,8782446.008666666,2742570.0918915304,5792542.74,17122868.62,0.5019455252918288,0.0,0.0,0.1311284046692607,105.01945525291829,0.007782101167315175,10,142,1,0,0,0,0,0,0
2021-12-04,train,11649426.3,11649426.3,1482,3164738.18,280,2021,12,4,5,48,4,1,0,0,-2.4492935982947064e-16,1.0,-0.9749279121818236,-0.2225209339563146,Winter,0,5968776.39,12255588.2,11727495.76,17122868.62,884.0,1278.0,8361323.978571428,2796035.8131153192,5968776.39,12546050.86,8667025.883571427,2482307.57619528,5968776.39,12546050.86,8705867.963333333,2789161.575299556,5792542.74,17122868.62,0.5035714285714286,0.0,0.0,0.13714285714285715,99.85,0.017857142857142856,10,146,1,0,0,0,0,1,0
2021-12-05,train,11830547.23,11830547.23,1412,2433880.95,277,2021,12,5,6,48,4,1,0,0,-2.4492935982947064e-16,1.0,-0.7818314824680299,0.6234898018587334,Winter,0,11649426.3,12546050.86,12273637.79,8011489.46,1482.0,1337.0,8274729.421428571,2661476.104781537,5968776.39,12546050.86,8661449.493571429,2474980.3848563028,5968776.39,12546050.86,8523419.886,2366601.3977566725,5792542.74,12901020.23,0.48736462093862815,0.0,0.0,0.1368231046931408,103.50902527075812,0.007220216606498195,10,147,1,0,0,0,0,1,0
2021-12-06,train,10296684.6,10296684.6,983,2450844.01,282,2021,12,6,0,49,4,0,0,0,-2.4492935982947064e-16,1.0,0.0,1.0,Winter,0,11830547.23,7241939.45,6310562.0200000005,11680801.37,1412.0,921.0,8172514.617142857,2477473.468764307,5968776.39,11830547.23,8629800.167857142,2427615.4084462216,5968776.39,12546050.86,8650721.811666667,2439701.1419580146,5792542.74,12901020.23,0.48936170212765956,0.0,0.0,0.1347517730496454,101.40780141843972,0.02127659574468085,10,148,1,0,0,0,0,0,0
2021-12-07,train,6711586.07,6711586.07,923,1428850.46,269,2021,12,7,1,49,4,0,0,0,-2.4492935982947064e-16,1.0,0.7818314824680298,0.6234898018587336,Winter,0,10296684.6,6673174.07,7674413.71,8816893.3,983.0,737.0,8608906.781428572,2554091.810461688,5968776.39,11830547.23,8914523.209285714,2367696.261159152,5968776.39,12546050.86,8604584.586000001,2393065.1263026237,5792542.74,12901020.23,0.483271375464684,0.0,0.0,0.12825278810408922,104.01486988847584,0.0,10,150,1,0,0,0,0,0,0
2021-12-08,train,5629647.17,5629647.17,838,1339715.24,265,2021,12,8,2,49,4,0,0,0,-2.4492935982947064e-16,1.0,0.9749279121818236,-0.22252093395631434,Winter,0,6711586.07,6562390.53,6859967.45,6172773.61,923.0,903.0,8614394.209999999,2549276.492994947,5968776.39,11830547.23,8845749.806428572,2419895.994946402,5968776.39,12546050.86,8534407.678333333,2417370.220483238,5792542.74,12901020.23,0.5509433962264151,0.0,0.0,0.1490566037735849,104.90188679245283,0.0,10,142,1,0,0,0,0,0,0
2021-12-09,train,6126973.2,6126973.2,833,1453103.48,260,2021,12,9,3,49,4,0,0,0,-2.4492935982947064e-16,1.0,0.43388373911755823,-0.900968867902419,Winter,0,5629647.17,7281348.35,9270821.06,9062355.68,838.0,966.0,8481145.158571428,2694641.981430577,5629647.17,11830547.23,8757869.786428573,2517913.057898671,5629647.17,12546050.86,8516303.463666666,2437615.9209492714,5629647.17,12901020.23,0.46923076923076923,0.0,0.0,0.12961538461538463,107.87307692307692,0.0038461538461538464,10,153,1,0,0,0,0,0,0
2021-12-10,train,7592028.86,7592028.86,871,1838612.98,262,2021,12,10,4,49,4,0,0,0,-2.4492935982947064e-16,1.0,-0.433883739117558,-0.9009688679024191,Winter,0,6126973.2,5968776.39,8692196.73,6860654.59,833.0,884.0,8316234.422857143,2813029.707803721,5629647.17,11830547.23,8533309.225,2607253.6947127343,5629647.17,12546050.86,8418457.381000001,2473589.325412254,5629647.17,12901020.23,0.4847328244274809,0.0,0.0,0.13396946564885498,104.18702290076335,0.007633587786259542,10,144,1,0,0,0,0,0,0
2021-12-11,train,10270653.02,10270653.02,1362,1854823.56,260,2021,12,11,5,49,4,1,0,0,-2.4492935982947064e-16,1.0,-0.9749279121818236,-0.2225209339563146,Winter,0,7592028.86,11649426.3,12255588.2,6245654.9799999995,871.0,1482.0,8548127.632857142,2649412.2013903596,5629647.17,11830547.23,8454725.805714285,2618651.183999242,5629647.17,12546050.86,8442836.523333333,2461280.047260646,5629647.17,12901020.23,0.47692307692307695,0.0,0.0,0.13846153846153847,103.96538461538462,0.015384615384615385,10,148,1,0,0,0,0,1,0
2021-12-12,train,12191051.56,12191051.56,1319,3523661.5100000002,255,2021,12,12,6,49,4,1,0,0,-2.4492935982947064e-16,1.0,-0.7818314824680299,0.6234898018587334,Winter,0,10270653.02,11830547.23,12546050.86,6850566.75,1362.0,1412.0,8351160.021428571,2421906.159898409,5629647.17,11830547.23,8312944.721428572,2445009.874924515,5629647.17,12546050.86,8577003.124666667,2447041.639401507,5629647.17,12901020.23,0.5137254901960784,0.0,0.0,0.1384313725490196,105.64313725490196,0.00784313725490196,10,134,1,0,0,0,0,1,0
2021-12-13,train,7895446.49,7895446.49,977,1747491.68,286,2021,12,13,0,50,4,0,0,0,-2.4492935982947064e-16,1.0,0.0,1.0,Winter,0,12191051.56,10296684.6,7241939.45,11764259.83,1319.0,983.0,8402660.64,2510439.6085464275,5629647.17,12191051.56,8287587.628571429,2399142.0913922247,5629647.17,12191051.56,8755019.285,2510546.3184880842,5629647.17,12901020.23,0.4755244755244755,0.0,0.0,0.1258741258741259,105.53846153846153,0.006993006993006993,10,153,1,0,0,0,0,0,0
2021-12-14,train,7053242.74,7053242.74,887,1866080.9,260,2021,12,14,1,50,4,0,0,0,-2.4492935982947064e-16,1.0,0.7818314824680298,0.6234898018587336,Winter,0,7895446.49,6711586.07,6673174.07,12901020.23,977.0,923.0,8059626.624285714,2368546.5040223566,5629647.17,12191051.56,8334266.702857143,2383539.1514835195,5629647.17,12191051.56,8626058.840333333,2449256.4286451032,5629647.17,12901020.23,0.4576923076923077,0.0,0.0,0.12653846153846154,109.3576923076923,0.0038461538461538464,10,138,1,0,0,0,0,0,0
2021-12-15,train,5958620.71,5958620.71,819,1153569.81,253,2021,12,15,2,50,4,0,0,0,-2.4492935982947064e-16,1.0,0.9749279121818236,-0.22252093395631434,Winter,0,7053242.74,5629647.17,6562390.53,7121325.9399999995,887.0,838.0,8108434.72,2339479.8148804875,5629647.17,12191051.56,8361414.464999999,2365258.827455708,5629647.17,12191051.56,8431132.924,2326944.324283176,5629647.17,12546050.86,0.47035573122529645,0.0,0.0,0.12569169960474308,104.12648221343873,0.0,10,145,1,0,0,0,0,0,0
2021-12-16,train,7376580.1,7376580.1,955,1862628.76,273,2021,12,16,3,50,4,0,0,0,-2.4492935982947064e-16,1.0,0.43388373911755823,-0.900968867902419,Winter,0,5958620.71,6126973.2,7281348.35,5792542.74,819.0,833.0,8155430.94,2284033.2335620937,5958620.71,12191051.56,8318288.0492857145,2405742.0645238627,5629647.17,12191051.56,8392376.083,2358974.6917442903,5629647.17,12546050.86,0.48717948717948717,0.0,0.0,0.13516483516483516,100.22710622710623,0.007326007326007326,10,149,1,0,0,0,0,0,0
2021-12-17,train,6042917.28,6042917.28,953,1346094.6199999999,282,2021,12,17,4,50,4,0,0,0,-2.4492935982947064e-16,1.0,-0.433883739117558,-0.9009688679024191,Winter,0,7376580.1,7592028.86,5968776.39,7678459.66,955.0,871.0,8333946.211428572,2143585.0338924793,5958620.71,12191051.56,8325090.317142857,2402717.3011977524,5629647.17,12191051.56,8445177.328333333,2316114.1298695034,5629647.17,12546050.86,0.49645390070921985,0.0,0.0,0.14113475177304963,104.30851063829788,0.02127659574468085,10,154,1,0,0,0,0,0,0
2021-12-18,train,9670528.76,9670528.76,1404,2372174.67,267,2021,12,18,5,50,4,1,0,0,-2.4492935982947064e-16,1.0,-0.9749279121818236,-0.2225209339563146,Winter,0,6042917.28,10270653.02,11649426.3,7156534.22,953.0,1362.0,8112644.557142858,2306703.7101360234,5958620.71,12191051.56,8330386.095,2397199.670732917,5629647.17,12191051.56,8390659.249,2353727.6813636813,5629647.17,12546050.86,0.48314606741573035,0.0,0.0,0.1434456928838951,106.61423220973782,0.0,10,149,1,0,0,0,0,1,0
2021-12-19,train,12023408.74,12023408.74,1389,2633450.12,263,2021,12,19,6,50,4,1,0,0,-2.4492935982947064e-16,1.0,-0.7818314824680299,0.6234898018587334,Winter,0,9670528.76,12191051.56,11830547.23,6599475.55,1404.0,1319.0,8026912.5200000005,2222755.2281846036,5958620.71,12191051.56,8189036.270714286,2239601.5967525337,5629647.17,12191051.56,8474459.067,2353026.774439093,5629647.17,12546050.86,0.4600760456273764,0.0,0.0,0.12965779467680608,107.37262357414448,0.0038022813688212928,10,136,1,0,0,0,0,1,0
2021-12-20,train,7857458.08,7857458.08,1011,1820922.51,284,2021,12,20,0,51,4,0,0,0,-2.4492935982947064e-16,1.0,0.0,1.0,Winter,0,12023408.74,7895446.49,10296684.6,11727495.76,1389.0,977.0,8002963.545714284,2170704.879563654,5958620.71,12023408.74,8202812.092857143,2264181.8423686186,5629647.17,12191051.56,8655256.84,2411639.5952675324,5629647.17,12546050.86,0.5035211267605634,0.0,0.0,0.13309859154929576,106.19366197183099,0.007042253521126761,10,150,1,0,0,0,0,0,0
2021-12-21,train,7291095.07,7291095.07,865,1831812.79,263,2021,12,21,1,51,4,0,0,0,-2.4492935982947064e-16,1.0,0.7818314824680298,0.6234898018587336,Winter,0,7857458.08,7053242.74,6711586.07,12273637.79,1011.0,887.0,7997536.630000001,2171065.936675377,5958620.71,12023408.74,8028581.627142857,2183059.464719506,5629647.17,12191051.56,8526255.584,2344198.6480554854,5629647.17,12546050.86,0.45627376425855515,0.0,0.0,0.13041825095057033,106.43726235741445,0.0076045627376425855,10,148,1,0,0,0,0,0,0
2021-12-22,train,7975170.5,7975170.5,938,2325420.93,279,2021,12,22,2,51,4,0,0,0,-2.4492935982947064e-16,1.0,0.9749279121818236,-0.22252093395631434,Winter,0,7291095.07,5958620.71,5629647.17,6310562.0200000005,865.0,819.0,8031515.534285715,2155630.247120375,5958620.71,12023408.74,8069975.127142857,2161554.8777381973,5629647.17,12191051.56,8360170.826666667,2243903.4296307834,5629647.17,12546050.86,0.44086021505376344,0.0,0.0,0.12186379928315412,107.81003584229391,0.0035842293906810036,10,153,1,0,0,0,0,0,0
2021-12-23,train,6861601.61,6861601.61,955,1604955.6300000001,289,2021,12,23,3,51,4,0,0,0,-2.4492935982947064e-16,1.0,0.43388373911755823,-0.900968867902419,Winter,0,7975170.5,7376580.1,6126973.2,7674413.71,938.0,955.0,8319594.0757142855,1958137.1956495757,6042917.28,12023408.74,8237512.507857143,2045651.6341322165,5958620.71,12191051.56,8415657.776,2211825.1192680867,5629647.17,12546050.86,0.5121107266435986,0.0,0.0,0.1314878892733564,102.63667820069205,0.0034602076124567475,10,162,1,0,0,0,0,0,0
2021-12-24,train,6347124.54,6347124.54,883,1571982.65,260,2021,12,24,4,51,4,0,0,0,-2.4492935982947064e-16,1.0,-0.433883739117558,-0.9009688679024191,Winter,0,6861601.61,6042917.28,7592028.86,6859967.45,955.0,953.0,8246025.72,2008498.121020943,6042917.28,12023408.74,8289985.965714285,1996172.9546401964,5958620.71,12191051.56,8388564.039333332,2226149.962984949,5629647.17,12546050.86,0.46923076923076923,0.0,0.0,0.12615384615384614,98.78846153846153,0.0038461538461538464,10,147,1,0,0,0,0,0,0
2021-12-25,train,28621603.7,28621603.7,3755,5637794.23,287,2021,12,25,5,51,4,1,0,0,-2.4492935982947064e-16,1.0,-0.9749279121818236,-0.2225209339563146,Winter,0,6347124.54,9670528.76,10270653.02,9270821.06,883.0,1404.0,8289483.9,1955475.5096059423,6347124.54,12023408.74,8201064.228571428,2056472.9212580884,5958620.71,12191051.56,8371469.275666667,2240217.5605662377,5629647.17,12546050.86,1.0,1.0,1.0,0.2,101.16724738675958,0.006968641114982578,10,158,1,1,1,1,0,1,1
2021-12-26,train,11589708.82,11589708.82,1447,2742452.04,274,2021,12,26,6,51,4,1,0,0,-2.4492935982947064e-16,1.0,-0.7818314824680299,0.6234898018587334,Winter,0,28621603.7,12023408.74,12191051.56,8692196.73,3755.0,1389.0,10996780.319999998,7990879.594137484,6347124.54,28621603.7,9511846.42,5841754.126562424,5958620.71,28621603.7,9016495.363666667,4324413.52526352,5629647.17,28621603.7,0.5182481751824818,0.0,0.0,0.13613138686131385,107.26277372262774,0.0036496350364963502,10,148,1,0,0,0,0,1,0
2021-12-27,train,6145578.48,6145578.48,895,1501573.1199999999,271,2021,12,27,0,52,4,0,0,0,-2.4492935982947064e-16,1.0,0.0,1.0,Winter,0,11589708.82,7857458.08,7895446.49,12255588.2,1447.0,1011.0,10934823.188571429,7983270.712542508,6347124.54,28621603.7,9468893.367142858,5822718.95940213,5958620.71,28621603.7,9113079.1,4349206.915936686,5629647.17,28621603.7,0.4870848708487085,0.0,0.0,0.13136531365313653,102.2730627306273,0.0,10,143,1,0,0,0,0,0,0
2021-12-28,train,5739294.5,5739294.5,888,1443166.54,269,2021,12,28,1,52,4,0,0,0,-2.4492935982947064e-16,1.0,0.7818314824680298,0.6234898018587336,Winter,0,6145578.48,7291095.07,7053242.74,12546050.86,895.0,865.0,10690268.959999999,8118330.176115603,6145578.48,28621603.7,9343902.795,5877615.285670538,5958620.71,28621603.7,8909412.109333333,4340025.076698626,5629647.17,28621603.7,0.46096654275092935,0.0,0.0,0.12379182156133828,103.55762081784387,0.007434944237918215,10,147,1,0,0,0,0,0,0
2021-12-29,train,7956769.53,7956769.53,990,1817894.79,289,2021,12,29,2,52,4,0,0,0,-2.4492935982947064e-16,1.0,0.9749279121818236,-0.22252093395631434,Winter,0,5739294.5,7975170.5,5958620.71,7241939.45,888.0,938.0,10468583.164285716,8246791.920857664,5739294.5,28621603.7,9250049.349285712,5927286.690873759,5739294.5,28621603.7,8682520.230666667,4321233.934728489,5629647.17,28621603.7,0.4463667820069204,0.0,0.0,0.11868512110726642,102.55709342560553,0.010380622837370242,10,157,1,0,0,0,0,0,0
2021-12-30,train,8135680.35,8135680.35,899,2065798.98,282,2021,12,30,3,52,4,0,0,0,-2.4492935982947064e-16,1.0,0.43388373911755823,-0.900968867902419,Winter,0,7956769.53,6861601.61,7376580.1,6673174.07,990.0,955.0,10465954.454285713,8247722.054843273,5739294.5,28621603.7,9392774.264999999,5865671.594357369,5739294.5,28621603.7,8706347.9,4314982.82731205,5629647.17,28621603.7,0.46808510638297873,0.0,0.0,0.12163120567375886,101.80141843971631,0.0070921985815602835,10,150,1,0,0,0,0,0,0
2021-12-31,train,8085596.52,8085596.52,969,2361565.77,288,2021,12,31,4,52,4,0,0,1,-2.4492935982947064e-16,1.0,-0.433883739117558,-0.9009688679024191,Winter,0,8135680.35,6347124.54,6042917.28,6562390.53,899.0,883.0,10647965.702857142,8168602.857653986,5739294.5,28621603.7,9446995.711428571,5849085.589110835,5739294.5,28621603.7,8755098.109333333,4299453.835973155,5629647.17,28621603.7,0.4861111111111111,0.0,0.0,0.13611111111111113,105.29861111111111,0.0,10,150,1,0,0,0,0,0,0
2022-01-01,train,13005759.08,13005759.08,1465,3272404.69,278,2022,1,1,5,52,1,1,1,0,0.49999999999999994,0.8660254037844387,-0.9749279121818236,-0.2225209339563146,Winter,0,8085596.52,28621603.7,9670528.76,7281348.35,969.0,3755.0,10896318.842857141,8041488.06733484,5739294.5,28621603.7,9592901.371428574,5782739.890278904,5739294.5,28621603.7,8805871.642333334,4281623.6150284875,5629647.17,28621603.7,0.5035971223021583,0.0,0.0,0.12266187050359713,100.6726618705036,0.0035971223021582736,10,155,1,0,0,0,0,1,0
2022-01-02,train,10652885.05,10652885.05,1451,2133877.59,270,2022,1,2,6,52,1,1,0,0,0.49999999999999994,0.8660254037844387,-0.7818314824680299,0.6234898018587334,Winter,0,13005759.08,11589708.82,12023408.74,5968776.39,1465.0,1447.0,8665483.897142857,2690130.882336741,5739294.5,13005759.08,9831132.108571429,5854439.903919874,5739294.5,28621603.7,8996685.333333334,4338517.583796102,5629647.17,28621603.7,0.5037037037037037,0.0,0.0,0.15296296296296294,104.43333333333334,0.011111111111111112,10,148,1,0,0,0,0,1,0
2022-01-03,train,7327076.7299999995,7327076.7299999995,914,1617345.98,278,2022,1,3,0,1,1,0,0,0,0.49999999999999994,0.8660254037844387,0.0,1.0,Winter,0,10652885.05,6145578.48,7857458.08,11649426.3,1451.0,895.0,8531651.93,2539492.0738711013,5739294.5,13005759.08,9733237.559285715,5826353.259253907,5739294.5,28621603.7,9152822.288666666,4309983.248187609,5629647.17,28621603.7,0.5143884892086331,0.0,0.0,0.13920863309352519,106.66187050359713,0.014388489208633094,10,144,1,0,0,0,0,0,0
2022-01-04,train,6523307.35,6523307.35,1046,1453714.66,312,2022,1,4,1,1,1,0,0,0,0.49999999999999994,0.8660254037844387,0.7818314824680298,0.6234898018587336,Winter,0,7327076.7299999995,5739294.5,7291095.07,11830547.23,914.0,888.0,8700437.394285714,2389294.007739036,5739294.5,13005759.08,9695353.177142859,5841193.687494791,5739294.5,28621603.7,9008743.969666667,4295869.189820756,5629647.17,28621603.7,0.4551282051282051,0.0,0.0,0.11987179487179486,104.0,0.00641025641025641,10,151,1,0,0,0,0,0,0
2022-01-05,train,6633449.47,6633449.47,845,1805769.73,254,2022,1,5,2,1,1,0,0,0,0.49999999999999994,0.8660254037844387,0.9749279121818236,-0.22252093395631434,Winter,0,6523307.35,7956769.53,7975170.5,10296684.6,1046.0,990.0,8812439.23,2241133.3532922994,6523307.35,13005759.08,9640511.197142856,5869041.192285844,5739294.5,28621603.7,8831835.973666666,4284922.2387197465,5629647.17,28621603.7,0.515748031496063,0.0,0.0,0.14527559055118108,104.59055118110236,0.003937007874015748,10,147,1,0,0,0,0,0,0
2022-01-06,train,6352484.21,6352484.21,896,1432519.94,272,2022,1,6,3,1,1,0,0,0,0.49999999999999994,0.8660254037844387,0.43388373911755823,-0.900968867902419,Winter,0,6633449.47,8135680.35,6861601.61,6711586.07,845.0,899.0,8623393.507142857,2377033.514867073,6523307.35,13005759.08,9544673.980714286,5909144.494258115,5739294.5,28621603.7,8709728.136,4293925.18431049,5629647.17,28621603.7,0.5110294117647058,0.0,0.0,0.1426470588235294,102.02573529411765,0.003676470588235294,10,156,1,0,0,0,0,0,0
2022-01-07,train,8158870.94,8158870.94,991,1849012.3800000001,271,2022,1,7,4,1,1,0,0,0,0.49999999999999994,0.8660254037844387,-0.433883739117558,-0.9009688679024191,Winter,0,6352484.21,8085596.52,6347124.54,5629647.17,896.0,969.0,8368651.201428571,2528722.9781308956,6352484.21,13005759.08,9508308.452142857,5928461.574762621,5739294.5,28621603.7,8697758.074,4300183.395866279,5629647.17,28621603.7,0.4870848708487085,0.0,0.0,0.14206642066420663,105.05535055350553,0.0036900369003690036,10,144,1,0,0,0,0,0,0
2022-01-08,train,11628832.06,11628832.06,1382,3017814.46,270,2022,1,8,5,1,1,1,0,0,0.49999999999999994,0.8660254037844387,-0.9749279121818236,-0.2225209339563146,Winter,0,8158870.94,13005759.08,28621603.7,6126973.2,991.0,1465.0,8379118.975714286,2527507.342095503,6352484.21,13005759.08,9637718.909285713,5873669.900546494,5739294.5,28621603.7,8782065.533,4262586.240604337,5739294.5,28621603.7,0.5,0.0,0.0,0.1325925925925926,104.52962962962962,0.007407407407407408,10,143,1,0,0,0,0,1,0
2022-01-09,train,9164459.19,9164459.19,1426,1843798.9,265,2022,1,9,6,1,1,1,0,0,0.49999999999999994,0.8660254037844387,-0.7818314824680299,0.6234898018587334,Winter,0,11628832.06,10652885.05,11589708.82,7592028.86,1382.0,1451.0,8182415.115714286,2129700.675443251,6352484.21,11628832.06,8423949.506428571,2344409.370479218,5739294.5,13005759.08,8965460.828333335,4262770.47531408,5739294.5,28621603.7,0.4867924528301887,0.0,0.0,0.1339622641509434,106.64528301886793,0.0,10,140,1,0,0,0,0,1,0
2022-01-10,train,6644799.36,6644799.36,929,1573025.76,277,2022,1,10,0,2,1,0,0,0,0.49999999999999994,0.8660254037844387,0.0,1.0,Winter,0,9164459.19,7327076.7299999995,6145578.48,10270653.02,1426.0,914.0,7969782.850000001,1904313.1441796003,6352484.21,11628832.06,8250717.39,2176049.8843052974,5739294.5,13005759.08,9017875.172666667,4254960.6696290895,5739294.5,28621603.7,0.5090252707581228,0.0,0.0,0.1259927797833935,100.89169675090253,0.0036101083032490976,10,151,1,0,0,0,0,0,0
2022-01-11,train,8571883.17,8571883.17,1110,2306356.32,308,2022,1,11,1,2,1,0,0,0,0.49999999999999994,0.8660254037844387,0.7818314824680298,0.6234898018587336,Winter,0,6644799.36,6523307.35,5739294.5,12191051.56,929.0,1046.0,7872314.654285715,1959356.231624209,6352484.21,11628832.06,8286376.024285713,2142734.9820103506,5739294.5,13005759.08,8897013.384,4269619.332227227,5739294.5,28621603.7,0.4902597402597403,0.0,0.0,0.13506493506493508,107.06818181818181,0.0,10,162,1,0,0,0,0,0,0
2022-01-12,train,8243459.54,8243459.54,969,1929991.44,280,2022,1,12,2,2,1,0,0,0,0.49999999999999994,0.8660254037844387,0.9749279121818236,-0.22252093395631434,Winter,0,8571883.17,6633449.47,7956769.53,7895446.49,1110.0,845.0,8164968.342857144,1875478.3027958896,6352484.21,11628832.06,8488703.786428573,2013566.4943448287,6352484.21,13005759.08,8776374.437666666,4224225.036095332,5739294.5,28621603.7,0.5285714285714286,0.0,0.0,0.14,100.82857142857142,0.0,10,155,1,0,0,0,0,0,0
2022-01-13,train,7536538.82,7536538.82,966,1507334.1300000001,277,2022,1,13,3,2,1,0,0,0,0.49999999999999994,0.8660254037844387,0.43388373911755823,-0.900968867902419,Winter,0,8243459.54,6352484.21,8135680.35,7053242.74,969.0,896.0,8394969.781428572,1750943.5248576538,6352484.21,11628832.06,8509181.644285714,2009193.6814188738,6352484.21,13005759.08,8787974.872666666,4222199.805168051,5739294.5,28621603.7,0.5090252707581228,0.0,0.0,0.14945848375451262,103.85920577617328,0.01444043321299639,10,161,1,0,0,0,0,0,0
2022-01-14,train,9141199.0,9141199.0,863,2014549.68,269,2022,1,14,4,2,1,0,0,0,0.49999999999999994,0.8660254037844387,-0.433883739117558,-0.9009688679024191,Winter,0,7536538.82,8158870.94,8085596.52,5958620.71,966.0,991.0,8564120.440000001,1568422.3576801033,6644799.36,11628832.06,8466385.820714286,2024086.8850020524,6352484.21,13005759.08,8804084.742,4216270.518349462,5739294.5,28621603.7,0.43866171003717475,0.0,0.0,0.11524163568773234,103.02230483271376,0.011152416356877323,10,152,1,0,0,0,0,0,0
2022-01-15,train,10075403.65,10075403.65,1375,2631771.7399999998,266,2022,1,15,5,2,1,1,0,0,0.49999999999999994,0.8660254037844387,-0.9749279121818236,-0.2225209339563146,Winter,0,9141199.0,11628832.06,13005759.08,7376580.1,863.0,1382.0,8704453.02,1570065.3929332625,6644799.36,11628832.06,8541785.997857142,2028467.4028191792,6352484.21,13005759.08,8910170.685,4182106.9144781707,5739294.5,28621603.7,0.4924812030075188,0.0,0.0,0.13533834586466165,100.09022556390977,0.0037593984962406013,10,144,1,0,0,0,0,1,0
2022-01-16,train,14174041.7,14174041.7,1590,3534586.26,290,2022,1,16,6,2,1,1,0,0,0.49999999999999994,0.8660254037844387,-0.7818314824680299,0.6234898018587334,Winter,0,10075403.65,9164459.19,10652885.05,6042917.28,1375.0,1426.0,8482534.675714286,1138230.3975991718,6644799.36,10075403.65,8332474.895714286,1647898.6982505096,6352484.21,11628832.06,9000131.47,4177004.4066203344,5739294.5,28621603.7,0.5206896551724138,0.0,0.0,0.15275862068965515,97.40689655172413,0.0034482758620689655,10,157,1,0,0,0,0,1,0
2022-01-17,train,6523505.41,6523505.41,933,1696532.94,266,2022,1,17,0,3,1,0,0,0,0.49999999999999994,0.8660254037844387,0.0,1.0,Winter,0,14174041.7,6644799.36,7327076.7299999995,9670528.76,1590.0,929.0,9198189.32,2453450.318877759,6644799.36,14174041.7,8583986.085,2204129.0047433553,6352484.21,14174041.7,9271168.950666666,4241803.456727364,5739294.5,28621603.7,0.5112781954887218,0.0,0.0,0.1462406015037594,100.89473684210526,0.0,10,146,1,0,0,0,0,0,0
2022-01-18,train,7581218.45,7581218.45,928,1934686.19,280,2022,1,18,1,3,1,0,0,0,0.49999999999999994,0.8660254037844387,0.7818314824680298,0.6234898018587336,Winter,0,6523505.41,8571883.17,6523307.35,12023408.74,933.0,1110.0,9180861.612857142,2474824.6667777146,6523505.41,14174041.7,8526588.13357143,2249376.611794226,6352484.21,14174041.7,9166268.172333334,4270403.525615835,5739294.5,28621603.7,0.5,0.0,0.0,0.14214285714285713,104.1,0.007142857142857143,10,155,1,0,0,0,0,0,0
2022-01-19,train,7209887.53,7209887.53,949,1367287.16,282,2022,1,19,2,3,1,0,0,0,0.49999999999999994,0.8660254037844387,0.9749279121818236,-0.22252093395631434,Winter,0,7581218.45,8243459.54,6633449.47,7857458.08,928.0,969.0,9039338.08142857,2542844.336654113,6523505.41,14174041.7,8602153.212142857,2193989.7911431654,6352484.21,14174041.7,9018195.162666667,4244856.537884011,5739294.5,28621603.7,0.5070921985815603,0.0,0.0,0.12588652482269502,106.52127659574468,0.0070921985815602835,10,147,1,0,0,0,0,0,0
2022-01-20,train,5641739.24,5641739.24,870,1316238.08,254,2022,1,20,3,3,1,0,0,0,0.49999999999999994,0.8660254037844387,0.43388373911755823,-0.900968867902419,Winter,0,7209887.53,7536538.82,6352484.21,7291095.07,949.0,966.0,8891684.937142856,2625426.963150217,6523505.41,14174041.7,8643327.359285714,2159336.8035859433,6352484.21,14174041.7,8996609.477666667,4252602.008566528,5739294.5,28621603.7,0.5,0.0,0.0,0.13700787401574802,102.19685039370079,0.007874015748031496,10,141,1,0,0,0,0,0,0
2022-01-21,train,6048903.87,6048903.87,889,1486869.72,263,2022,1,21,4,3,1,0,0,0,0.49999999999999994,0.8660254037844387,-0.433883739117558,-0.9009688679024191,Winter,0,5641739.24,9141199.0,8158870.94,7975170.5,870.0,863.0,8620999.282857142,2874312.422259583,5641739.24,14174041.7,8592559.861428572,2224704.764624118,5641739.24,14174041.7,8941630.95,4285942.487651965,5641739.24,28621603.7,0.467680608365019,0.0,0.0,0.12927756653992395,108.9467680608365,0.0,10,150,1,0,0,0,0,0,0
2022-01-22,train,11837444.65,11837444.65,1753,2852135.14,324,2022,1,22,5,3,1,1,0,0,0.49999999999999994,0.8660254037844387,-0.9749279121818236,-0.2225209339563146,Winter,0,6048903.87,10075403.65,11628832.06,6861601.61,889.0,1375.0,8179242.835714286,3015213.015181346,5641739.24,14174041.7,8441847.927857144,2325529.7042891462,5641739.24,14174041.7,8877422.062333334,4315249.335252985,5641739.24,28621603.7,0.4722222222222222,0.0,0.0,0.12808641975308643,101.43827160493827,0.012345679012345678,10,164,1,0,0,0,0,1,0
2022-01-23,train,12529717.25,12529717.25,1354,3294344.21,267,2022,1,23,6,3,1,1,0,0,0.49999999999999994,0.8660254037844387,-0.7818314824680299,0.6234898018587334,Winter,0,11837444.65,14174041.7,9164459.19,6347124.54,1753.0,1590.0,8430962.978571428,3263243.034919004,5641739.24,14174041.7,8456748.827142857,2348080.2305387324,5641739.24,14174041.7,9043283.497000001,4330695.687900499,5641739.24,28621603.7,0.46441947565543074,0.0,0.0,0.1348314606741573,100.7378277153558,0.003745318352059925,10,149,1,0,0,0,0,1,0
2022-01-24,train,6364834.96,6364834.96,825,1573731.62,254,2022,1,24,0,4,1,0,0,0,0.49999999999999994,0.8660254037844387,0.0,1.0,Winter,0,12529717.25,6523505.41,6644799.36,28621603.7,1354.0,933.0,8196059.485714287,2808413.1477288418,5641739.24,12529717.25,8697124.402857143,2586273.558764024,5641739.24,14174041.7,9249369.920666667,4345051.199519201,5641739.24,28621603.7,0.5118110236220472,0.0,0.0,0.1374015748031496,104.78346456692914,0.003937007874015748,10,136,1,0,0,0,0,0,0
2022-01-25,train,6573206.01,6573206.01,926,1437794.45,273,2022,1,25,1,4,1,0,0,0,0.49999999999999994,0.8660254037844387,0.7818314824680298,0.6234898018587336,Winter,0,6364834.96,7581218.45,8571883.17,11589708.82,825.0,928.0,8173392.278571428,2824755.327500324,5641739.24,12529717.25,8677126.945714286,2604382.096472418,5641739.24,14174041.7,8507477.629333334,2378275.2591975546,5641739.24,14174041.7,0.4835164835164835,0.0,0.0,0.12783882783882783,108.65567765567765,0.003663003663003663,10,151,1,0,0,0,0,0,0
2022-01-26,train,18516566.98,18516566.98,2237,3501856.37,247,2022,1,26,2,4,1,0,0,0,0.49999999999999994,0.8660254037844387,0.9749279121818236,-0.22252093395631434,Winter,0,6573206.01,7209887.53,8243459.54,6145578.48,926.0,949.0,8029390.501428572,2885025.321367397,5641739.24,12529717.25,8534364.291428572,2664677.0615784014,5641739.24,14174041.7,8340260.869000001,2329954.989082581,5641739.24,14174041.7,1.0,1.0,1.0,0.2,101.68016194331983,0.004048582995951417,10,146,1,1,1,1,0,0,1
2022-01-27,train,6695543.29,6695543.29,880,1393375.87,255,2022,1,27,3,4,1,0,0,0,0.49999999999999994,0.8660254037844387,0.43388373911755823,-0.900968867902419,Winter,0,18516566.98,5641739.24,7536538.82,5739294.5,2237.0,870.0,9644630.422857145,4847447.987956678,5641739.24,18516566.98,9268157.68,3765511.0652656048,5641739.24,18516566.98,8752627.152333332,2942384.7588874297,5641739.24,18516566.98,0.4627450980392157,0.0,0.0,0.12313725490196079,102.99215686274509,0.00784313725490196,10,144,1,0,0,0,0,0,0
2022-01-28,train,7151648.2700000005,7151648.2700000005,992,1317797.08,303,2022,1,28,4,4,1,0,0,0,0.49999999999999994,0.8660254037844387,-0.433883739117558,-0.9009688679024191,Winter,0,6695543.29,6048903.87,9141199.0,7956769.53,880.0,889.0,9795173.858571429,4717023.17478589,6048903.87,18516566.98,9208086.570714286,3801793.8879431663,5641739.24,18516566.98,8784502.112,2913654.8559125434,5641739.24,18516566.98,0.49834983498349833,0.0,0.0,0.13432343234323432,104.42574257425743,0.006600660066006601,10,156,1,0,0,0,0,0,0
2022-01-29,train,11775619.91,11775619.91,1426,2779765.42,272,2022,1,29,5,4,1,1,0,0,0.49999999999999994,0.8660254037844387,-0.9749279121818236,-0.2225209339563146,Winter,0,7151648.2700000005,11837444.65,10075403.65,8135680.35,992.0,1753.0,9952708.772857143,4587697.566216826,6364834.96,18516566.98,9065975.804285714,3841464.123138328,5641739.24,18516566.98,8757664.736666666,2925226.882227498,5641739.24,18516566.98,0.5404411764705882,0.0,0.0,0.13455882352941176,103.31617647058823,0.007352941176470588,10,148,1,0,0,0,0,1,0
2022-01-30,train,12353166.68,12353166.68,1645,2725899.84,300,2022,1,30,6,4,1,1,0,0,0.49999999999999994,0.8660254037844387,-0.7818314824680299,0.6234898018587334,Winter,0,11775619.91,12529717.25,14174041.7,8085596.52,1426.0,1354.0,9943876.667142857,4583521.997313153,6364834.96,18516566.98,9187419.822857143,3902225.7103679837,5641739.24,18516566.98,8878996.055333333,2973626.412816492,5641739.24,18516566.98,0.49333333333333335,0.0,0.0,0.13066666666666668,102.00333333333333,0.01,10,163,1,0,0,0,0,1,0
2022-01-31,train,10284350.32,10284350.32,1088,2470653.09,310,2022,1,31,0,5,1,0,0,1,0.49999999999999994,0.8660254037844387,0.0,1.0,Winter,0,12353166.68,6364834.96,6523505.41,13005759.08,1645.0,825.0,9918655.157142857,4567378.850304566,6364834.96,18516566.98,9057357.32142857,3750635.631140612,5641739.24,18516566.98,9021248.394,3035789.24645545,5641739.24,18516566.98,0.45806451612903226,0.0,0.0,0.12225806451612903,106.10967741935484,0.0,10,156,1,0,0,0,0,0,0
2022-02-01,train,7314390.89,7314390.89,909,1658110.18,258,2022,2,1,1,5,1,0,1,0,0.8660254037844386,0.5000000000000001,0.7818314824680298,0.6234898018587336,Winter,0,10284350.32,6573206.01,7581218.45,10652885.05,1088.0,926.0,10478585.922857145,4290981.532917218,6573206.01,18516566.98,9325989.100714285,3689374.588841501,5641739.24,18516566.98,8930534.768666666,2952127.8493710095,5641739.24,18516566.98,0.4728682170542636,0.0,0.0,0.12635658914728684,100.29457364341086,0.01937984496124031,10,146,1,0,0,0,0,0,0
2022-02-02,train,7756977.25,7756977.25,1002,1600883.21,284,2022,2,2,2,5,1,0,0,0,0.8660254037844386,0.5000000000000001,0.9749279121818236,-0.22252093395631434,Winter,0,7314390.89,18516566.98,7209887.53,7327076.7299999995,909.0,2237.0,10584469.477142857,4186422.3737329724,6695543.29,18516566.98,9306929.989285713,3699755.921053534,5641739.24,18516566.98,8819251.63,2947884.213607908,5641739.24,18516566.98,0.46830985915492956,0.0,0.0,0.1352112676056338,105.35211267605634,0.01056338028169014,10,147,1,0,0,0,0,0,0
2022-02-03,train,8531892.81,8531892.81,986,1849267.27,291,2022,2,3,3,5,1,0,0,0,0.8660254037844386,0.5000000000000001,0.43388373911755823,-0.900968867902419,Winter,0,7756977.25,6695543.29,5641739.24,6523307.35,1002.0,880.0,9047385.23,2369772.8220151584,6695543.29,12353166.68,9346007.826428572,3678732.0946511156,5641739.24,18516566.98,8833581.647333333,2941418.2552231145,5641739.24,18516566.98,0.5120274914089347,0.0,0.0,0.15738831615120275,99.04123711340206,0.013745704467353952,10,151,1,0,0,0,0,0,0
2022-02-04,train,6736126.04,6736126.04,874,1806752.81,268,2022,2,4,4,5,1,0,0,0,0.8660254037844386,0.5000000000000001,-0.433883739117558,-0.9009688679024191,Winter,0,8531892.81,7151648.2700000005,6048903.87,6633449.47,986.0,992.0,9309720.875714285,2158231.1953317323,7151648.2700000005,12353166.68,9552447.367142858,3533079.319787145,6048903.87,18516566.98,8900534.496,2909707.104112436,5641739.24,18516566.98,0.458955223880597,0.0,0.0,0.12835820895522387,102.75373134328358,0.007462686567164179,10,140,1,0,0,0,0,0,0
2022-02-05,train,11395076.78,11395076.78,1409,2893259.54,279,2022,2,5,5,5,1,1,0,0,0.8660254037844386,0.5000000000000001,-0.9749279121818236,-0.2225209339563146,Winter,0,6736126.04,11775619.91,11837444.65,6352484.21,874.0,1426.0,9250360.557142857,2231935.5885999016,6736126.04,12353166.68,9601534.665000001,3485106.3127012756,6364834.96,18516566.98,8903957.048333334,2907007.6186590176,5641739.24,18516566.98,0.4910394265232975,0.0,0.0,0.1318996415770609,102.80286738351255,0.010752688172043012,10,153,1,0,0,0,0,1,0
2022-02-06,train,10483858.3,10483858.3,1401,2073579.58,276,2022,2,6,6,5,1,1,0,0,0.8660254037844386,0.5000000000000001,-0.7818314824680299,0.6234898018587334,Winter,0,11395076.78,12353166.68,12529717.25,8158870.94,1409.0,1645.0,9195997.252857143,2163770.017252945,6736126.04,12353166.68,9569936.959999999,3465223.7155950624,6364834.96,18516566.98,9072043.467333334,2900167.5225008004,5641739.24,18516566.98,0.5108695652173914,0.0,0.0,0.1503623188405797,108.8768115942029,0.007246376811594203,10,147,1,0,0,0,0,1,0
2022-02-07,train,7301439.9,7301439.9,877,1688820.44,266,2022,2,7,0,6,1,0,0,0,0.8660254037844386,0.5000000000000001,0.0,1.0,Winter,0,10483858.3,10284350.32,6364834.96,11628832.06,1401.0,1088.0,8928953.198571429,1792720.6383006158,6736126.04,11395076.78,9423804.177857144,3372707.9508105773,6364834.96,18516566.98,9149543.046,2905982.708819268,5641739.24,18516566.98,0.48120300751879697,0.0,0.0,0.1398496240601504,104.75187969924812,0.0,10,147,1,0,0,0,0,0,0
2022-02-08,train,6967125.42,6967125.42,883,1660779.1099999999,276,2022,2,8,1,6,1,0,0,0,0.8660254037844386,0.5000000000000001,0.7818314824680298,0.6234898018587336,Winter,0,7301439.9,7314390.89,6573206.01,9164459.19,877.0,909.0,8502823.13857143,1771236.5786804936,6736126.04,11395076.78,9490704.530714285,3316178.8045666735,6573206.01,18516566.98,9005296.640666667,2886005.0545664323,5641739.24,18516566.98,0.4891304347826087,0.0,0.0,0.14456521739130435,105.17028985507247,0.0036231884057971015,10,148,1,0,0,0,0,0,0
2022-02-09,train,8492221.14,8492221.14,888,1804352.55,276,2022,2,9,2,6,1,0,0,0,0.8660254037844386,0.5000000000000001,0.9749279121818236,-0.22252093395631434,Winter,0,6967125.42,7756977.25,18516566.98,6644799.36,883.0,1002.0,8453213.785714285,1814407.2844907835,6736126.04,11395076.78,9518841.631428571,3291096.548494896,6695543.29,18516566.98,8932052.181666667,2909613.060889857,5641739.24,18516566.98,0.5362318840579711,0.0,0.0,0.14239130434782607,104.79710144927536,0.007246376811594203,10,145,1,0,0,0,0,0,0
2022-02-10,train,8357081.87,8357081.87,1097,1976590.28,309,2022,2,10,3,6,1,0,0,0,0.8660254037844386,0.5000000000000001,0.43388373911755823,-0.900968867902419,Winter,0,8492221.14,8531892.81,6695543.29,8571883.17,888.0,986.0,8558248.627142858,1788481.329634482,6736126.04,11395076.78,8802816.92857143,2032889.6319386645,6695543.29,12353166.68,8993632.907666666,2878923.152724339,5641739.24,18516566.98,0.5469255663430421,0.0,0.0,0.1553398058252427,105.66343042071198,0.003236245954692557,10,158,1,0,0,0,0,0,0
2022-02-11,train,6127026.92,6127026.92,864,1398773.3900000001,260,2022,2,11,4,6,1,0,0,0,0.8660254037844386,0.5000000000000001,-0.433883739117558,-0.9009688679024191,Winter,0,8357081.87,6736126.04,7151648.2700000005,8243459.54,1097.0,874.0,8533275.635714287,1790130.3808048277,6736126.04,11395076.78,8921498.255714286,1947092.6506780162,6736126.04,12353166.68,8986472.864333333,2880275.031498829,5641739.24,18516566.98,0.5384615384615384,0.0,0.0,0.15076923076923077,108.0,0.007692307692307693,10,150,1,0,0,0,0,0,0
2022-02-12,train,9310794.26,9310794.26,1345,1861966.25,257,2022,2,12,5,6,1,1,0,0,0.8660254037844386,0.5000000000000001,-0.9749279121818236,-0.2225209339563146,Winter,0,6127026.92,11395076.78,11775619.91,7536538.82,864.0,1409.0,8446261.475714287,1903272.9111497968,6127026.92,11395076.78,8848311.016428571,2035963.5620982382,6127026.92,12353166.68,8915925.110333333,2924678.562920447,5641739.24,18516566.98,0.48638132295719844,0.0,0.0,0.13151750972762644,103.55252918287938,0.007782101167315175,10,154,1,0,0,0,0,1,0
2022-02-13,train,11773689.31,11773689.31,1283,3107992.78,260,2022,2,13,6,6,1,1,0,0,0.8660254037844386,0.5000000000000001,-0.7818314824680299,0.6234898018587334,Winter,0,9310794.26,10483858.3,12353166.68,9141199.0,1345.0,1401.0,8148506.83,1481327.5059274756,6127026.92,10483858.3,8672252.041428572,1862539.9914178816,6127026.92,12353166.68,8975066.958333334,2913741.9865280665,5641739.24,18516566.98,0.5115384615384615,0.0,0.0,0.14423076923076922,100.20769230769231,0.011538461538461539,10,152,1,0,0,0,0,1,0
2022-02-14,train,7035164.41,7035164.41,912,1665608.61,269,2022,2,14,0,7,1,0,0,0,0.8660254037844386,0.5000000000000001,0.0,1.0,Winter,0,11773689.31,7301439.9,10284350.32,10075403.65,1283.0,877.0,8332768.402857144,1853663.1442070378,6127026.92,11773689.31,8630860.800714286,1779012.5420564984,6127026.92,11773689.31,9062816.635333333,2958218.04234268,5641739.24,18516566.98,0.516728624535316,0.0,0.0,0.14200743494423793,102.79925650557621,0.01858736059479554,10,157,1,0,0,0,0,0,0
2022-02-15,train,7383726.53,7383726.53,887,1849814.99,257,2022,2,15,1,7,1,0,0,0,0.8660254037844386,0.5000000000000001,0.7818314824680298,0.6234898018587336,Winter,0,7035164.41,6967125.42,7314390.89,14174041.7,912.0,883.0,8294729.047142857,1880886.8035468569,6127026.92,11773689.31,8398776.092857143,1758531.8645126254,6127026.92,11773689.31,8961475.327333333,2974364.637216656,5641739.24,18516566.98,0.5136186770428015,0.0,0.0,0.1392996108949416,101.73151750972762,0.01556420233463035,10,150,1,0,0,0,0,0,0
2022-02-16,train,9253068.95,9253068.95,993,2370226.3,284,2022,2,16,2,7,1,0,0,0,0.8660254037844386,0.5000000000000001,0.9749279121818236,-0.22252093395631434,Winter,0,7383726.53,8492221.14,7756977.25,6523505.41,887.0,888.0,8354243.491428571,1837979.4802276562,6127026.92,11773689.31,8403728.63857143,1755337.7299306577,6127026.92,11773689.31,8735131.488333333,2818290.028962034,5641739.24,18516566.98,0.5035211267605634,0.0,0.0,0.14119718309859156,104.90140845070422,0.01056338028169014,10,150,1,0,0,0,0,0,0
2022-02-17,train,8109191.24,8109191.24,952,2004093.09,275,2022,2,17,3,7,1,0,0,0,0.8660254037844386,0.5000000000000001,0.43388373911755823,-0.900968867902419,Winter,0,9253068.95,8357081.87,8531892.81,7581218.45,993.0,1097.0,8462936.035714285,1869722.0073055087,6127026.92,11773689.31,8510592.33142857,1758472.9131489028,6127026.92,11773689.31,8826116.939666666,2788329.252971129,5641739.24,18516566.98,0.4618181818181818,0.0,0.0,0.1378181818181818,105.48727272727272,0.0036363636363636364,10,145,1,0,0,0,0,0,0
2022-02-18,train,8957497.07,8957497.07,978,2380340.07,276,2022,2,18,4,7,1,0,0,0,0.8660254037844386,0.5000000000000001,-0.433883739117558,-0.9009688679024191,Winter,0,8109191.24,6127026.92,6736126.04,7209887.53,952.0,864.0,8427523.088571427,1874402.7513643615,6127026.92,11773689.31,8480399.362142857,1761704.9725044924,6127026.92,11773689.31,8843716.032666666,2781859.5804400523,5641739.24,18516566.98,0.4673913043478261,0.0,0.0,0.1318840579710145,100.8695652173913,0.018115942028985508,10,146,1,0,0,0,0,0,0
2022-02-19,train,9740738.88,9740738.88,1320,2359424.45,253,2022,2,19,5,7,1,1,0,0,0.8660254037844386,0.5000000000000001,-0.9749279121818236,-0.2225209339563146,Winter,0,8957497.07,9310794.26,11395076.78,5641739.24,978.0,1345.0,8831875.967142856,1577149.067803994,7035164.41,11773689.31,8639068.721428571,1691142.686386679,6127026.92,11773689.31,8901969.684,2764711.6513912515,5641739.24,18516566.98,0.5296442687747036,0.0,0.0,0.15138339920948615,101.04347826086956,0.019762845849802372,10,144,1,0,0,0,0,1,0
2022-02-20,train,10518563.39,10518563.39,1532,2528520.2199999997,282,2022,2,20,6,7,1,1,0,0,0.8660254037844386,0.5000000000000001,-0.7818314824680299,0.6234898018587334,Winter,0,9740738.88,11773689.31,10483858.3,6048903.87,1320.0,1283.0,8893296.627142858,1606998.0643661933,7035164.41,11773689.31,8520901.728571428,1534278.4623126113,6127026.92,11773689.31,9038603.005333334,2698528.693796411,6048903.87,18516566.98,0.5354609929078015,0.0,0.0,0.14645390070921985,105.322695035461,0.0,10,151,1,0,0,0,0,1,0
2022-02-21,train,7838717.23,7838717.23,910,2056107.69,267,2022,2,21,0,8,1,0,0,0,0.8660254037844386,0.5000000000000001,0.0,1.0,Winter,0,10518563.39,7035164.41,7301439.9,11837444.65,1532.0,912.0,8713992.924285714,1265861.8928911232,7035164.41,10518563.39,8523380.663571429,1537718.1591185248,6127026.92,11773689.31,9187591.656,2650736.459185349,6127026.92,18516566.98,0.4943820224719101,0.0,0.0,0.13595505617977527,106.71161048689139,0.00749063670411985,10,155,1,0,0,0,0,0,0
2022-02-22,train,6842562.85,6842562.85,827,1511776.79,255,2022,2,22,1,8,1,0,0,0,0.8660254037844386,0.5000000000000001,0.7818314824680298,0.6234898018587336,Winter,0,7838717.23,7383726.53,6967125.42,12529717.25,910.0,887.0,8828786.184285715,1115783.5740024378,7383726.53,10518563.39,8561757.615714286,1511354.6776291248,6127026.92,11773689.31,9054300.742,2613165.980451203,6127026.92,18516566.98,0.5137254901960784,0.0,0.0,0.13686274509803922,105.0156862745098,0.00392156862745098,10,146,1,0,0,0,0,0,0
2022-02-23,train,7773705.0,7773705.0,923,1984794.19,272,2022,2,23,2,8,1,0,0,0,0.8660254037844386,0.5000000000000001,0.9749279121818236,-0.22252093395631434,Winter,0,6842562.85,9253068.95,8492221.14,6364834.96,827.0,993.0,8751477.087142857,1243977.9444582444,6842562.85,10518563.39,8552860.289285716,1521794.9682401482,6127026.92,11773689.31,8864728.928666666,2558054.1987380018,6127026.92,18516566.98,0.47058823529411764,0.0,0.0,0.12573529411764706,106.59558823529412,0.003676470588235294,10,149,1,0,0,0,0,0,0
2022-02-24,train,7688640.23,7688640.23,937,1567024.32,272,2022,2,24,3,8,1,0,0,0,0.8660254037844386,0.5000000000000001,0.43388373911755823,-0.900968867902419,Winter,0,7773705.0,8109191.24,8357081.87,6573206.01,923.0,952.0,8540139.379999999,1269953.0982205481,6842562.85,10518563.39,8501537.707857143,1536046.5934686495,6127026.92,11773689.31,8911691.263333334,2523273.0301704365,6127026.92,18516566.98,0.5330882352941176,0.0,0.0,0.1613970588235294,100.02573529411765,0.003676470588235294,10,147,1,0,0,0,0,0,0
2022-02-25,train,8014914.6,8014914.6,986,2071826.04,288,2022,2,25,4,8,1,0,0,0,0.8660254037844386,0.5000000000000001,-0.433883739117558,-0.9009688679024191,Winter,0,7688640.23,8957497.07,6127026.92,18516566.98,937.0,978.0,8480060.664285716,1303249.3729513134,6842562.85,10518563.39,8453791.87642857,1551196.2704644979,6127026.92,11773689.31,8948872.404000001,2495693.9757152577,6127026.92,18516566.98,0.4409722222222222,0.0,0.0,0.12534722222222222,109.88541666666667,0.003472222222222222,10,158,1,0,0,0,0,0,0
2022-02-26,train,7876199.99,7876199.99,1334,1691402.69,245,2022,2,26,5,8,1,1,0,0,0.8660254037844386,0.5000000000000001,-0.9749279121818236,-0.2225209339563146,Winter,0,8014914.6,9740738.88,9310794.26,6695543.29,986.0,1320.0,8345406.025714287,1294362.507593699,6842562.85,10518563.39,8588640.996428572,1408898.271496426,6842562.85,11773689.31,8598817.324666668,1724883.855312785,6127026.92,12353166.68,0.47346938775510206,0.0,0.0,0.1436734693877551,105.19591836734693,0.00816326530612245,10,148,1,0,0,0,0,1,0
2022-02-27,train,11071014.78,11071014.78,1566,2343897.45,288,2022,2,27,6,8,1,1,0,0,0.8660254037844386,0.5000000000000001,-0.7818314824680299,0.6234898018587334,Winter,0,7876199.99,10518563.39,11773689.31,7151648.2700000005,1334.0,1532.0,8079043.327142857,1142278.623757166,6842562.85,10518563.39,8486169.977142857,1404497.9646993163,6842562.85,11773689.31,8638172.548,1693137.9138936298,6127026.92,12353166.68,0.4618055555555556,0.0,0.0,0.12291666666666666,104.78472222222223,0.010416666666666666,10,156,1,0,0,0,0,1,0
2022-02-28,train,9346257.7,9346257.7,1040,1938493.51,313,2022,2,28,0,9,1,0,0,1,0.8660254037844386,0.5000000000000001,0.0,1.0,Winter,0,11071014.78,7838717.23,7035164.41,11775619.91,1566.0,910.0,8157964.954285714,1340760.816400449,6842562.85,11071014.78,8435978.939285714,1285491.8320654377,6842562.85,11071014.78,8768818.098333333,1725385.3439711255,6127026.92,12353166.68,0.5335463258785943,0.0,0.0,0.15175718849840256,104.69009584664536,0.009584664536741214,10,158,1,0,0,0,0,0,0
2022-03-01,train,8215931.02,8215931.02,886,2230909.96,280,2022,3,1,1,9,1,0,1,0,1.0,6.123233995736766e-17,0.7818314824680298,0.6234898018587336,Summer,1,9346257.7,6842562.85,7383726.53,12353166.68,1040.0,827.0,8373327.878571429,1400671.8397924888,6842562.85,11071014.78,8601057.031428572,1239329.0821328291,6842562.85,11071014.78,8687839.358000001,1633987.4607828527,6127026.92,12353166.68,0.4857142857142857,0.0,0.0,0.13499999999999998,103.27142857142857,0.007142857142857143,10,149,1,0,0,0,0,0,0
2022-03-02,train,8967266.29,8967266.29,806,2083418.54,264,2022,3,2,2,9,1,0,0,0,1.0,6.123233995736766e-17,0.9749279121818236,-0.22252093395631434,Summer,1,8215931.02,7773705.0,9253068.95,10284350.32,886.0,923.0,8569523.33142857,1237158.924381728,7688640.23,11071014.78,8660500.209285714,1195637.4249463552,6842562.85,11071014.78,8549931.502666665,1481437.4594672115,6127026.92,11773689.31,0.4772727272727273,0.0,0.0,0.13333333333333333,108.09469696969697,0.003787878787878788,10,147,1,0,0,0,0,0,0
2022-03-03,train,6438667.0,6438667.0,823,1525384.57,257,2022,3,3,3,9,1,0,0,0,1.0,6.123233995736766e-17,0.43388373911755823,-0.900968867902419,Summer,1,8967266.29,7688640.23,8109191.24,7314390.89,806.0,937.0,8740032.087142857,1190569.416924302,7688640.23,11071014.78,8640085.733571429,1187151.3505823675,6842562.85,11071014.78,8506028.701666666,1447389.891658686,6127026.92,11773689.31,0.5019455252918288,0.0,0.0,0.1350194552529183,101.31906614785993,0.01556420233463035,10,143,1,0,0,0,0,0,0
2022-03-04,train,5906365.7,5906365.7,807,1499869.58,255,2022,3,4,4,9,1,0,0,0,1.0,6.123233995736766e-17,-0.433883739117558,-0.9009688679024191,Summer,1,6438667.0,8014914.6,8957497.07,7756977.25,823.0,986.0,8561464.482857142,1441780.4341070945,6438667.0,11071014.78,8520762.573571429,1321023.2492423733,6438667.0,11071014.78,8476837.905333333,1480698.9042853552,6127026.92,11773689.31,0.4588235294117647,0.0,0.0,0.12431372549019608,99.95294117647059,0.00392156862745098,10,152,1,0,0,0,0,0,0
2022-03-05,train,8693140.59,8693140.59,1353,1737656.8900000001,268,2022,3,5,5,9,1,1,0,0,1.0,6.123233995736766e-17,-0.9749279121818236,-0.2225209339563146,Summer,1,5906365.7,7876199.99,9740738.88,8531892.81,807.0,1334.0,8260243.211428572,1760117.321506124,5906365.7,11071014.78,8302824.618571429,1484942.5833619246,5906365.7,11071014.78,8415150.853666667,1548710.0008405016,5906365.7,11773689.31,0.5447761194029851,0.0,0.0,0.14813432835820897,105.49626865671642,0.011194029850746268,10,147,1,0,0,0,0,1,0
2022-03-06,train,11067946.3,11067946.3,1516,2354362.4,288,2022,3,6,6,9,1,1,0,0,1.0,6.123233995736766e-17,-0.7818314824680299,0.6234898018587334,Summer,1,8693140.59,11071014.78,10518563.39,6736126.04,1353.0,1566.0,8376949.011428571,1757490.9744182006,5906365.7,11071014.78,8227996.169285715,1432374.7673888155,5906365.7,11071014.78,8420525.779666668,1549408.7887904455,5906365.7,11773689.31,0.5381944444444444,0.0,0.0,0.13923611111111112,107.59375,0.013888888888888888,10,149,1,0,0,0,0,1,0
2022-03-07,train,8370387.78,8370387.78,933,1969990.12,296,2022,3,7,0,10,1,0,0,0,1.0,6.123233995736766e-17,0.0,1.0,Summer,1,11067946.3,9346257.7,7838717.23,11395076.78,1516.0,1040.0,8376510.657142856,1756707.2345535972,5906365.7,11067946.3,8267237.805714285,1505608.1580645575,5906365.7,11071014.78,8564919.788333334,1588379.1813102972,5906365.7,11773689.31,0.5304054054054054,0.0,0.0,0.14189189189189189,100.47972972972973,0.010135135135135136,10,148,1,0,0,0,0,0,0
2022-03-08,train,6475846.6,6475846.6,934,1733745.24,281,2022,3,8,1,10,1,0,0,0,1.0,6.123233995736766e-17,0.7818314824680298,0.6234898018587336,Summer,1,8370387.78,8215931.02,6842562.85,10483858.3,933.0,886.0,8237100.668571427,1704880.445255994,5906365.7,11067946.3,8305214.273571429,1500665.1370701008,5906365.7,11071014.78,8464096.821666667,1495840.2121877815,5906365.7,11773689.31,0.48398576512455516,0.0,0.0,0.13274021352313167,104.79715302491103,0.010676156583629894,10,144,1,0,0,0,0,0,0
2022-03-09,train,5453954.72,5453954.72,752,1209543.4,243,2022,3,9,2,10,1,0,0,0,1.0,6.123233995736766e-17,0.9749279121818236,-0.22252093395631434,Summer,1,6475846.6,8967266.29,7773705.0,7301439.9,934.0,806.0,7988517.18,1830697.2933923346,5906365.7,11067946.3,8279020.255714285,1531052.35862991,5906365.7,11071014.78,8330496.431666668,1488192.9664911183,5906365.7,11773689.31,0.45267489711934156,0.0,0.0,0.13251028806584364,108.48559670781893,0.00411522633744856,10,137,1,0,0,0,0,0,0
2022-03-10,train,6854676.17,6854676.17,843,1633929.26,280,2022,3,10,3,10,1,0,0,0,1.0,6.123233995736766e-17,0.43388373911755823,-0.900968867902419,Summer,1,5453954.72,6438667.0,7688640.23,6967125.42,752.0,823.0,7486615.527142857,1992127.6582059446,5453954.72,11067946.3,8113323.8071428565,1705530.7004817554,5453954.72,11071014.78,8268913.592333334,1568313.3082311947,5453954.72,11773689.31,0.5214285714285715,0.0,0.0,0.13607142857142857,104.89285714285714,0.0035714285714285713,10,152,1,0,0,0,0,0,0
2022-03-11,train,5727470.12,5727470.12,858,1257569.66,270,2022,3,11,4,10,1,0,0,0,1.0,6.123233995736766e-17,-0.433883739117558,-0.9009688679024191,Summer,1,6854676.17,5906365.7,8014914.6,8492221.14,843.0,807.0,7546045.408571429,1961626.1748633254,5453954.72,11067946.3,8053754.9457142865,1735799.8390894644,5453954.72,11071014.78,8265165.283999999,1571662.7028802133,5453954.72,11773689.31,0.48148148148148145,0.0,0.0,0.12851851851851853,105.29629629629629,0.014814814814814815,10,148,1,0,0,0,0,0,0
2022-03-12,train,10097541.53,10097541.53,1312,2316039.5500000003,261,2022,3,12,5,10,1,1,0,0,1.0,6.123233995736766e-17,-0.9749279121818236,-0.2225209339563146,Summer,1,5727470.12,8693140.59,7876199.99,8357081.87,858.0,1353.0,7520488.897142856,1987542.791406033,5453954.72,11067946.3,7890366.0542857135,1844020.7649022932,5453954.72,11071014.78,8173006.916666667,1637566.8803470354,5453954.72,11773689.31,0.524904214559387,0.0,0.0,0.1475095785440613,103.77777777777777,0.0,10,138,1,0,0,0,0,1,0
2022-03-13,train,12381436.299999999,12381436.299999999,1265,3333451.6,263,2022,3,13,6,10,1,1,0,0,1.0,6.123233995736766e-17,-0.7818314824680299,0.6234898018587334,Summer,1,10097541.53,11067946.3,11071014.78,6127026.92,1312.0,1516.0,7721117.602857143,2186560.5877297926,5453954.72,11067946.3,8049033.3071428565,1935981.8081926776,5453954.72,11071014.78,8231022.238666667,1674721.9007690204,5453954.72,11773689.31,0.5247148288973384,0.0,0.0,0.12053231939163497,96.90874524714829,0.011406844106463879,10,153,1,0,0,0,0,1,0
2022-03-14,train,8038201.25,8038201.25,840,1924653.4,276,2022,3,14,0,11,1,0,0,0,1.0,6.123233995736766e-17,0.0,1.0,Summer,1,12381436.299999999,8370387.78,9346257.7,9310794.26,1265.0,933.0,7908759.031428571,2548107.9946300527,5453954.72,12381436.299999999,8142634.8442857135,2116583.2136349715,5453954.72,12381436.299999999,8439502.551333334,1789156.314936148,5453954.72,12381436.299999999,0.5217391304347826,0.0,0.0,0.1391304347826087,101.3695652173913,0.014492753623188406,10,145,1,0,0,0,0,0,0
2022-03-15,train,5412905.13,5412905.13,789,1412048.8800000001,263,2022,3,15,1,11,1,0,0,0,1.0,6.123233995736766e-17,0.7818314824680298,0.6234898018587336,Summer,1,8038201.25,6475846.6,8215931.02,11773689.31,840.0,934.0,7861303.812857143,2541161.6869665133,5453954.72,12381436.299999999,8049202.240714285,2088042.9147559572,5453954.72,12381436.299999999,8397082.784333333,1782861.315635449,5453954.72,12381436.299999999,0.5019011406844106,0.0,0.0,0.13574144486692016,103.27376425855513,0.0,10,147,1,0,0,0,0,0,0
2022-03-16,train,6902703.19,6902703.19,822,1544955.21,267,2022,3,16,2,11,1,0,0,0,1.0,6.123233995736766e-17,0.9749279121818236,-0.22252093395631434,Summer,1,5412905.13,5453954.72,8967266.29,7035164.41,789.0,752.0,7709455.031428571,2666420.021003453,5412905.13,12381436.299999999,7848986.105714285,2202097.8588667335,5412905.13,12381436.299999999,8185056.645,1745283.6127939045,5412905.13,12381436.299999999,0.5205992509363296,0.0,0.0,0.149063670411985,105.46441947565543,0.0149812734082397,10,149,1,0,0,0,0,0,0
2022-03-17,train,7365571.57,7365571.57,844,1642466.31,272,2022,3,17,3,11,1,0,0,0,1.0,6.123233995736766e-17,0.43388373911755823,-0.900968867902419,Summer,1,6902703.19,6854676.17,6438667.0,7383726.53,822.0,843.0,7916419.098571428,2514043.965858728,5412905.13,12381436.299999999,7701517.312857144,2190547.822212572,5412905.13,12381436.299999999,8180641.271,1748457.6962246757,5412905.13,12381436.299999999,0.5147058823529411,0.0,0.0,0.1474264705882353,105.5220588235294,0.003676470588235294,10,142,1,0,0,0,0,0,0
2022-03-18,train,15923234.12,15923234.12,2307,2574208.58,262,2022,3,18,4,11,1,0,0,0,1.0,6.123233995736766e-17,-0.433883739117558,-0.9009688679024191,Summer,1,7365571.57,5727470.12,5906365.7,9253068.95,844.0,858.0,7989404.155714286,2485335.3092699205,5412905.13,12381436.299999999,7767724.782142856,2163280.939858474,5412905.13,12381436.299999999,8180036.105666666,1748746.148603823,5412905.13,12381436.299999999,1.0,1.0,1.0,0.2,101.9618320610687,0.007633587786259542,10,150,1,1,1,1,0,0,1
2022-03-19,train,12325348.56,12325348.56,1416,2783587.7199999997,291,2022,3,19,5,11,1,1,0,0,1.0,6.123233995736766e-17,-0.9749279121818236,-0.2225209339563146,Summer,1,15923234.12,10097541.53,8693140.59,8109191.24,2307.0,1312.0,9445941.870000001,3652399.830370461,5412905.13,15923234.12,8483215.38357143,2996381.115211598,5412905.13,15923234.12,8402374.944666667,2243826.4646447604,5412905.13,15923234.12,0.5120274914089347,0.0,0.0,0.136426116838488,103.12371134020619,0.010309278350515464,10,156,1,0,0,0,0,1,0
2022-03-20,train,9570126.02,9570126.02,1383,1870660.18,279,2022,3,20,6,11,1,1,0,0,1.0,6.123233995736766e-17,-0.7818314824680299,0.6234898018587334,Summer,1,12325348.56,12381436.299999999,11067946.3,8957497.07,1416.0,1265.0,9764200.017142858,3812206.9320645477,5412905.13,15923234.12,8742658.81,3168273.7778777177,5412905.13,15923234.12,8542913.522,2354154.006110658,5412905.13,15923234.12,0.5519713261648745,0.0,0.0,0.15985663082437276,98.0752688172043,0.0035842293906810036,10,153,1,0,0,0,0,1,0
2022-03-21,train,8557199.98,8557199.98,947,1810673.94,290,2022,3,21,0,12,1,0,0,0,1.0,6.123233995736766e-17,0.0,1.0,Summer,1,9570126.02,8038201.25,8370387.78,9740738.88,1383.0,840.0,9362584.262857143,3634469.301349598,5412905.13,15923234.12,8635671.647142857,3108437.1047062036,5412905.13,15923234.12,8563334.487,2360522.786730531,5412905.13,15923234.12,0.5241379310344828,0.0,0.0,0.15344827586206897,107.02068965517242,0.006896551724137931,10,147,1,0,0,0,0,0,0
2022-03-22,train,5129805.2,5129805.2,794,1266182.29,250,2022,3,22,1,12,1,0,0,0,1.0,6.123233995736766e-17,0.7818314824680298,0.6234898018587336,Summer,1,8557199.98,5412905.13,6475846.6,10518563.39,947.0,789.0,9436726.938571429,3608147.6350640557,5412905.13,15923234.12,8649015.375714285,3107611.567920747,5412905.13,15923234.12,8523883.190333333,2350033.245229318,5412905.13,15923234.12,0.536,0.0,0.0,0.146,101.82,0.012,10,140,1,0,0,0,0,0,0
2022-03-23,train,6768730.48,6768730.48,854,1672124.62,267,2022,3,23,2,12,1,0,0,0,1.0,6.123233995736766e-17,0.9749279121818236,-0.22252093395631434,Summer,1,5129805.2,6902703.19,5453954.72,7838717.23,794.0,822.0,9396284.091428572,3661952.113430736,5129805.2,15923234.12,8552869.561428571,3199483.2158264746,5129805.2,15923234.12,8344257.917333333,2397772.605057203,5129805.2,15923234.12,0.4794007490636704,0.0,0.0,0.1247191011235955,102.57677902621722,0.003745318352059925,10,146,1,0,0,0,0,0,0
2022-03-24,train,7642827.85,7642827.85,893,1988345.8,281,2022,3,24,3,12,1,0,0,0,1.0,6.123233995736766e-17,0.43388373911755823,-0.900968867902419,Summer,1,6768730.48,7365571.57,6854676.17,6842562.85,854.0,844.0,9377145.132857142,3677473.9486313746,5129805.2,15923234.12,8646782.115714286,3119830.026757364,5129805.2,15923234.12,8308591.692333334,2413458.2673030486,5129805.2,15923234.12,0.5088967971530249,0.0,0.0,0.12882562277580073,104.99288256227759,0.0071174377224199285,10,151,1,0,0,0,0,0,0
2022-03-25,train,6695590.71,6695590.71,802,1652450.44,264,2022,3,25,4,12,1,0,0,0,1.0,6.123233995736766e-17,-0.433883739117558,-0.9009688679024191,Summer,1,7642827.85,15923234.12,5727470.12,7773705.0,893.0,2307.0,9416753.172857143,3653613.154996419,5129805.2,15923234.12,8703078.664285714,3091991.1729123895,5129805.2,15923234.12,8335267.192333334,2401086.656944764,5129805.2,15923234.12,0.5454545454545454,0.0,0.0,0.15,103.5,0.007575757575757576,10,138,1,0,0,0,0,0,0
2022-03-26,train,13099105.0,13099105.0,1456,3217374.91,294,2022,3,26,5,12,1,1,0,0,1.0,6.123233995736766e-17,-0.9749279121818236,-0.2225209339563146,Summer,1,6695590.71,12325348.56,10097541.53,7688640.23,802.0,1416.0,8098518.4,2345192.4205815676,5129805.2,12325348.56,8772230.135,3030538.6305831023,5129805.2,15923234.12,8299330.049333334,2417791.3789672046,5129805.2,15923234.12,0.4557823129251701,0.0,0.0,0.1261904761904762,107.17687074829932,0.003401360544217687,10,160,1,0,0,0,0,1,0
2022-03-27,train,10172836.73,10172836.73,1376,1699836.3,266,2022,3,27,6,12,1,1,0,0,1.0,6.123233995736766e-17,-0.7818314824680299,0.6234898018587334,Summer,1,13099105.0,9570126.02,12381436.299999999,8014914.6,1456.0,1383.0,8209055.034285715,2583725.012693198,5129805.2,13099105.0,8986627.525714286,3231051.3354081362,5129805.2,15923234.12,8479678.875,2567803.744031916,5129805.2,15923234.12,0.48120300751879697,0.0,0.0,0.14022556390977442,104.70676691729324,0.011278195488721804,10,147,1,0,0,0,0,1,0
2022-03-28,train,6369912.46,6369912.46,847,1693182.38,276,2022,3,28,0,13,1,0,0,0,1.0,6.123233995736766e-17,0.0,1.0,Summer,1,10172836.73,8557199.98,8038201.25,7876199.99,1376.0,947.0,8295156.564285715,2645935.236461442,5129805.2,13099105.0,8828870.413571429,3103967.0508867404,5129805.2,15923234.12,8551609.612666667,2584505.70694735,5129805.2,15923234.12,0.42391304347826086,0.0,0.0,0.11340579710144928,102.15217391304348,0.010869565217391304,10,161,1,0,0,0,0,0,0
2022-03-29,train,8474167.39,8474167.39,893,1856005.56,277,2022,3,29,1,13,1,0,0,0,1.0,6.123233995736766e-17,0.7818314824680298,0.6234898018587336,Summer,1,6369912.46,5129805.2,5412905.13,11071014.78,847.0,794.0,7982686.918571428,2737403.7823641007,5129805.2,13099105.0,8709706.92857143,3168018.869819039,5129805.2,15923234.12,8501400.028333332,2612558.641248173,5129805.2,15923234.12,0.5090252707581228,0.0,0.0,0.14187725631768952,103.77617328519855,0.007220216606498195,10,147,1,0,0,0,0,0,0
2022-03-30,train,5262219.1899999995,5262219.1899999995,753,1309842.67,246,2022,3,30,2,13,1,0,0,0,1.0,6.123233995736766e-17,0.9749279121818236,-0.22252093395631434,Summer,1,8474167.39,6768730.48,6902703.19,9346257.7,893.0,854.0,8460452.945714286,2431223.050339104,6369912.46,13099105.0,8928368.518571429,3025400.9597695856,5129805.2,15923234.12,8414838.448666666,2567109.2785817212,5129805.2,15923234.12,0.5,0.0,0.0,0.14105691056910571,100.72764227642277,0.0040650406504065045,10,147,1,0,0,0,0,0,0
2022-03-31,train,7074885.8,7074885.8,826,1667640.02,280,2022,3,31,3,13,1,0,0,1,1.0,6.123233995736766e-17,0.43388373911755823,-0.900968867902419,Summer,1,5262219.1899999995,7642827.85,7365571.57,8215931.02,753.0,893.0,8245237.047142858,2661691.8866641843,5262219.1899999995,13099105.0,8811191.09,3139509.5863372735,5129805.2,15923234.12,8278703.831666666,2623678.246852611,5129805.2,15923234.12,0.5107142857142857,0.0,0.0,0.1375,98.68214285714286,0.007142857142857143,10,148,1,0,0,0,0,0,0
2022-04-01,train,6620807.27,6620807.27,849,1459255.71,275,2022,4,1,4,13,2,0,1,0,0.8660254037844387,-0.4999999999999998,-0.433883739117558,-0.9009688679024191,Summer,1,7074885.8,6695590.71,15923234.12,8967266.29,826.0,802.0,8164102.468571429,2691603.229155766,5262219.1899999995,13099105.0,8790427.820714286,3150746.8031918085,5129805.2,15923234.12,8240668.991,2632874.2436380424,5129805.2,15923234.12,0.5345454545454545,0.0,0.0,0.14400000000000002,101.77090909090909,0.0036363636363636364,10,155,1,0,0,0,0,0,0
2022-04-02,train,10540981.14,10540981.14,1335,1958930.76,269,2022,4,2,5,13,2,1,0,0,0.8660254037844387,-0.4999999999999998,-0.9749279121818236,-0.2225209339563146,Summer,1,6620807.27,13099105.0,12325348.56,6438667.0,849.0,1456.0,8153419.12,2698542.8786206297,5262219.1899999995,13099105.0,8125968.76,2429037.7369133993,5129805.2,13099105.0,8162453.690333333,2645368.4709387054,5129805.2,15923234.12,0.5576208178438662,0.0,0.0,0.1579925650557621,104.1263940520446,0.01486988847583643,10,150,1,0,0,0,0,1,0
2022-04-03,train,10862611.27,10862611.27,1321,2342059.03,277,2022,4,3,6,13,2,1,0,0,0.8660254037844387,-0.4999999999999998,-0.7818314824680299,0.6234898018587334,Summer,1,10540981.14,10172836.73,9570126.02,5906365.7,1335.0,1376.0,7787972.854285715,1999941.1979009234,5262219.1899999995,10540981.14,7998513.944285714,2230436.0409460533,5129805.2,13099105.0,8299197.495,2659182.1551622488,5129805.2,15923234.12,0.5379061371841155,0.0,0.0,0.15162454873646208,107.7581227436823,0.018050541516245487,10,148,1,0,0,0,0,1,0
2022-04-04,train,8680741.3,8680741.3,918,2039117.64,293,2022,4,4,0,14,2,0,0,0,0.8660254037844387,-0.4999999999999998,0.0,1.0,Summer,1,10862611.27,6369912.46,8557199.98,8693140.59,1321.0,847.0,7886512.074285714,2148505.085205365,5262219.1899999995,10862611.27,8090834.319285714,2325225.388205743,5129805.2,13099105.0,8464405.680666666,2659354.8358125323,5129805.2,15923234.12,0.515358361774744,0.0,0.0,0.14470989761092148,102.48805460750853,0.006825938566552901,10,153,1,0,0,0,0,0,0
2022-04-05,train,6448641.96,6448641.96,851,1416599.71,280,2022,4,5,1,14,2,0,0,0,0.8660254037844387,-0.4999999999999998,0.7818314824680298,0.6234898018587336,Summer,1,8680741.3,8474167.39,5129805.2,11067946.3,918.0,893.0,8216630.4799999995,2052004.0264461606,5262219.1899999995,10862611.27,8099658.699285714,2327364.8604621775,5129805.2,13099105.0,8463992.371,2659319.0239084717,5129805.2,15923234.12,0.4714285714285714,0.0,0.0,0.12607142857142856,103.36071428571428,0.007142857142857143,10,151,1,0,0,0,0,0,0
2022-04-06,train,9830585.44,9830585.44,861,2568297.2600000002,277,2022,4,6,2,14,2,0,0,0,0.8660254037844387,-0.4999999999999998,0.9749279121818236,-0.22252093395631434,Summer,1,6448641.96,5262219.1899999995,6768730.48,8370387.78,851.0,753.0,7927269.704285714,2150103.6286844886,5262219.1899999995,10862611.27,8193861.325000001,2222225.878202463,5262219.1899999995,13099105.0,8310015.559666666,2636985.9225667138,5129805.2,15923234.12,0.5018050541516246,0.0,0.0,0.13393501805054153,101.30324909747293,0.010830324909747292,10,142,1,0,0,0,0,0,0
2022-04-07,train,6245043.07,6245043.07,885,1402253.29,273,2022,4,7,3,14,2,0,0,0,0.8660254037844387,-0.4999999999999998,0.43388373911755823,-0.900968867902419,Summer,1,9830585.44,7074885.8,7642827.85,6475846.6,861.0,826.0,8579893.454285713,1883098.772288542,6448641.96,10862611.27,8412565.250714285,2221849.0273144734,5262219.1899999995,13099105.0,8358688.8149999995,2651574.439909645,5129805.2,15923234.12,0.43223443223443225,0.0,0.0,0.12014652014652014,104.2967032967033,0.01098901098901099,10,148,1,0,0,0,0,0,0
2022-04-08,train,7716827.87,7716827.87,759,1872521.56,253,2022,4,8,4,14,2,0,0,0,0.8660254037844387,-0.4999999999999998,-0.433883739117558,-0.9009688679024191,Summer,1,6245043.07,6620807.27,6695590.71,5453954.72,885.0,849.0,8461344.492857143,2015128.9123741654,6245043.07,10862611.27,8312723.480714285,2289475.4141108277,5262219.1899999995,13099105.0,8350995.363999999,2657553.912608516,5129805.2,15923234.12,0.5296442687747036,0.0,0.0,0.14387351778656127,102.64822134387352,0.011857707509881422,10,142,1,0,0,0,0,0,0
2022-04-09,train,11326483.71,11326483.71,1452,2790479.42,287,2022,4,9,5,14,2,1,0,0,0.8660254037844387,-0.4999999999999998,-0.9749279121818236,-0.2225209339563146,Summer,1,7716827.87,10540981.14,13099105.0,6854676.17,759.0,1335.0,8617918.864285713,1886777.9500773195,6245043.07,10862611.27,8385668.992142857,2249915.3530651517,5262219.1899999995,13099105.0,8426424.469,2604067.299935644,5129805.2,15923234.12,0.5226480836236934,0.0,0.0,0.13693379790940766,102.49128919860627,0.013937282229965157,10,150,1,0,0,0,0,1,0
2022-04-10,train,10426003.48,10426003.48,1578,2137418.36,306,2022,4,10,6,14,2,1,0,0,0.8660254037844387,-0.4999999999999998,-0.7818314824680299,0.6234898018587334,Summer,1,11326483.71,10862611.27,10172836.73,5727470.12,1452.0,1321.0,8730133.517142856,2037547.3943911383,6245043.07,11326483.71,8259053.185714285,2000288.7979553358,5262219.1899999995,11326483.71,8575484.720333334,2638751.0806629895,5129805.2,15923234.12,0.5065359477124183,0.0,0.0,0.13790849673202615,104.49673202614379,0.0032679738562091504,10,160,1,0,0,0,0,1,0
2022-04-11,train,8014666.52,8014666.52,859,2119294.25,286,2022,4,11,0,15,2,0,0,0,0.8660254037844387,-0.4999999999999998,0.0,1.0,Summer,1,10426003.48,8680741.3,6369912.46,10097541.53,1578.0,918.0,8667760.975714285,1966845.0851283532,6245043.07,11326483.71,8277136.524999999,2019968.5184375232,5262219.1899999995,11326483.71,8732102.499,2603078.8757217447,5129805.2,15923234.12,0.47202797202797203,0.0,0.0,0.1346153846153846,104.08741258741259,0.01048951048951049,10,148,1,0,0,0,0,0,0
2022-04-12,train,6582752.53,6582752.53,803,1501061.09,267,2022,4,12,1,15,2,0,0,0,0.8660254037844387,-0.4999999999999998,0.7818314824680298,0.6234898018587336,Summer,1,8014666.52,6448641.96,8474167.39,12381436.299999999,859.0,851.0,8572607.435714286,1982164.7274047732,6245043.07,11326483.71,8394618.957857143,1947023.4434646443,5262219.1899999995,11326483.71,8662673.332,2593162.4131172,5129805.2,15923234.12,0.48314606741573035,0.0,0.0,0.14531835205992508,101.86142322097378,0.011235955056179775,10,150,1,0,0,0,0,0,0
2022-04-13,train,6610585.1,6610585.1,851,1537995.31,271,2022,4,13,2,15,2,0,0,0,0.8660254037844387,-0.4999999999999998,0.9749279121818236,-0.22252093395631434,Summer,1,6582752.53,9830585.44,5262219.1899999995,8038201.25,803.0,861.0,8591766.08857143,1958723.4731375314,6245043.07,11326483.71,8259517.896428571,2005812.7761077809,5262219.1899999995,11326483.71,8469383.873,2521536.858981864,5129805.2,15923234.12,0.5018450184501845,0.0,0.0,0.13173431734317345,105.39483394833948,0.007380073800738007,10,151,1,0,0,0,0,0,0
2022-04-14,train,6995261.52,6995261.52,842,1939919.29,267,2022,4,14,3,15,2,0,0,0,0.8660254037844387,-0.4999999999999998,0.43388373911755823,-0.900968867902419,Summer,1,6610585.1,6245043.07,7074885.8,5412905.13,851.0,885.0,8131766.040000001,1997030.7240385162,6245043.07,11326483.71,8355829.747142858,1879198.2705748752,6245043.07,11326483.71,8421796.668,2543331.8763647447,5129805.2,15923234.12,0.48314606741573035,0.0,0.0,0.12808988764044946,104.16104868913858,0.003745318352059925,10,154,1,0,0,0,0,0,0
2022-04-15,train,6483979.75,6483979.75,863,1354618.93,278,2022,4,15,4,15,2,0,0,0,0.8660254037844387,-0.4999999999999998,-0.433883739117558,-0.9009688679024191,Summer,1,6995261.52,7716827.87,6620807.27,6902703.19,842.0,759.0,8238940.104285715,1896501.396193745,6582752.53,11326483.71,8350142.298571428,1883488.895797494,6245043.07,11326483.71,8474541.881000001,2494723.3035905613,5129805.2,15923234.12,0.5323741007194245,0.0,0.0,0.15827338129496402,107.76978417266187,0.007194244604316547,10,144,1,0,0,0,0,0,0
2022-04-16,train,8829992.31,8829992.31,1427,2135149.48,293,2022,4,16,5,15,2,1,0,0,0.8660254037844387,-0.4999999999999998,-0.9749279121818236,-0.2225209339563146,Summer,1,6483979.75,11326483.71,10540981.14,7365571.57,863.0,1452.0,8062818.944285714,2007089.9038788555,6483979.75,11326483.71,8340368.904285714,1893481.1492845332,6245043.07,11326483.71,8460584.433,2504970.940013578,5129805.2,15923234.12,0.4812286689419795,0.0,0.0,0.12696245733788397,101.52901023890784,0.010238907849829351,10,153,1,0,0,0,0,1,0
2022-04-17,train,11312861.33,11312861.33,1406,2181171.54,273,2022,4,17,6,15,2,1,0,0,0.8660254037844387,-0.4999999999999998,-0.7818314824680299,0.6234898018587334,Summer,1,8829992.31,10426003.48,10862611.27,15923234.12,1427.0,1578.0,7706177.315714286,1484203.142261903,6483979.75,10426003.48,8218155.416428572,1793073.257113764,6245043.07,11326483.71,8509398.457666667,2497153.0523460335,5129805.2,15923234.12,0.5970695970695971,0.0,0.0,0.17032967032967034,103.08424908424908,0.0,10,148,1,0,0,0,0,1,0
2022-04-18,train,7759283.62,7759283.62,799,1740050.19,267,2022,4,18,0,16,2,0,0,0,0.8660254037844387,-0.4999999999999998,0.0,1.0,Summer,1,11312861.33,8014666.52,8680741.3,12325348.56,1406.0,859.0,7832871.294285715,1766140.305417804,6483979.75,11312861.33,8250316.135,1847368.8094242134,6245043.07,11326483.71,8355719.364666667,2141731.128510534,5129805.2,13099105.0,0.50187265917603,0.0,0.0,0.13220973782771533,100.4307116104869,0.003745318352059925,10,142,1,0,0,0,0,0,0
2022-04-19,train,8330024.21,8330024.21,898,2130561.7,272,2022,4,19,1,16,2,0,0,0,0.8660254037844387,-0.4999999999999998,0.7818314824680298,0.6234898018587336,Summer,1,7759283.62,6582752.53,6448641.96,9570126.02,799.0,803.0,7796388.022857144,1764395.926305617,6483979.75,11312861.33,8184497.729285715,1847268.8356915924,6245043.07,11326483.71,8203517.2,2007968.3441255249,5129805.2,13099105.0,0.4963235294117647,0.0,0.0,0.13713235294117646,106.76470588235294,0.007352941176470588,10,146,1,0,0,0,0,0,0
2022-04-20,train,8371500.2,8371500.2,903,2197772.79,285,2022,4,20,2,16,2,0,0,0,0.8660254037844387,-0.4999999999999998,0.9749279121818236,-0.22252093395631434,Summer,1,8330024.21,6610585.1,9830585.44,8557199.98,898.0,851.0,8045998.262857144,1685935.8170809678,6483979.75,11312861.33,8318882.175714285,1778425.8847852722,6245043.07,11326483.71,8162180.473000001,1991562.3036130327,5129805.2,13099105.0,0.42105263157894735,0.0,0.0,0.11122807017543859,100.64561403508772,0.010526315789473684,10,151,1,0,0,0,0,0,0
2022-04-21,train,7777078.27,7777078.27,940,1401208.53,301,2022,4,21,3,16,2,0,0,0,0.8660254037844387,-0.4999999999999998,0.43388373911755823,-0.900968867902419,Summer,1,8371500.2,6995261.52,6245043.07,5129805.2,903.0,842.0,8297557.562857143,1562948.25404658,6483979.75,11312861.33,8214661.801428571,1724971.2962420275,6245043.07,11326483.71,8155990.480333333,1990580.5488550793,5129805.2,13099105.0,0.5348837209302325,0.0,0.0,0.15083056478405316,101.03322259136213,0.0033222591362126247,10,151,1,0,0,0,0,0,0
2022-04-22,train,6467065.07,6467065.07,861,1370250.41,267,2022,4,22,4,16,2,0,0,0,0.8660254037844387,-0.4999999999999998,-0.433883739117558,-0.9009688679024191,Summer,1,7777078.27,6483979.75,7716827.87,6768730.48,940.0,863.0,8409245.67,1480115.285322684,6483979.75,11312861.33,8324092.887142858,1636747.8724043085,6483979.75,11326483.71,8244232.916,1908800.7790737804,5262219.1899999995,13099105.0,0.5131086142322098,0.0,0.0,0.15617977528089888,107.08614232209737,0.003745318352059925,10,147,1,0,0,0,0,0,0
2022-04-23,train,9008842.93,9008842.93,1224,1809372.12,241,2022,4,23,5,16,2,1,0,0,0.8660254037844387,-0.4999999999999998,-0.9749279121818236,-0.2225209339563146,Summer,1,6467065.07,8829992.31,11326483.71,7642827.85,861.0,1427.0,8406829.287142858,1483791.5001236545,6467065.07,11312861.33,8234824.115714286,1705071.2481058498,6467065.07,11326483.71,8234177.402333333,1917615.9473567314,5262219.1899999995,13099105.0,0.48132780082987553,0.0,0.0,0.15269709543568463,100.83402489626556,0.012448132780082987,10,140,1,0,0,0,0,1,0
2022-04-24,train,12944721.45,12944721.45,1556,3325282.3000000003,296,2022,4,24,6,16,2,1,0,0,0.8660254037844387,-0.4999999999999998,-0.7818314824680299,0.6234898018587334,Summer,1,9008842.93,11312861.33,10426003.48,6695590.71,1224.0,1406.0,8432379.375714285,1493798.6883627537,6467065.07,11312861.33,8069278.345714285,1479385.3699047035,6467065.07,11312861.33,8279711.238333333,1919307.4290162562,5262219.1899999995,13099105.0,0.4864864864864865,0.0,0.0,0.12837837837837837,102.09797297297297,0.0,10,149,1,0,0,0,0,1,0
2022-04-25,train,7457626.53,7457626.53,952,2028527.15,296,2022,4,25,0,17,2,0,0,0,0.8660254037844387,-0.4999999999999998,0.0,1.0,Summer,1,12944721.45,7759283.62,8014666.52,13099105.0,1556.0,799.0,8665502.25,2044188.42546875,6467065.07,12944721.45,8249186.772142857,1885454.5965383358,6467065.07,12944721.45,8488015.596333332,2074306.2859086678,5262219.1899999995,13099105.0,0.49324324324324326,0.0,0.0,0.13479729729729728,103.97297297297297,0.0,10,152,1,0,0,0,0,0,0
2022-04-26,train,7584477.29,7584477.29,810,1951957.96,260,2022,4,26,1,17,2,0,0,0,0.8660254037844387,-0.4999999999999998,0.7818314824680298,0.6234898018587336,Summer,1,7457626.53,8330024.21,6582752.53,10172836.73,952.0,898.0,8622408.379999999,2069499.5325403297,6467065.07,12944721.45,8209398.201428571,1896628.8211159804,6467065.07,12944721.45,8299966.313999999,1889337.8755064723,5262219.1899999995,12944721.45,0.5230769230769231,0.0,0.0,0.13576923076923075,103.52692307692308,0.0038461538461538464,10,147,1,0,0,0,0,0,0
2022-04-27,train,6652911.75,6652911.75,812,1638909.91,267,2022,4,27,2,17,2,0,0,0,0.8660254037844387,-0.4999999999999998,0.9749279121818236,-0.22252093395631434,Summer,1,7584477.29,8371500.2,6610585.1,6369912.46,810.0,903.0,8515901.677142857,2105919.3001139825,6467065.07,12944721.45,8280949.970000001,1848835.1079511356,6467065.07,12944721.45,8213687.665999999,1859730.1567532932,5262219.1899999995,12944721.45,0.4606741573033708,0.0,0.0,0.12996254681647942,102.45318352059925,0.00749063670411985,10,154,1,0,0,0,0,0,0
2022-04-28,train,7169317.7299999995,7169317.7299999995,911,1393752.64,283,2022,4,28,3,17,2,0,0,0,0.8660254037844387,-0.4999999999999998,0.43388373911755823,-0.900968867902419,Summer,1,6652911.75,7777078.27,6995261.52,8474167.39,812.0,940.0,8270389.041428572,2222510.6334024793,6467065.07,12944721.45,8283973.302142857,1845925.8259211355,6467065.07,12944721.45,8223120.975666666,1850751.350239238,5262219.1899999995,12944721.45,0.5265017667844523,0.0,0.0,0.14275618374558302,104.71378091872792,0.0035335689045936395,10,148,1,0,0,0,0,0,0
2022-04-29,train,6818275.2299999995,6818275.2299999995,862,1493051.49,264,2022,4,29,4,17,2,0,0,0,0.8660254037844387,-0.4999999999999998,-0.433883739117558,-0.9009688679024191,Summer,1,7169317.7299999995,6467065.07,6483979.75,5262219.1899999995,911.0,861.0,8183566.107142856,2256603.496989088,6467065.07,12944721.45,8296405.888571428,1837143.7494661943,6467065.07,12944721.45,8179625.987000001,1859957.9046887713,5262219.1899999995,12944721.45,0.49242424242424243,0.0,0.0,0.1253787878787879,103.01136363636364,0.003787878787878788,10,150,1,0,0,0,0,0,0
2022-04-30,train,12603289.89,12603289.89,1373,2879082.65,271,2022,4,30,5,17,2,1,0,1,0.8660254037844387,-0.4999999999999998,-0.9749279121818236,-0.2225209339563146,Summer,1,6818275.2299999995,9008842.93,8829992.31,7074885.8,862.0,1224.0,8233738.987142856,2215610.4576100023,6652911.75,12944721.45,8320284.137142858,1813798.8688448959,6467065.07,12944721.45,8231494.5216666665,1796406.0090095382,6245043.07,12944721.45,0.5166051660516605,0.0,0.0,0.13653136531365315,106.4280442804428,0.0036900369003690036,10,144,1,0,0,0,0,1,0
2022-05-01,train,13574887.67,13574887.67,1525,2970504.94,295,2022,5,1,6,17,2,1,1,0,0.49999999999999994,-0.8660254037844387,-0.7818314824680299,0.6234898018587334,Summer,1,12603289.89,12944721.45,11312861.33,6620807.27,1373.0,1556.0,8747231.41,2771884.0130655346,6652911.75,12944721.45,8589805.392857144,2145399.628035694,6467065.07,12944721.45,8415774.658,1950607.6672552684,6245043.07,12944721.45,0.4847457627118644,0.0,0.0,0.13050847457627118,101.45084745762712,0.023728813559322035,10,160,1,0,0,0,0,1,0
2022-05-02,train,7647162.75,7647162.75,845,2009438.06,272,2022,5,2,0,18,2,0,0,0,0.49999999999999994,-0.8660254037844387,0.0,1.0,Summer,1,13574887.67,7457626.53,7759283.62,10540981.14,1525.0,952.0,8837255.155714286,2936286.1547823953,6652911.75,13574887.67,8751378.702857142,2432253.5122439256,6467065.07,13574887.67,8647577.338000001,2134477.264182472,6245043.07,13574887.67,0.5183823529411765,0.0,0.0,0.14852941176470588,105.55147058823529,0.007352941176470588,10,151,1,0,0,0,0,0,0
2022-05-03,train,17897970.8,17897970.8,2229,3450994.9,266,2022,5,3,1,18,2,0,0,0,0.49999999999999994,-0.8660254037844387,0.7818314824680298,0.6234898018587336,Summer,1,7647162.75,7584477.29,8330024.21,10862611.27,845.0,810.0,8864331.75857143,2922284.2403644114,6652911.75,13574887.67,8743370.069285715,2435953.2205286263,6467065.07,13574887.67,8551116.725,2111222.1860129847,6245043.07,13574887.67,1.0,1.0,1.0,0.2,107.86466165413533,0.007518796992481203,10,151,1,1,1,1,0,0,1
2022-05-04,train,7292773.79,7292773.79,925,1636211.53,288,2022,5,4,2,18,2,0,0,0,0.49999999999999994,-0.8660254037844387,0.9749279121818236,-0.22252093395631434,Summer,1,17897970.8,6652911.75,8371500.2,8680741.3,2229.0,812.0,10337687.974285712,4397189.029942985,6652911.75,17897970.8,9426794.825714286,3444473.5377062587,6467065.07,17897970.8,8785628.709333334,2688617.85019091,6245043.07,17897970.8,0.4965277777777778,0.0,0.0,0.1357638888888889,103.10416666666667,0.006944444444444444,10,158,1,0,0,0,0,0,0
2022-05-05,train,6798393.03,6798393.03,820,1350597.18,272,2022,5,5,3,18,2,0,0,0,0.49999999999999994,-0.8660254037844387,0.43388373911755823,-0.900968867902419,Summer,1,7292773.79,7169317.7299999995,7777078.27,6448641.96,925.0,911.0,10429096.837142857,4313681.059440354,6818275.2299999995,17897970.8,9349742.939285714,3481759.6623683693,6467065.07,17897970.8,8739363.125666667,2702391.7356933714,6245043.07,17897970.8,0.5183823529411765,0.0,0.0,0.14191176470588235,102.57720588235294,0.003676470588235294,10,147,1,0,0,0,0,0,0
2022-05-06,train,6848997.15,6848997.15,872,1379168.29,280,2022,5,6,4,18,2,0,0,0,0.49999999999999994,-0.8660254037844387,-0.433883739117558,-0.9009688679024191,Summer,1,6798393.03,6818275.2299999995,6467065.07,9830585.44,820.0,862.0,10376107.594285714,4362401.116057403,6798393.03,17897970.8,9279836.850714285,3525316.686755992,6467065.07,17897970.8,8751021.494666668,2692906.3624294535,6245043.07,17897970.8,0.4785714285714286,0.0,0.0,0.13642857142857143,103.94285714285714,0.007142857142857143,10,153,1,0,0,0,0,0,0
2022-05-07,train,11424880.32,11424880.32,1484,2508669.65,289,2022,5,7,5,18,2,1,0,0,0.49999999999999994,-0.8660254037844387,-0.9749279121818236,-0.2225209339563146,Summer,1,6848997.15,12603289.89,9008842.93,6245043.07,872.0,1373.0,10380496.44,4358238.617919263,6798393.03,17897970.8,9307117.713571427,3503284.4783195853,6652911.75,17897970.8,8651635.218333334,2706674.4130244534,6245043.07,17897970.8,0.4982698961937716,0.0,0.0,0.12906574394463666,102.88581314878893,0.01384083044982699,10,159,1,0,0,0,0,1,0
2022-05-08,train,11993087.58,11993087.58,1410,2528330.97,280,2022,5,8,6,18,2,1,0,0,0.49999999999999994,-0.8660254037844387,-0.7818314824680299,0.6234898018587334,Summer,1,11424880.32,13574887.67,12944721.45,7716827.87,1484.0,1525.0,10212152.215714287,4280128.729116009,6798393.03,17897970.8,9479691.812857144,3546699.797565952,6652911.75,17897970.8,8824296.46,2713067.6775104026,6467065.07,17897970.8,0.5142857142857142,0.0,0.0,0.14357142857142857,103.975,0.007142857142857143,10,154,1,0,0,0,0,1,0
2022-05-09,train,6480410.91,6480410.91,794,1464918.85,262,2022,5,9,0,19,2,0,0,0,0.49999999999999994,-0.8660254037844387,0.0,1.0,Summer,1,11993087.58,7647162.75,7457626.53,11326483.71,1410.0,845.0,9986180.774285715,4111433.468931277,6798393.03,17897970.8,9411717.965,3483743.284974069,6652911.75,17897970.8,8966838.450333333,2764719.5678324113,6467065.07,17897970.8,0.549618320610687,0.0,0.0,0.15114503816793895,102.94656488549619,0.019083969465648856,10,143,1,0,0,0,0,0,0
2022-05-10,train,5727432.31,5727432.31,876,1159345.92,268,2022,5,10,1,19,2,0,0,0,0.49999999999999994,-0.8660254037844387,0.7818314824680298,0.6234898018587336,Summer,1,6480410.91,17897970.8,7584477.29,10426003.48,794.0,2229.0,9819501.94,4243588.40298118,6480410.91,17897970.8,9341916.849285714,3535315.8008934315,6480410.91,17897970.8,8805302.690333333,2763669.0784672527,6467065.07,17897970.8,0.4962686567164179,0.0,0.0,0.1328358208955224,104.70149253731343,0.011194029850746268,10,153,1,0,0,0,0,0,0
2022-05-11,train,8952695.75,8952695.75,909,2291851.72,279,2022,5,11,2,19,2,0,0,0,0.49999999999999994,-0.8660254037844387,0.9749279121818236,-0.22252093395631434,Summer,1,5727432.31,7292773.79,6652911.75,8014666.52,876.0,925.0,8080853.584285715,2528877.985869144,5727432.31,11993087.58,9209270.779285714,3639627.268726955,5727432.31,17897970.8,8648683.651333334,2801532.005825,5727432.31,17897970.8,0.4946236559139785,0.0,0.0,0.12867383512544803,101.58064516129032,0.0035842293906810036,10,145,1,0,0,0,0,0,0
2022-05-12,train,7434686.41,7434686.41,866,1731963.08,279,2022,5,12,3,19,2,0,0,0,0.49999999999999994,-0.8660254037844387,0.43388373911755823,-0.900968867902419,Summer,1,8952695.75,6798393.03,7169317.7299999995,6582752.53,909.0,820.0,8317985.292857142,2520474.891555403,5727432.31,11993087.58,9373541.065,3566538.9342381097,5727432.31,17897970.8,8679951.292333333,2799445.6439056913,5727432.31,17897970.8,0.5053763440860215,0.0,0.0,0.13476702508960575,97.68817204301075,0.0035842293906810036,10,151,1,0,0,0,0,0,0
2022-05-13,train,7728296.47,7728296.47,887,2098365.01,276,2022,5,13,4,19,2,0,0,0,0.49999999999999994,-0.8660254037844387,-0.433883739117558,-0.9009688679024191,Summer,1,7434686.41,6848997.15,6818275.2299999995,6610585.1,866.0,872.0,8408884.347142857,2467454.14946926,5727432.31,11993087.58,9392495.970714286,3554608.3461312773,5727432.31,17897970.8,8708349.088333333,2781702.7185434243,5727432.31,17897970.8,0.4384057971014493,0.0,0.0,0.12282608695652174,101.2572463768116,0.010869565217391304,10,149,1,0,0,0,0,0,0
2022-05-14,train,12728213.719999999,12728213.719999999,1414,2924896.63,288,2022,5,14,5,19,2,1,0,0,0.49999999999999994,-0.8660254037844387,-0.9749279121818236,-0.2225209339563146,Summer,1,7728296.47,11424880.32,12603289.89,6995261.52,887.0,1484.0,8534498.535714285,2396159.3992091035,5727432.31,11993087.58,9457497.487857142,3511978.636062162,5727432.31,17897970.8,8745606.134,2760037.9631110025,5727432.31,17897970.8,0.4861111111111111,0.0,0.0,0.13784722222222223,101.01388888888889,0.006944444444444444,10,154,1,0,0,0,0,1,0
2022-05-15,train,13088956.94,13088956.94,1429,3483640.67,280,2022,5,15,6,19,2,1,0,0,0.49999999999999994,-0.8660254037844387,-0.7818314824680299,0.6234898018587334,Summer,1,12728213.719999999,11993087.58,13574887.67,6483979.75,1414.0,1410.0,8720689.021428572,2690717.101062248,5727432.31,12728213.719999999,9466420.618571429,3520733.98536551,5727432.31,17897970.8,8936704.540666666,2832194.0810054922,5727432.31,17897970.8,0.5357142857142857,0.0,0.0,0.13892857142857143,100.53214285714286,0.0035714285714285713,10,150,1,0,0,0,0,1,0
2022-05-16,train,8461908.69,8461908.69,906,2191771.9,285,2022,5,16,0,20,2,0,0,0,0.49999999999999994,-0.8660254037844387,0.0,1.0,Summer,1,13088956.94,6480410.91,7647162.75,8829992.31,1429.0,794.0,8877241.787142856,2933750.7849964397,5727432.31,13088956.94,9431711.280714285,3479265.869710409,5727432.31,17897970.8,9156870.446999999,2891065.466175504,5727432.31,17897970.8,0.4456140350877193,0.0,0.0,0.11824561403508772,102.78245614035087,0.014035087719298246,10,159,1,0,0,0,0,0,0
2022-05-17,train,6926418.13,6926418.13,806,1442296.36,266,2022,5,17,1,20,2,0,0,0,0.49999999999999994,-0.8660254037844387,0.7818314824680298,0.6234898018587336,Summer,1,8461908.69,5727432.31,17897970.8,11312861.33,906.0,876.0,9160312.898571428,2754032.2123473883,5727432.31,13088956.94,9489907.419285713,3453841.467082139,5727432.31,17897970.8,9144600.992999999,2893280.757464196,5727432.31,17897970.8,0.5338345864661654,0.0,0.0,0.14699248120300754,102.02631578947368,0.015037593984962405,10,147,1,0,0,0,0,0,0
2022-05-18,train,6397078.4,6397078.4,940,1270294.97,286,2022,5,18,2,20,2,0,0,0,0.49999999999999994,-0.8660254037844387,0.9749279121818236,-0.22252093395631434,Summer,1,6926418.13,8952695.75,7292773.79,7759283.62,806.0,909.0,9331596.587142857,2533390.6971931276,6926418.13,13088956.94,8706225.085714286,2516942.6960778623,5727432.31,13088956.94,8998386.219666665,2890762.649820603,5727432.31,17897970.8,0.5174825174825175,0.0,0.0,0.1465034965034965,106.13986013986013,0.0,10,151,1,0,0,0,0,0,0
2022-05-19,train,6889098.8,6889098.8,878,1642550.25,273,2022,5,19,3,20,2,0,0,0,0.49999999999999994,-0.8660254037844387,0.43388373911755823,-0.900968867902419,Summer,1,6397078.4,7434686.41,6798393.03,8330024.21,940.0,866.0,8966508.394285714,2770174.9636105117,6397078.4,13088956.94,8642246.843571428,2566530.3695794526,5727432.31,13088956.94,8952979.379,2921432.8435105123,5727432.31,17897970.8,0.4981684981684982,0.0,0.0,0.13516483516483516,102.64835164835165,0.007326007326007326,10,140,1,0,0,0,0,0,0
2022-05-20,train,7281100.44,7281100.44,912,1364777.91,291,2022,5,20,4,20,2,0,0,0,0.49999999999999994,-0.8660254037844387,-0.433883739117558,-0.9009688679024191,Summer,1,6889098.8,7728296.47,6848997.15,8371500.2,878.0,887.0,8888567.307142857,2827538.5147250504,6397078.4,13088956.94,8648725.827142857,2561627.4768099478,5727432.31,13088956.94,8904948.532,2943787.420577731,5727432.31,17897970.8,0.5051546391752577,0.0,0.0,0.136426116838488,100.70790378006873,0.003436426116838488,10,150,1,0,0,0,0,0,0
2022-05-21,train,12917226.42,12917226.42,1485,3196543.11,292,2022,5,21,5,20,2,1,0,0,0.49999999999999994,-0.8660254037844387,-0.9749279121818236,-0.2225209339563146,Summer,1,7281100.44,12728213.719999999,11424880.32,7777078.27,912.0,1414.0,8824682.16,2862952.917379214,6397078.4,13088956.94,8679590.347857144,2540793.3121612365,5727432.31,13088956.94,8868601.873333333,2957301.4846605575,5727432.31,17897970.8,0.5376712328767124,0.0,0.0,0.15034246575342466,106.6472602739726,0.010273972602739725,10,153,1,0,0,0,0,1,0
2022-05-22,train,11246271.5,11246271.5,1277,2524253.61,250,2022,5,22,6,20,2,1,0,0,0.49999999999999994,-0.8660254037844387,-0.7818314824680299,0.6234898018587334,Summer,1,12917226.42,13088956.94,11993087.58,6467065.07,1485.0,1429.0,8851683.974285714,2906465.56941304,6397078.4,13088956.94,8786186.497857142,2691654.6614797423,5727432.31,13088956.94,9039940.145,3039637.925960562,5727432.31,17897970.8,0.508,0.0,0.0,0.1452,107.504,0.016,10,147,1,0,0,0,0,1,0
2022-05-23,train,7667911.32,7667911.32,854,1850631.33,279,2022,5,23,0,21,2,0,0,0,0.49999999999999994,-0.8660254037844387,0.0,1.0,Summer,1,11246271.5,8461908.69,6480410.91,9008842.93,1277.0,906.0,8588443.197142858,2515940.8419839945,6397078.4,12917226.42,8732842.492142856,2629902.4275924014,5727432.31,13088956.94,9199247.025999999,3025349.3063279907,5727432.31,17897970.8,0.5017921146953405,0.0,0.0,0.14551971326164875,106.15770609318996,0.0035842293906810036,10,150,1,0,0,0,0,0,0
2022-05-24,train,7027814.62,7027814.62,847,1584461.01,284,2022,5,24,1,21,2,0,0,0,0.49999999999999994,-0.8660254037844387,0.7818314824680298,0.6234898018587336,Summer,1,7667911.32,6926418.13,5727432.31,12944721.45,854.0,806.0,8475015.00142857,2540375.8313956913,6397078.4,12917226.42,8817663.95,2570138.1731147044,5727432.31,13088956.94,9154549.305666665,3038138.115588091,5727432.31,17897970.8,0.5563380281690141,0.0,0.0,0.14014084507042252,110.63380281690141,0.007042253521126761,10,150,1,0,0,0,0,0,0
2022-05-25,train,7547048.33,7547048.33,789,1844735.33,247,2022,5,25,2,21,2,0,0,0,0.49999999999999994,-0.8660254037844387,0.9749279121818236,-0.22252093395631434,Summer,1,7027814.62,6397078.4,8952695.75,7457626.53,847.0,940.0,8489500.214285715,2530343.3269191002,6397078.4,12917226.42,8910548.400714286,2471470.703764796,6397078.4,13088956.94,8957319.078,2975004.003072703,5727432.31,17897970.8,0.5060728744939271,0.0,0.0,0.12348178137651822,106.38461538461539,0.004048582995951417,10,137,1,0,0,0,0,0,0
2022-05-26,train,5650490.37,5650490.37,846,1363144.94,283,2022,5,26,3,21,2,0,0,0,0.49999999999999994,-0.8660254037844387,0.43388373911755823,-0.900968867902419,Summer,1,7547048.33,6889098.8,7434686.41,7584477.29,789.0,878.0,8653781.632857144,2406134.2414193545,6889098.8,12917226.42,8810145.013571428,2498036.1670731083,6397078.4,13088956.94,8960299.804666666,2973494.0264394023,5727432.31,17897970.8,0.508833922261484,0.0,0.0,0.14452296819787985,106.89752650176679,0.0035335689045936395,10,151,1,0,0,0,0,0,0
2022-05-27,train,6893057.2,6893057.2,854,1571671.92,281,2022,5,27,4,21,2,0,0,0,0.49999999999999994,-0.8660254037844387,-0.433883739117558,-0.9009688679024191,Summer,1,5650490.37,7281100.44,7728296.47,6652911.75,846.0,912.0,8476837.57142857,2595617.4740394526,5650490.37,12917226.42,8682702.439285714,2616317.869952186,5650490.37,13088956.94,8895833.574,3024871.664920378,5650490.37,17897970.8,0.498220640569395,0.0,0.0,0.13309608540925266,107.2846975088968,0.0035587188612099642,10,147,1,0,0,0,0,0,0
2022-05-28,train,9810092.12,9810092.12,1207,2755878.2,256,2022,5,28,5,21,2,1,0,0,0.49999999999999994,-0.8660254037844387,-0.9749279121818236,-0.2225209339563146,Summer,1,6893057.2,12917226.42,12728213.719999999,7169317.7299999995,854.0,1485.0,8421402.822857143,2629335.8580712248,5650490.37,12917226.42,8623042.49142857,2649073.2567214505,5650490.37,13088956.94,8903838.422333334,3019043.589454021,5650490.37,17897970.8,0.46875,0.0,0.0,0.130859375,106.5078125,0.0,10,137,1,0,0,0,0,1,0
2022-05-29,train,14156964.92,14156964.92,1622,3459032.24,307,2022,5,29,6,21,2,1,0,0,0.49999999999999994,-0.8660254037844387,-0.7818314824680299,0.6234898018587334,Summer,1,9810092.12,11246271.5,13088956.94,6818275.2299999995,1207.0,1277.0,7977526.494285715,1906886.0789755832,5650490.37,11246271.5,8414605.234285714,2404756.0134623917,5650490.37,13088956.94,8991864.235333333,3005193.0862026825,5650490.37,17897970.8,0.48534201954397393,0.0,0.0,0.13583061889250816,102.9413680781759,0.006514657980456026,10,148,1,0,0,0,0,1,0
2022-05-30,train,7152132.07,7152132.07,879,1939416.15,266,2022,5,30,0,22,2,0,0,0,0.49999999999999994,-0.8660254037844387,0.0,1.0,Summer,1,14156964.92,7667911.32,8461908.69,12603289.89,1622.0,854.0,8393339.84,2831599.880063051,5650490.37,14156964.92,8490891.518571429,2575337.5555703947,5650490.37,14156964.92,9236487.225,3118702.9951230003,5650490.37,17897970.8,0.4398496240601504,0.0,0.0,0.11691729323308271,103.01503759398496,0.0037593984962406013,10,152,1,0,0,0,0,0,0
2022-05-31,train,6656076.55,6656076.55,812,1695467.8,252,2022,5,31,1,22,2,0,0,1,0.49999999999999994,-0.8660254037844387,0.7818314824680298,0.6234898018587336,Summer,1,7152132.07,7027814.62,6926418.13,13574887.67,879.0,847.0,8319657.090000001,2860189.1965912725,5650490.37,14156964.92,8397336.045714285,2600142.391255833,5650490.37,14156964.92,9054781.964333333,3074262.5409860592,5650490.37,17897970.8,0.4444444444444444,0.0,0.0,0.11865079365079365,103.5515873015873,0.003968253968253968,10,146,1,0,0,0,0,0,0
2022-06-01,train,6377471.77,6377471.77,785,1427976.72,264,2022,6,1,2,22,2,0,1,0,1.2246467991473532e-16,-1.0,0.9749279121818236,-0.22252093395631434,Monsoon,2,6656076.55,7547048.33,6397078.4,7647162.75,812.0,789.0,8266551.651428572,2891452.7886604723,5650490.37,14156964.92,8378025.932857143,2612879.206232362,5650490.37,14156964.92,8824154.927,2981600.947652747,5650490.37,17897970.8,0.4696969696969697,0.0,0.0,0.1215909090909091,104.92424242424242,0.007575757575757576,10,141,1,0,0,0,0,0,0
2022-06-02,train,7561270.82,7561270.82,834,1641405.47,272,2022,6,2,3,22,2,0,0,0,1.2246467991473532e-16,-1.0,0.43388373911755823,-0.900968867902419,Monsoon,2,6377471.77,5650490.37,6889098.8,17897970.8,785.0,846.0,8099469.285714285,2972611.5769543247,5650490.37,14156964.92,8376625.459285715,2614027.647942834,5650490.37,14156964.92,8781831.894333333,3007780.673597167,5650490.37,17897970.8,0.5,0.0,0.0,0.13786764705882354,103.28676470588235,0.003676470588235294,10,150,1,0,0,0,0,0,0
2022-06-03,train,7602953.36,7602953.36,790,1899873.1099999999,256,2022,6,3,4,22,2,0,0,0,1.2246467991473532e-16,-1.0,-0.433883739117558,-0.9009688679024191,Monsoon,2,7561270.82,6893057.2,7281100.44,7292773.79,834.0,854.0,8372437.921428571,2792522.5827482943,6377471.77,14156964.92,8424637.746428572,2590672.9476870773,5650490.37,14156964.92,8437275.228333334,2471770.2349676676,5650490.37,14156964.92,0.4921875,0.0,0.0,0.128515625,105.15234375,0.0,10,145,1,0,0,0,0,0,0
2022-06-04,train,10106373.81,10106373.81,1380,2219898.76,282,2022,6,4,5,22,2,1,0,0,1.2246467991473532e-16,-1.0,-0.9749279121818236,-0.2225209339563146,Monsoon,2,7602953.36,9810092.12,12917226.42,6798393.03,790.0,1207.0,8473851.658571428,2742281.2948264023,6377471.77,14156964.92,8447627.240714286,2581155.2364166,5650490.37,14156964.92,8447614.547333334,2467462.728166269,5650490.37,14156964.92,0.5035460992907801,0.0,0.0,0.1326241134751773,102.58156028368795,0.0035460992907801418,10,156,1,0,0,0,0,1,0
2022-06-05,train,12560689.72,12560689.72,1292,3014433.43,260,2022,6,5,6,22,2,1,0,0,1.2246467991473532e-16,-1.0,-0.7818314824680299,0.6234898018587334,Monsoon,2,10106373.81,14156964.92,11246271.5,6848997.15,1380.0,1622.0,8516177.614285713,2768504.102645351,6377471.77,14156964.92,8246852.0542857135,2300844.067679721,5650490.37,14156964.92,8557880.573333332,2465133.345455026,5650490.37,14156964.92,0.49615384615384617,0.0,0.0,0.13923076923076924,100.81538461538462,0.011538461538461539,10,157,1,0,0,0,0,1,0
2022-06-06,train,8940760.87,8940760.87,985,2117291.6,320,2022,6,6,0,23,2,0,0,0,1.2246467991473532e-16,-1.0,0.0,1.0,Monsoon,2,12560689.72,7152132.07,7667911.32,11424880.32,1292.0,879.0,8288138.3,2242144.5478651165,6377471.77,12560689.72,8340739.069999999,2454348.6696666908,5650490.37,14156964.92,8748270.325666666,2547780.2420500834,5650490.37,14156964.92,0.515625,0.0,0.0,0.14750000000000002,103.959375,0.009375,10,151,1,0,0,0,0,0,0
2022-06-07,train,6944552.39,6944552.39,922,1651241.39,295,2022,6,7,1,23,2,0,0,0,1.2246467991473532e-16,-1.0,0.7818314824680298,0.6234898018587336,Monsoon,2,8940760.87,6656076.55,7027814.62,11993087.58,985.0,812.0,8543656.7,2192473.927485882,6377471.77,12560689.72,8431656.895,2451080.7720817835,5650490.37,14156964.92,8665466.344,2497664.1312133316,5650490.37,14156964.92,0.46779661016949153,0.0,0.0,0.12542372881355932,100.43050847457627,0.003389830508474576,10,145,1,0,0,0,0,0,0
2022-06-08,train,8368202.99,8368202.99,852,1914543.6,270,2022,6,8,2,23,2,0,0,0,1.2246467991473532e-16,-1.0,0.9749279121818236,-0.22252093395631434,Monsoon,2,6944552.39,6377471.77,7547048.33,6480410.91,922.0,785.0,8584867.534285715,2153444.488015308,6377471.77,12560689.72,8425709.592857143,2454847.196506922,5650490.37,14156964.92,8497181.837666666,2435019.9939190326,5650490.37,14156964.92,0.5370370370370371,0.0,0.0,0.14777777777777779,105.0037037037037,0.011111111111111112,10,149,1,0,0,0,0,0,0
2022-06-09,train,8384173.56,8384173.56,917,1659899.1199999999,300,2022,6,9,3,23,2,0,0,0,1.2246467991473532e-16,-1.0,0.43388373911755823,-0.900968867902419,Monsoon,2,8368202.99,7561270.82,5650490.37,5727432.31,852.0,834.0,8869257.708571428,1933569.3265622,6944552.39,12560689.72,8484363.497142857,2442014.7628273554,5650490.37,14156964.92,8560108.240333332,2405316.147810819,5650490.37,14156964.92,0.5233333333333333,0.0,0.0,0.14266666666666666,105.08333333333333,0.01,10,156,1,0,0,0,0,0,0
2022-06-10,train,6296984.62,6296984.62,770,1459868.26,246,2022,6,10,4,23,2,0,0,0,1.2246467991473532e-16,-1.0,-0.433883739117558,-0.9009688679024191,Monsoon,2,8384173.56,7602953.36,6893057.2,8952695.75,917.0,790.0,8986815.242857141,1864576.831222137,6944552.39,12560689.72,8679626.582142858,2303343.4400042477,6377471.77,14156964.92,8648666.282,2345593.4594968962,5650490.37,14156964.92,0.5203252032520326,0.0,0.0,0.13983739837398373,105.91056910569105,0.008130081300813009,10,138,1,0,0,0,0,0,0
2022-06-11,train,8390387.77,8390387.77,1186,2303437.37,250,2022,6,11,5,23,2,1,0,0,1.2246467991473532e-16,-1.0,-0.9749279121818236,-0.2225209339563146,Monsoon,2,6296984.62,10106373.81,9810092.12,7434686.41,770.0,1380.0,8800248.28,2079116.1986370287,6296984.62,12560689.72,8637049.969285715,2344057.246035962,6296984.62,14156964.92,8560142.577666666,2383530.639509322,5650490.37,14156964.92,0.48,0.0,0.0,0.12160000000000001,105.728,0.004,10,149,1,0,0,0,0,1,0
2022-06-12,train,12948065.75,12948065.75,1451,2594454.41,278,2022,6,12,6,23,2,1,0,0,1.2246467991473532e-16,-1.0,-0.7818314824680299,0.6234898018587334,Monsoon,2,8390387.77,12560689.72,14156964.92,7728296.47,1186.0,1292.0,8555107.417142857,1999070.9693777205,6296984.62,12560689.72,8535642.515714286,2319991.7538856165,6296984.62,14156964.92,8591999.289666666,2374338.7506427923,5650490.37,14156964.92,0.5467625899280576,0.0,0.0,0.15215827338129495,98.71942446043165,0.014388489208633094,10,153,1,0,0,0,0,1,0
2022-06-13,train,8633626.15,8633626.15,816,2077019.73,263,2022,6,13,0,24,2,0,0,0,1.2246467991473532e-16,-1.0,0.0,1.0,Monsoon,2,12948065.75,8940760.87,7152132.07,12728213.719999999,1451.0,985.0,8610446.85,2129540.8191715362,6296984.62,12948065.75,8449292.575,2107432.405141845,6296984.62,12948065.75,8765991.599,2496951.129265322,5650490.37,14156964.92,0.4828897338403042,0.0,0.0,0.13498098859315588,107.23574144486692,0.0076045627376425855,10,155,1,0,0,0,0,0,0
2022-06-14,train,6826578.67,6826578.67,789,1459424.5,268,2022,6,14,1,24,2,0,0,0,1.2246467991473532e-16,-1.0,0.7818314824680298,0.6234898018587336,Monsoon,2,8633626.15,6944552.39,6656076.55,13088956.94,816.0,922.0,8566570.461428571,2124759.5381175145,6296984.62,12948065.75,8555113.580714287,2074221.0353765294,6296984.62,12948065.75,8629505.346666668,2382172.616576993,5650490.37,14156964.92,0.4552238805970149,0.0,0.0,0.12574626865671643,103.36940298507463,0.011194029850746268,10,154,1,0,0,0,0,0,0
2022-06-15,train,9225631.51,9225631.51,903,2492083.78,287,2022,6,15,2,24,2,0,0,0,1.2246467991473532e-16,-1.0,0.9749279121818236,-0.22252093395631434,Monsoon,2,6826578.67,8368202.99,6377471.77,8461908.69,789.0,852.0,8549717.072857143,2140181.4223013003,6296984.62,12948065.75,8567292.30357143,2062681.6478004875,6296984.62,12948065.75,8420759.404333333,2248556.8928785943,5650490.37,14156964.92,0.46689895470383275,0.0,0.0,0.1240418118466899,105.78397212543554,0.006968641114982578,10,155,1,0,0,0,0,0,0
2022-06-16,train,5720288.41,5720288.41,774,1012987.02,276,2022,6,16,3,24,2,0,0,0,1.2246467991473532e-16,-1.0,0.43388373911755823,-0.900968867902419,Monsoon,2,9225631.51,8384173.56,7561270.82,6926418.13,903.0,917.0,8672206.86142857,2152562.26577051,6296984.62,12948065.75,8770732.285,1968388.4372580766,6296984.62,12948065.75,8446216.831666667,2253357.0231485944,5650490.37,14156964.92,0.5217391304347826,0.0,0.0,0.152536231884058,104.94202898550725,0.0,10,149,1,0,0,0,0,0,0
2022-06-17,train,6084948.1899999995,6084948.1899999995,863,1458335.32,272,2022,6,17,4,24,2,0,0,0,1.2246467991473532e-16,-1.0,-0.433883739117558,-0.9009688679024191,Monsoon,2,5720288.41,6296984.62,7602953.36,6397078.4,774.0,770.0,8291651.840000001,2429617.608422008,5720288.41,12948065.75,8639233.541428572,2111680.2177132606,5720288.41,12948065.75,8406012.507666666,2291839.529014384,5650490.37,14156964.92,0.5514705882352942,0.0,0.0,0.15404411764705883,103.76838235294117,0.003676470588235294,10,140,1,0,0,0,0,0,0
2022-06-18,train,11303139.94,11303139.94,1317,2803663.98,279,2022,6,18,5,24,2,1,0,0,1.2246467991473532e-16,-1.0,-0.9749279121818236,-0.2225209339563146,Monsoon,2,6084948.1899999995,8390387.77,10106373.81,6889098.8,863.0,1186.0,8261360.9214285705,2459765.274745782,5720288.41,12948065.75,8530804.600714285,2205856.100927342,5720288.41,12948065.75,8395608.167333333,2301960.1855862117,5650490.37,14156964.92,0.5053763440860215,0.0,0.0,0.13154121863799284,102.68458781362007,0.0,10,149,1,0,0,0,0,1,0
2022-06-19,train,14039124.84,14039124.84,1544,3303337.67,299,2022,6,19,6,24,2,1,0,0,1.2246467991473532e-16,-1.0,-0.7818314824680299,0.6234898018587334,Monsoon,2,11303139.94,12948065.75,12560689.72,7281100.44,1317.0,1451.0,8677468.374285715,2718039.2756843823,5720288.41,12948065.75,8616287.895714287,2293075.4655977986,5720288.41,12948065.75,8542742.872,2343047.7652745345,5650490.37,14156964.92,0.49498327759197325,0.0,0.0,0.13444816053511707,103.10367892976589,0.010033444816053512,10,153,1,0,0,0,0,1,0
2022-06-20,train,6888213.82,6888213.82,766,1661947.1,265,2022,6,20,0,25,2,0,0,0,1.2246467991473532e-16,-1.0,0.0,1.0,Monsoon,2,14039124.84,8633626.15,8940760.87,12917226.42,1544.0,816.0,8833333.958571428,3018435.703398429,5720288.41,14039124.84,8721890.404285714,2512266.2845372637,5720288.41,14039124.84,8768010.352,2534604.7917870595,5650490.37,14156964.92,0.4830188679245283,0.0,0.0,0.13018867924528302,101.24150943396226,0.0,10,135,1,0,0,0,0,0,0
2022-06-21,train,6991219.82,6991219.82,809,1652562.44,259,2022,6,21,1,25,2,0,0,0,1.2246467991473532e-16,-1.0,0.7818314824680298,0.6234898018587336,Monsoon,2,6888213.82,6826578.67,6944552.39,11246271.5,766.0,789.0,8583989.34,3108432.738704515,5720288.41,14039124.84,8575279.900714286,2557986.0629301853,5720288.41,14039124.84,8567043.265333332,2431179.861082206,5650490.37,14156964.92,0.4826254826254826,0.0,0.0,0.12972972972972974,104.86100386100387,0.007722007722007722,10,150,1,0,0,0,0,0,0
2022-06-22,train,7402852.94,7402852.94,859,1652782.15,289,2022,6,22,2,25,2,0,0,0,1.2246467991473532e-16,-1.0,0.9749279121818236,-0.22252093395631434,Monsoon,2,6991219.82,9225631.51,8368202.99,7667911.32,809.0,903.0,8607509.504285714,3093505.9571144436,5720288.41,14039124.84,8578613.288571429,2555726.957252515,5720288.41,14039124.84,8425208.209333334,2393308.7044935315,5650490.37,14156964.92,0.48788927335640137,0.0,0.0,0.13944636678200692,104.98961937716263,0.0034602076124567475,10,151,1,0,0,0,0,0,0
2022-06-23,train,6941968.49,6941968.49,851,1850026.36,271,2022,6,23,3,25,2,0,0,0,1.2246467991473532e-16,-1.0,0.43388373911755823,-0.900968867902419,Monsoon,2,7402852.94,5720288.41,8384173.56,7027814.62,859.0,774.0,8347112.565714286,3109478.8230190114,5720288.41,14039124.84,8509659.71357143,2574791.988712689,5720288.41,14039124.84,8416372.93,2396687.656404171,5650490.37,14156964.92,0.5129151291512916,0.0,0.0,0.14169741697416974,103.07380073800738,0.01107011070110701,10,144,1,0,0,0,0,0,0
2022-06-24,train,8426672.45,8426672.45,987,1793200.59,310,2022,6,24,4,25,2,0,0,0,1.2246467991473532e-16,-1.0,-0.433883739117558,-0.9009688679024191,Monsoon,2,6941968.49,6084948.1899999995,6296984.62,7547048.33,851.0,863.0,8521638.291428572,2968561.981575713,6084948.1899999995,14039124.84,8406645.065714287,2608824.3735608705,5720288.41,14039124.84,8413511.392333332,2398453.2987979664,5650490.37,14156964.92,0.4161290322580645,0.0,0.0,0.11774193548387096,107.15161290322581,0.0064516129032258064,10,148,1,0,0,0,0,0,0
2022-06-25,train,12241660.5,12241660.5,1291,2842153.78,266,2022,6,25,5,25,2,1,0,0,1.2246467991473532e-16,-1.0,-0.9749279121818236,-0.2225209339563146,Monsoon,2,8426672.45,11303139.94,8390387.77,5650490.37,987.0,1317.0,8856170.328571428,2773756.1628068485,6888213.82,14039124.84,8558765.625,2537462.4597937753,5720288.41,14039124.84,8442832.196333334,2392865.7775920513,5650490.37,14156964.92,0.5526315789473685,0.0,0.0,0.15225563909774437,105.4172932330827,0.0,10,144,1,0,0,0,0,1,0
2022-06-26,train,12354929.82,12354929.82,1356,3053715.55,267,2022,6,26,6,25,2,1,0,0,1.2246467991473532e-16,-1.0,-0.7818314824680299,0.6234898018587334,Monsoon,2,12241660.5,14039124.84,12948065.75,6893057.2,1291.0,1544.0,8990244.694285715,2930028.1960260645,6888213.82,14039124.84,8833856.534285715,2720000.2544436897,5720288.41,14039124.84,8662537.867333334,2429943.9358306658,5720288.41,14156964.92,0.49063670411985016,0.0,0.0,0.1352059925093633,105.0187265917603,0.00749063670411985,10,151,1,0,0,0,0,1,0
2022-06-27,train,7125682.69,7125682.69,814,1795796.34,259,2022,6,27,0,26,2,0,0,0,1.2246467991473532e-16,-1.0,0.0,1.0,Monsoon,2,12354929.82,6888213.82,8633626.15,9810092.12,1356.0,766.0,8749645.405714286,2481098.2287028367,6888213.82,12354929.82,8791489.682142857,2654826.204723334,5720288.41,14039124.84,8844600.287999999,2496497.499301961,5720288.41,14156964.92,0.5135135135135135,0.0,0.0,0.14247104247104247,105.6023166023166,0.003861003861003861,10,149,1,0,0,0,0,0,0
2022-06-28,train,7339089.87,7339089.87,833,1841971.04,276,2022,6,28,1,26,2,0,0,0,1.2246467991473532e-16,-1.0,0.7818314824680298,0.6234898018587336,Monsoon,2,7125682.69,6991219.82,6826578.67,14156964.92,814.0,809.0,8783569.53,2452867.775791891,6941968.49,12354929.82,8683779.434999999,2692052.396653349,5720288.41,14039124.84,8755119.973666666,2508776.282188446,5720288.41,14156964.92,0.4891304347826087,0.0,0.0,0.13731884057971014,107.21376811594203,0.0,10,154,1,0,0,0,0,0,0
2022-06-29,train,7350096.28,7350096.28,895,1554826.61,294,2022,6,29,2,26,2,0,0,0,1.2246467991473532e-16,-1.0,0.9749279121818236,-0.22252093395631434,Monsoon,2,7339089.87,7402852.94,9225631.51,7152132.07,833.0,859.0,8833265.25142857,2413713.5395219,6941968.49,12354929.82,8720387.377857143,2668233.8259062152,5720288.41,14039124.84,8527857.472,2302925.872692784,5720288.41,14039124.84,0.5,0.0,0.0,0.12244897959183673,102.34013605442176,0.003401360544217687,10,156,1,0,0,0,0,0,0
2022-06-30,train,7028777.88,7028777.88,884,1499197.16,271,2022,6,30,3,26,2,0,0,1,1.2246467991473532e-16,-1.0,0.43388373911755823,-0.900968867902419,Monsoon,2,7350096.28,6941968.49,5720288.41,6656076.55,895.0,851.0,8825728.585714286,2419000.8789112177,6941968.49,12354929.82,8586420.575714286,2687925.985544703,5720288.41,14039124.84,8534456.279000001,2299128.4285232904,5720288.41,14039124.84,0.4907749077490775,0.0,0.0,0.13579335793357933,106.75276752767527,0.007380073800738007,10,151,1,0,0,0,0,0,0
2022-07-01,train,7847779.51,7847779.51,848,1980658.52,285,2022,7,1,4,26,3,0,1,0,-0.4999999999999997,-0.8660254037844388,-0.433883739117558,-0.9009688679024191,Monsoon,2,7028777.88,8426672.45,6084948.1899999995,6377471.77,884.0,987.0,8838129.927142857,2407931.1556021296,7028777.88,12354929.82,8679884.109285714,2601974.70092985,6084948.1899999995,14039124.84,8546879.656666666,2289615.8480679444,5720288.41,14039124.84,0.5543859649122806,0.0,0.0,0.1512280701754386,102.4,0.007017543859649123,10,155,1,0,0,0,0,0,0
2022-07-02,train,12761525.709999999,12761525.709999999,1300,2962675.25,266,2022,7,2,5,26,3,1,0,0,-0.4999999999999997,-0.8660254037844388,-0.9749279121818236,-0.2225209339563146,Monsoon,2,7847779.51,12241660.5,11303139.94,7561270.82,848.0,1291.0,8755430.935714286,2434215.052526228,7028777.88,12354929.82,8805800.632142859,2507684.7508344897,6888213.82,14039124.84,8595889.914666666,2257082.5806065938,5720288.41,14039124.84,0.44360902255639095,0.0,0.0,0.12105263157894738,104.65789473684211,0.0,10,144,1,0,0,0,0,1,0
2022-07-03,train,10935121.48,10935121.48,1353,2210095.0,280,2022,7,3,6,26,3,1,0,0,-0.4999999999999997,-0.8660254037844388,-0.7818314824680299,0.6234898018587334,Monsoon,2,12761525.709999999,12354929.82,14039124.84,7602953.36,1300.0,1356.0,8829697.394285714,2562837.2216890776,7028777.88,12761525.709999999,8909971.044285713,2645888.147392786,6888213.82,14039124.84,8769231.744333332,2371663.861639535,5720288.41,14039124.84,0.525,0.0,0.0,0.15714285714285714,110.16428571428571,0.0,10,148,1,0,0,0,0,1,0
2022-07-04,train,8489239.78,8489239.78,872,2310655.16,277,2022,7,4,0,27,3,0,0,0,-0.4999999999999997,-0.8660254037844388,0.0,1.0,Monsoon,2,10935121.48,7125682.69,6888213.82,10106373.81,1353.0,814.0,8626867.631428571,2277658.713304213,7028777.88,12761525.709999999,8688256.518571429,2289007.61407953,6888213.82,12761525.709999999,8880304.015,2393091.03465021,5720288.41,14039124.84,0.51985559566787,0.0,0.0,0.14151624548736463,101.42238267148015,0.01444043321299639,10,150,1,0,0,0,0,0,0
2022-07-05,train,6400732.59,6400732.59,849,1512654.89,277,2022,7,5,1,27,3,0,0,0,-0.4999999999999997,-0.8660254037844388,0.7818314824680298,0.6234898018587336,Monsoon,2,8489239.78,7339089.87,6991219.82,12560689.72,872.0,833.0,8821661.50142857,2184267.5324668703,7028777.88,12761525.709999999,8802615.515714286,2231429.1448005447,6941968.49,12761525.709999999,8826399.547333334,2382711.941206151,5720288.41,14039124.84,0.5090252707581228,0.0,0.0,0.14115523465703972,103.72563176895306,0.010830324909747292,10,154,1,0,0,0,0,0,0
2022-07-06,train,6466836.84,6466836.84,818,1328596.52,263,2022,7,6,2,27,3,0,0,0,-0.4999999999999997,-0.8660254037844388,0.9749279121818236,-0.22252093395631434,Monsoon,2,6400732.59,7350096.28,7402852.94,8940760.87,849.0,895.0,8687610.461428571,2315283.93877626,6400732.59,12761525.709999999,8760437.856428573,2273485.4674745705,6400732.59,12761525.709999999,8621067.643,2314245.7698466075,5720288.41,14039124.84,0.5057034220532319,0.0,0.0,0.13878326996197718,106.90494296577947,0.0038022813688212928,10,144,1,0,0,0,0,0,0
2022-07-07,train,8614490.15,8614490.15,925,2080497.47,293,2022,7,7,3,27,3,0,0,0,-0.4999999999999997,-0.8660254037844388,0.43388373911755823,-0.900968867902419,Monsoon,2,6466836.84,7028777.88,6941968.49,6944552.39,818.0,884.0,8561430.541428572,2421937.240776616,6400732.59,12761525.709999999,8693579.563571427,2329551.93115543,6400732.59,12761525.709999999,8538603.508666666,2346316.0236627343,5720288.41,14039124.84,0.4778156996587031,0.0,0.0,0.12559726962457338,100.38907849829351,0.010238907849829351,10,160,1,0,0,0,0,0,0
2022-07-08,train,7359977.96,7359977.96,830,1513198.21,270,2022,7,8,4,27,3,0,0,0,-0.4999999999999997,-0.8660254037844388,-0.433883739117558,-0.9009688679024191,Monsoon,2,8614490.15,7847779.51,8426672.45,8368202.99,925.0,848.0,8787960.865714286,2326988.7270997027,6400732.59,12761525.709999999,8813045.396428572,2275063.197576099,6400732.59,12761525.709999999,8594268.100666666,2326923.1646646326,5720288.41,14039124.84,0.4962962962962963,0.0,0.0,0.15407407407407409,104.97037037037038,0.0,10,145,1,0,0,0,0,0,0
2022-07-09,train,13507707.75,13507707.75,1390,3355559.64,283,2022,7,9,5,27,3,1,0,0,-0.4999999999999997,-0.8660254037844388,-0.9749279121818236,-0.2225209339563146,Monsoon,2,7359977.96,12761525.709999999,12241660.5,8384173.56,830.0,1300.0,8718274.93,2366800.2487965133,6400732.59,12761525.709999999,8736852.932857143,2306641.081555493,6400732.59,12761525.709999999,8560660.599666666,2337557.3296065032,5720288.41,14039124.84,0.5123674911660777,0.0,0.0,0.13922261484098938,103.86219081272085,0.01060070671378092,10,162,1,0,0,0,0,1,0
2022-07-10,train,11464489.72,11464489.72,1359,2581884.31,284,2022,7,10,6,27,3,1,0,0,-0.4999999999999997,-0.8660254037844388,-0.7818314824680299,0.6234898018587334,Monsoon,2,13507707.75,10935121.48,12354929.82,6296984.62,1390.0,1353.0,8824872.364285713,2585914.0641356674,6400732.59,13507707.75,8827284.879285714,2473406.2236739714,6400732.59,13507707.75,8731445.072666667,2505360.8835828877,5720288.41,14039124.84,0.5035211267605634,0.0,0.0,0.13028169014084506,103.11619718309859,0.007042253521126761,10,158,1,0,0,0,0,1,0
2022-07-11,train,7667193.87,7667193.87,917,1822429.28,291,2022,7,11,0,28,3,0,0,0,-0.4999999999999997,-0.8660254037844388,0.0,1.0,Monsoon,2,11464489.72,8489239.78,7125682.69,8390387.77,1359.0,872.0,8900496.398571428,2664460.695114225,6400732.59,13507707.75,8763682.015,2385606.4302124633,6400732.59,13507707.75,8903695.242666667,2509849.5165042235,5720288.41,14039124.84,0.43986254295532645,0.0,0.0,0.1247422680412371,110.15463917525773,0.006872852233676976,10,158,1,0,0,0,0,0,0
2022-07-12,train,7117287.22,7117287.22,867,1808947.58,289,2022,7,12,1,28,3,0,0,0,-0.4999999999999997,-0.8660254037844388,0.7818314824680298,0.6234898018587336,Monsoon,2,7667193.87,6400732.59,7339089.87,12948065.75,917.0,849.0,8783061.268571429,2703438.2684280206,6400732.59,13507707.75,8802361.385,2361271.3927109824,6400732.59,13507707.75,8879588.779333333,2518408.16379956,5720288.41,14039124.84,0.5051903114186851,0.0,0.0,0.14013840830449828,102.80276816608996,0.010380622837370242,10,149,1,0,0,0,0,0,0
2022-07-13,train,7559597.350000001,7559597.350000001,795,1870464.98,245,2022,7,13,2,28,3,0,0,0,-0.4999999999999997,-0.8660254037844388,0.9749279121818236,-0.22252093395631434,Monsoon,2,7117287.22,6466836.84,7350096.28,8633626.15,867.0,818.0,8885426.215714287,2610154.3376631895,6466836.84,13507707.75,8786518.338571427,2372561.5993578387,6400732.59,13507707.75,8685229.495,2416530.333209042,5720288.41,14039124.84,0.49795918367346936,0.0,0.0,0.1440816326530612,102.01632653061225,0.00816326530612245,10,152,1,0,0,0,0,0,0
2022-07-14,train,7283707.33,7283707.33,877,1658598.13,278,2022,7,14,3,28,3,0,0,0,-0.4999999999999997,-0.8660254037844388,0.43388373911755823,-0.900968867902419,Monsoon,2,7559597.350000001,8614490.15,7028777.88,6826578.67,795.0,925.0,9041534.860000001,2470326.977332821,7117287.22,13507707.75,8801482.700714286,2363447.982986562,6400732.59,13507707.75,8649428.535,2425261.310107295,5720288.41,14039124.84,0.48201438848920863,0.0,0.0,0.12374100719424459,101.99640287769785,0.0,10,155,1,0,0,0,0,0,0
2022-07-15,train,6860685.64,6860685.64,838,1660992.51,258,2022,7,15,4,28,3,0,0,0,-0.4999999999999997,-0.8660254037844388,-0.433883739117558,-0.9009688679024191,Monsoon,2,7283707.33,7359977.96,7847779.51,9225631.51,877.0,830.0,8851423.028571429,2558309.504711167,7117287.22,13507707.75,8819691.947142858,2349681.4908386804,6400732.59,13507707.75,8664666.157,2414827.2407153533,5720288.41,14039124.84,0.5,0.0,0.0,0.1391472868217054,106.01550387596899,0.007751937984496124,10,145,1,0,0,0,0,0,0
2022-07-16,train,11372637.51,11372637.51,1333,2705326.2,278,2022,7,16,5,28,3,1,0,0,-0.4999999999999997,-0.8660254037844388,-0.9749279121818236,-0.2225209339563146,Monsoon,2,6860685.64,13507707.75,12761525.709999999,5720288.41,838.0,1390.0,8780095.554285714,2613194.0490820585,6860685.64,13507707.75,8749185.242142858,2395452.9939148277,6400732.59,13507707.75,8585834.628,2434405.3919056645,5720288.41,14039124.84,0.4784172661870504,0.0,0.0,0.1305755395683453,104.29496402877697,0.01079136690647482,10,150,1,0,0,0,0,1,0
2022-07-17,train,10866258.49,10866258.49,1365,3179862.69,278,2022,7,17,6,28,3,1,0,0,-0.4999999999999997,-0.8660254037844388,-0.7818314824680299,0.6234898018587334,Monsoon,2,11372637.51,11464489.72,10935121.48,6084948.1899999995,1333.0,1359.0,8475085.52,2028646.4165757988,6860685.64,11464489.72,8649978.942142857,2240233.0735714966,6400732.59,13507707.75,8774246.264666667,2423687.028722467,6084948.1899999995,14039124.84,0.49640287769784175,0.0,0.0,0.14064748201438848,105.1726618705036,0.01079136690647482,10,149,1,0,0,0,0,1,0
2022-07-18,train,6027568.68,6027568.68,769,1392417.88,251,2022,7,18,0,29,3,0,0,0,-0.4999999999999997,-0.8660254037844388,0.0,1.0,Monsoon,2,10866258.49,7667193.87,8489239.78,11303139.94,1365.0,917.0,8389623.915714286,1889553.8539448213,6860685.64,11372637.51,8645060.157142857,2234898.979040133,6400732.59,13507707.75,8933623.274666667,2397812.693353233,6400732.59,14039124.84,0.5059760956175299,0.0,0.0,0.14422310756972112,106.32270916334662,0.01195219123505976,10,144,1,0,0,0,0,0,0
2022-07-19,train,6924236.71,6924236.71,809,1430253.71,260,2022,7,19,1,29,3,0,0,0,-0.4999999999999997,-0.8660254037844388,0.7818314824680298,0.6234898018587336,Monsoon,2,6027568.68,7117287.22,6400732.59,14039124.84,769.0,867.0,8155391.745714285,2085498.7173783553,6027568.68,11372637.51,8469226.507142857,2342355.6820014836,6027568.68,13507707.75,8757770.899333334,2411456.0489345677,6027568.68,14039124.84,0.5192307692307693,0.0,0.0,0.1430769230769231,100.1923076923077,0.0,10,145,1,0,0,0,0,0,0
2022-07-20,train,7546039.45,7546039.45,860,1554991.84,278,2022,7,20,2,29,3,0,0,0,-0.4999999999999997,-0.8660254037844388,0.9749279121818236,-0.22252093395631434,Monsoon,2,6924236.71,7559597.350000001,6466836.84,6888213.82,809.0,795.0,8127813.101428571,2102719.9466973045,6027568.68,11372637.51,8506619.658571428,2310759.827619913,6027568.68,13507707.75,8520607.961666666,2216087.3287374424,6027568.68,13507707.75,0.5107913669064749,0.0,0.0,0.15431654676258993,107.12589928057554,0.0035971223021582736,10,143,1,0,0,0,0,0,0
2022-07-21,train,6042821.74,6042821.74,817,1346482.03,267,2022,7,21,3,29,3,0,0,0,-0.4999999999999997,-0.8660254037844388,0.43388373911755823,-0.900968867902419,Monsoon,2,7546039.45,7283707.33,8614490.15,6991219.82,860.0,877.0,8125876.258571428,2103336.7232105085,6027568.68,11372637.51,8583705.559285713,2254802.5981678953,6027568.68,13507707.75,8542535.482666668,2202591.7106742547,6027568.68,13507707.75,0.47191011235955055,0.0,0.0,0.13370786516853933,102.07116104868913,0.0,10,146,1,0,0,0,0,0,0
2022-07-22,train,7172606.04,7172606.04,915,1427561.03,295,2022,7,22,4,29,3,0,0,0,-0.4999999999999997,-0.8660254037844388,-0.433883739117558,-0.9009688679024191,Monsoon,2,6042821.74,6860685.64,7359977.96,7402852.94,817.0,838.0,7948606.888571428,2234354.8227450317,6027568.68,11372637.51,8400014.958571428,2354643.58586917,6027568.68,13507707.75,8510922.213333333,2232231.785796608,6027568.68,13507707.75,0.511864406779661,0.0,0.0,0.14610169491525424,103.67457627118644,0.01694915254237288,10,155,1,0,0,0,0,0,0
2022-07-23,train,11994742.44,11994742.44,1374,2808402.02,282,2022,7,23,5,29,3,1,0,0,-0.4999999999999997,-0.8660254037844388,-0.9749279121818236,-0.2225209339563146,Monsoon,2,7172606.04,11372637.51,13507707.75,6941968.49,915.0,1333.0,7993166.945714286,2212041.075816112,6027568.68,11372637.51,8386631.25,2361532.282519977,6027568.68,13507707.75,8503247.316666666,2236564.5543250684,6027568.68,13507707.75,0.46808510638297873,0.0,0.0,0.13652482269503546,101.27304964539007,0.010638297872340425,10,151,1,0,0,0,0,1,0
2022-07-24,train,10129234.9,10129234.9,1499,2488970.47,318,2022,7,24,6,29,3,1,0,0,-0.4999999999999997,-0.8660254037844388,-0.7818314824680299,0.6234898018587334,Monsoon,2,11994742.44,10866258.49,11464489.72,8426672.45,1374.0,1365.0,8082039.078571429,2376806.38940121,6027568.68,11994742.44,8278562.2992857145,2132683.189805461,6027568.68,11994742.44,8671673.115,2304166.677845935,6027568.68,13507707.75,0.49056603773584906,0.0,0.0,0.13018867924528302,107.18867924528301,0.009433962264150943,10,157,1,0,0,0,0,1,0
2022-07-25,train,6561730.14,6561730.14,764,1390102.98,261,2022,7,25,0,30,3,0,0,0,-0.4999999999999997,-0.8660254037844388,0.0,1.0,Monsoon,2,10129234.9,6027568.68,7667193.87,12241660.5,1499.0,769.0,7976749.994285715,2245617.3663976905,6027568.68,11994742.44,8183186.954999999,2005298.631162204,6027568.68,11994742.44,8728425.196666667,2318844.654114961,6027568.68,13507707.75,0.524904214559387,0.0,0.0,0.15593869731800766,98.24521072796935,0.0038314176245210726,10,147,1,0,0,0,0,0,0
2022-07-26,train,8709181.92,8709181.92,881,2134416.62,288,2022,7,26,1,30,3,0,0,0,-0.4999999999999997,-0.8660254037844388,0.7818314824680298,0.6234898018587336,Monsoon,2,6561730.14,6924236.71,7117287.22,12354929.82,764.0,809.0,8053058.774285714,2176350.0147543647,6042821.74,11994742.44,8104225.26,2048479.3206198565,6027568.68,11994742.44,8539094.184666667,2253048.001206338,6027568.68,13507707.75,0.4965277777777778,0.0,0.0,0.13541666666666666,107.96527777777777,0.006944444444444444,10,149,1,0,0,0,0,0,0
2022-07-27,train,8366961.08,8366961.08,899,1834791.08,282,2022,7,27,2,30,3,0,0,0,-0.4999999999999997,-0.8660254037844388,0.9749279121818236,-0.22252093395631434,Monsoon,2,8709181.92,7546039.45,7559597.350000001,7125682.69,881.0,860.0,8308050.947142856,2126033.3798070517,6042821.74,11994742.44,8217932.024285714,2033609.797708199,6027568.68,11994742.44,8417569.254666667,2135381.840682189,6027568.68,13507707.75,0.5177304964539007,0.0,0.0,0.1397163120567376,109.0709219858156,0.010638297872340425,10,142,1,0,0,0,0,0,0
2022-07-28,train,5793543.68,5793543.68,777,1586553.7,255,2022,7,28,3,30,3,0,0,0,-0.4999999999999997,-0.8660254037844388,0.43388373911755823,-0.900968867902419,Monsoon,2,8366961.08,6042821.74,7283707.33,7339089.87,899.0,817.0,8425325.465714287,2099469.9047360723,6042821.74,11994742.44,8275600.862142856,2024933.8053643447,6027568.68,11994742.44,8458945.201,2121466.992301105,6027568.68,13507707.75,0.4823529411764706,0.0,0.0,0.13254901960784313,107.2156862745098,0.00784313725490196,10,145,1,0,0,0,0,0,0
2022-07-29,train,6675911.57,6675911.57,794,1446261.24,271,2022,7,29,4,30,3,0,0,0,-0.4999999999999997,-0.8660254037844388,-0.433883739117558,-0.9009688679024191,Monsoon,2,5793543.68,7172606.04,6860685.64,7350096.28,777.0,915.0,8389714.314285714,2148166.565980841,5793543.68,11994742.44,8169160.601428571,2118104.769296262,5793543.68,11994742.44,8407426.994666668,2167858.543876849,5793543.68,13507707.75,0.5129151291512916,0.0,0.0,0.14095940959409595,99.40221402214023,0.0036900369003690036,10,148,1,0,0,0,0,0,0
2022-07-30,train,9479950.27,9479950.27,1257,2263664.55,240,2022,7,30,5,30,3,1,0,0,-0.4999999999999997,-0.8660254037844388,-0.9749279121818236,-0.2225209339563146,Monsoon,2,6675911.57,11994742.44,11372637.51,7028777.88,794.0,1374.0,8318757.961428572,2202583.378599568,5793543.68,11994742.44,8155962.453571429,2127440.2974174474,5793543.68,11994742.44,8384954.171,2182641.2022349103,5793543.68,13507707.75,0.5291666666666667,0.0,0.0,0.15041666666666667,104.0625,0.0125,10,136,1,0,0,0,0,1,0
2022-07-31,train,11326087.9,11326087.9,1333,2793472.8000000003,269,2022,7,31,6,30,3,1,0,1,-0.4999999999999997,-0.8660254037844388,-0.7818314824680299,0.6234898018587334,Monsoon,2,9479950.27,10129234.9,10866258.49,7847779.51,1257.0,1499.0,7959501.937142857,1635048.0467959226,5793543.68,10129234.9,8020770.507857144,1960927.9219637252,5793543.68,11994742.44,8466659.917333333,2175991.913081989,5793543.68,13507707.75,0.4758364312267658,0.0,0.0,0.13011152416356878,103.55018587360595,0.011152416356877323,10,147,1,0,0,0,0,1,0
2022-08-01,train,5741331.76,5741331.76,862,1300461.83,288,2022,8,1,0,31,3,0,1,0,-0.8660254037844385,-0.5000000000000004,0.0,1.0,Monsoon,2,11326087.9,6561730.14,6027568.68,12761525.709999999,1333.0,764.0,8130480.937142857,1934847.7923813474,5793543.68,11326087.9,8053615.465714285,2015351.0140051448,5793543.68,11994742.44,8582603.530333333,2233779.1632564315,5793543.68,13507707.75,0.4930555555555556,0.0,0.0,0.14375,107.14583333333333,0.010416666666666666,10,151,1,0,0,0,0,0,0
2022-08-02,train,6783317.38,6783317.38,858,1760263.99,283,2022,8,2,1,31,3,0,0,0,-0.8660254037844385,-0.5000000000000004,0.7818314824680298,0.6234898018587336,Monsoon,2,5741331.76,8709181.92,6924236.71,10935121.48,862.0,881.0,8013281.168571428,2066104.2287733832,5741331.76,11326087.9,8033169.971428572,2038801.5772463137,5741331.76,11994742.44,8348597.065333334,2146930.246968422,5741331.76,13507707.75,0.5335689045936396,0.0,0.0,0.14416961130742048,102.56890459363957,0.0035335689045936395,10,148,1,0,0,0,0,0,0
2022-08-03,train,7314936.98,7314936.98,867,1703777.1300000001,282,2022,8,3,2,31,3,0,0,0,-0.8660254037844385,-0.5000000000000004,0.9749279121818236,-0.22252093395631434,Monsoon,2,6783317.38,8366961.08,7546039.45,8489239.78,858.0,899.0,7738157.662857143,2086120.9043946504,5741331.76,11326087.9,8023104.305,2045035.9109691735,5741331.76,11994742.44,8210203.595333333,2107911.0794287845,5741331.76,13507707.75,0.4858156028368794,0.0,0.0,0.1351063829787234,105.35106382978724,0.0,10,150,1,0,0,0,0,0,0
2022-08-04,train,7950667.02,7950667.02,865,1781326.13,286,2022,8,4,3,31,3,0,0,0,-0.8660254037844385,-0.5000000000000004,0.43388373911755823,-0.900968867902419,Monsoon,2,7314936.98,5793543.68,6042821.74,6400732.59,867.0,777.0,7587868.505714285,2071111.487431275,5741331.76,11326087.9,8006596.985714286,2050109.370535691,5741331.76,11994742.44,8171060.168666665,2113446.7625774248,5741331.76,13507707.75,0.534965034965035,0.0,0.0,0.14615384615384613,103.3041958041958,0.006993006993006993,10,149,1,0,0,0,0,0,0
2022-08-05,train,6399215.51,6399215.51,831,1303237.47,266,2022,8,5,4,31,3,0,0,0,-0.8660254037844385,-0.5000000000000004,-0.433883739117558,-0.9009688679024191,Monsoon,2,7950667.02,6675911.57,7172606.04,6466836.84,865.0,794.0,7896028.982857143,1914170.7423103421,5741331.76,11326087.9,8142871.648571429,1971431.6074702626,5741331.76,11994742.44,8222724.649666667,2087462.5429264044,5741331.76,13507707.75,0.5037593984962406,0.0,0.0,0.14135338345864662,107.2781954887218,0.007518796992481203,10,145,1,0,0,0,0,0,0
2022-08-06,train,11085236.54,11085236.54,1293,2589002.82,265,2022,8,6,5,31,3,1,0,0,-0.8660254037844385,-0.5000000000000004,-0.9749279121818236,-0.2225209339563146,Monsoon,2,6399215.51,9479950.27,11994742.44,8614490.15,831.0,1257.0,7856500.974285714,1946155.3814054204,5741331.76,11326087.9,8087629.467857143,2011146.844218044,5741331.76,11994742.44,8220470.605333333,2089459.4857599805,5741331.76,13507707.75,0.4830188679245283,0.0,0.0,0.14339622641509434,108.6188679245283,0.007547169811320755,10,146,1,0,0,0,0,1,0
2022-08-07,train,13112492.27,13112492.27,1545,3460759.15,300,2022,8,7,6,31,3,1,0,0,-0.8660254037844385,-0.5000000000000004,-0.7818314824680299,0.6234898018587334,Monsoon,2,11085236.54,11326087.9,10129234.9,7359977.96,1293.0,1333.0,8085827.584285715,2241507.5094905095,5741331.76,11326087.9,8022664.760714285,1886027.1997088783,5741331.76,11326087.9,8302828.818333333,2153245.613884955,5741331.76,13507707.75,0.49666666666666665,0.0,0.0,0.13599999999999998,102.52333333333333,0.006666666666666667,10,155,1,0,0,0,0,1,0
2022-08-08,train,6573861.06,6573861.06,821,1600858.44,276,2022,8,8,0,32,3,0,0,0,-0.8660254037844385,-0.5000000000000004,0.0,1.0,Monsoon,2,13112492.27,5741331.76,6561730.14,13507707.75,1545.0,862.0,8341028.2085714275,2722079.931754929,5741331.76,13112492.27,8235754.572857143,2271483.5264907735,5741331.76,13112492.27,8494579.295333333,2316346.5656374767,5741331.76,13507707.75,0.5144927536231884,0.0,0.0,0.13695652173913042,110.08333333333333,0.0036231884057971015,10,143,1,0,0,0,0,0,0
2022-08-09,train,7769662.03,7769662.03,887,1720603.1400000001,286,2022,8,9,1,32,3,0,0,0,-0.8660254037844385,-0.5000000000000004,0.7818314824680298,0.6234898018587336,Monsoon,2,6573861.06,6783317.38,8709181.92,11464489.72,821.0,858.0,8459960.965714285,2605243.3677234277,6399215.51,13112492.27,8236621.067142857,2270798.0311817797,5741331.76,13112492.27,8263451.072333333,2137945.1536835856,5741331.76,13112492.27,0.5209790209790209,0.0,0.0,0.14230769230769233,102.84965034965035,0.0,10,151,1,0,0,0,0,0,0
2022-08-10,train,7062602.87,7062602.87,802,1657698.77,264,2022,8,10,2,32,3,0,0,0,-0.8660254037844385,-0.5000000000000004,0.9749279121818236,-0.22252093395631434,Monsoon,2,7769662.03,7314936.98,8366961.08,7667193.87,887.0,867.0,8600867.344285714,2524881.3399470877,6399215.51,13112492.27,8169512.503571428,2269640.690504171,5741331.76,13112492.27,8140290.149333333,2051875.472883967,5741331.76,13112492.27,0.48484848484848486,0.0,0.0,0.1253787878787879,103.45454545454545,0.011363636363636364,10,144,1,0,0,0,0,0,0
2022-08-11,train,7873823.93,7873823.93,871,1874011.27,295,2022,8,11,3,32,3,0,0,0,-0.8660254037844385,-0.5000000000000004,0.43388373911755823,-0.900968867902419,Monsoon,2,7062602.87,7950667.02,5793543.68,7117287.22,802.0,865.0,8564819.614285713,2547995.921767683,6399215.51,13112492.27,8076344.0600000005,2287612.6824566317,5741331.76,13112492.27,8120137.115999999,2059636.7370569475,5741331.76,13112492.27,0.488135593220339,0.0,0.0,0.12915254237288137,101.92542372881356,0.006779661016949152,10,144,1,0,0,0,0,0,0
2022-08-12,train,5573196.12,5573196.12,835,1076634.89,278,2022,8,12,4,32,3,0,0,0,-0.8660254037844385,-0.5000000000000004,-0.433883739117558,-0.9009688679024191,Monsoon,2,7873823.93,6399215.51,6675911.57,7559597.350000001,871.0,831.0,8553842.03,2551246.341797306,6399215.51,13112492.27,8224935.5064285705,2193556.2657119893,5741331.76,13112492.27,8145355.006333333,2051550.172365945,5741331.76,13112492.27,0.49280575539568344,0.0,0.0,0.1435251798561151,100.85251798561151,0.007194244604316547,10,151,1,0,0,0,0,0,0
2022-08-13,train,12471420.26,12471420.26,1438,2911518.67,296,2022,8,13,5,32,3,1,0,0,-0.8660254037844385,-0.5000000000000004,-0.9749279121818236,-0.2225209339563146,Monsoon,2,5573196.12,11085236.54,9479950.27,7283707.33,835.0,1293.0,8435839.26,2683204.2226668587,5573196.12,13112492.27,8146170.117142857,2271857.0680120764,5573196.12,13112492.27,8079141.632,2102529.249939468,5573196.12,13112492.27,0.5202702702702703,0.0,0.0,0.15101351351351353,100.88851351351352,0.006756756756756757,10,159,1,0,0,0,0,1,0
2022-08-14,train,14637190.79,14637190.79,1348,3748735.54,289,2022,8,14,6,32,3,1,0,0,-0.8660254037844385,-0.5000000000000004,-0.7818314824680299,0.6234898018587334,Monsoon,2,12471420.26,13112492.27,11326087.9,6860685.64,1438.0,1545.0,8633865.505714286,2949282.870619321,5573196.12,13112492.27,8359846.545,2532662.959565539,5573196.12,13112492.27,8252065.396333334,2243462.265213968,5573196.12,13112492.27,0.48788927335640137,0.0,0.0,0.13494809688581316,102.12110726643598,0.010380622837370242,10,151,1,0,0,0,0,1,0
2022-08-15,train,7153836.82,7153836.82,854,1395065.46,283,2022,8,15,0,33,3,0,0,0,-0.8660254037844385,-0.5000000000000004,0.0,1.0,Monsoon,2,14637190.79,6573861.06,5741331.76,11372637.51,1348.0,821.0,8851679.58,3362522.185404888,5573196.12,14637190.79,8596353.894285714,2951014.4865037478,5573196.12,14637190.79,8511282.234666666,2510520.2971933754,5573196.12,14637190.79,0.4840989399293286,0.0,0.0,0.1402826855123675,105.78798586572438,0.0,10,156,1,0,0,0,0,0,0
2022-08-16,train,6888050.92,6888050.92,823,1814138.07,258,2022,8,16,1,33,3,0,0,0,-0.8660254037844385,-0.5000000000000004,0.7818314824680298,0.6234898018587336,Monsoon,2,7153836.82,7769662.03,6783317.38,10866258.49,854.0,887.0,8934533.26,3303672.007167252,5573196.12,14637190.79,8697247.112857142,2868898.4274966707,5573196.12,14637190.79,8370655.545,2462411.775298279,5573196.12,14637190.79,0.5348837209302325,0.0,0.0,0.13565891472868216,105.35271317829458,0.003875968992248062,10,152,1,0,0,0,0,0,0
2022-08-17,train,4095724.97,4095724.97,741,960408.78,249,2022,8,17,2,33,3,0,0,0,-0.8660254037844385,-0.5000000000000004,0.9749279121818236,-0.22252093395631434,Monsoon,2,6888050.92,7062602.87,7314936.98,6027568.68,823.0,802.0,8808588.815714285,3371587.740461165,5573196.12,14637190.79,8704728.08,2863655.5009902185,5573196.12,14637190.79,8238048.626,2430291.7757898346,5573196.12,14637190.79,0.4738955823293173,0.0,0.0,0.11927710843373494,101.89558232931726,0.008032128514056224,10,146,1,0,0,0,0,0,0
2022-08-18,train,6310596.18,6310596.18,849,1389125.82,277,2022,8,18,3,33,3,0,0,0,-0.8660254037844385,-0.5000000000000004,0.43388373911755823,-0.900968867902419,Monsoon,2,4095724.97,7873823.93,7950667.02,6924236.71,741.0,871.0,8384749.115714285,3788376.1124503086,4095724.97,14637190.79,8474784.365,3103074.7724694028,4095724.97,14637190.79,8173653.835666667,2514999.4745828365,4095724.97,14637190.79,0.5451263537906137,0.0,0.0,0.15667870036101084,106.50180505415162,0.01444043321299639,10,149,1,0,0,0,0,0,0
2022-08-19,train,6811131.8,6811131.8,803,1569116.3900000001,275,2022,8,19,4,33,3,0,0,0,-0.8660254037844385,-0.5000000000000004,-0.433883739117558,-0.9009688679024191,Monsoon,2,6310596.18,5573196.12,6399215.51,7546039.45,849.0,835.0,8161430.865714286,3868736.442866033,4095724.97,14637190.79,8357636.447857142,3154908.6320045604,4095724.97,14637190.79,8153199.151333334,2527973.409455447,4095724.97,14637190.79,0.46545454545454545,0.0,0.0,0.1338181818181818,102.03636363636363,0.0,10,148,1,0,0,0,0,0,0
2022-08-20,train,12893225.34,12893225.34,1364,2960132.18,274,2022,8,20,5,33,3,1,0,0,-0.8660254037844385,-0.5000000000000004,-0.9749279121818236,-0.2225209339563146,Monsoon,2,6811131.8,12471420.26,11085236.54,6042821.74,803.0,1438.0,8338278.82,3757396.0855349274,4095724.97,14637190.79,8387059.039999999,3137110.0689704893,4095724.97,14637190.79,8128702.229666666,2537602.2901479364,4095724.97,14637190.79,0.4781021897810219,0.0,0.0,0.13686131386861314,103.75182481751825,0.014598540145985401,10,154,1,0,0,0,0,1,0
2022-08-21,train,15114809.1,15114809.1,1434,3849520.77,292,2022,8,21,6,33,3,1,0,0,-0.8660254037844385,-0.5000000000000004,-0.7818314824680299,0.6234898018587334,Monsoon,2,12893225.34,14637190.79,13112492.27,7172606.04,1364.0,1348.0,8398536.688571429,3837260.624966301,4095724.97,14637190.79,8516201.097142857,3290205.278979209,4095724.97,14637190.79,8357049.016333332,2649195.3984003114,4095724.97,14637190.79,0.4897260273972603,0.0,0.0,0.13424657534246576,98.29794520547945,0.0,10,158,1,0,0,0,0,1,0
2022-08-22,train,6963377.46,6963377.46,832,1575221.54,277,2022,8,22,0,34,3,0,0,0,-0.8660254037844385,-0.5000000000000004,0.0,1.0,Monsoon,2,15114809.1,7153836.82,6573861.06,11994742.44,1434.0,854.0,8466767.875714285,3968676.023278064,4095724.97,15114809.1,8659223.727857145,3539450.397588154,4095724.97,15114809.1,8621789.118333332,2910685.7116272515,4095724.97,15114809.1,0.45126353790613716,0.0,0.0,0.12888086642599278,105.56317689530685,0.007220216606498195,10,148,1,0,0,0,0,0,0
2022-08-23,train,6883053.46,6883053.46,948,1421216.53,292,2022,8,23,1,34,3,0,0,0,-0.8660254037844385,-0.5000000000000004,0.7818314824680298,0.6234898018587336,Monsoon,2,6963377.46,6888050.92,7769662.03,10129234.9,832.0,823.0,8439559.395714287,3979814.6720203008,4095724.97,15114809.1,8687046.327857142,3523291.0562269245,4095724.97,15114809.1,8454076.952333333,2854037.3221098413,4095724.97,15114809.1,0.4657534246575342,0.0,0.0,0.13150684931506848,103.5513698630137,0.0136986301369863,10,153,1,0,0,0,0,0,0
2022-08-24,train,6857412.5200000005,6857412.5200000005,916,1506662.13,288,2022,8,24,2,34,3,0,0,0,-0.8660254037844385,-0.5000000000000004,0.9749279121818236,-0.22252093395631434,Monsoon,2,6883053.46,4095724.97,7062602.87,6561730.14,948.0,741.0,8438845.472857144,3980139.812277703,4095724.97,15114809.1,8623717.144285714,3548923.849780071,4095724.97,15114809.1,8345870.9043333335,2849870.2102509653,4095724.97,15114809.1,0.4930555555555556,0.0,0.0,0.13194444444444445,103.09722222222223,0.013888888888888888,10,151,1,0,0,0,0,0,0
2022-08-25,train,7117274.62,7117274.62,795,1633319.46,259,2022,8,25,3,34,3,0,0,0,-0.8660254037844385,-0.5000000000000004,0.43388373911755823,-0.900968867902419,Monsoon,2,6857412.5200000005,6310596.18,7873823.93,8709181.92,916.0,849.0,8833372.265714286,3596242.3050951664,6310596.18,15114809.1,8609060.690714287,3556282.9912007395,4095724.97,15114809.1,8355726.983666667,2843992.349697153,4095724.97,15114809.1,0.5212355212355212,0.0,0.0,0.14015444015444015,100.06177606177606,0.007722007722007722,10,146,1,0,0,0,0,0,0
2022-08-26,train,7430596.2,7430596.2,916,1621354.55,292,2022,8,26,4,34,3,0,0,0,-0.8660254037844385,-0.5000000000000004,-0.433883739117558,-0.9009688679024191,Monsoon,2,7117274.62,6811131.8,5573196.12,8366961.08,795.0,803.0,8948612.042857144,3513910.044595617,6811131.8,15114809.1,8555021.454285715,3574018.4506754,4095724.97,15114809.1,8302663.407,2852009.8396535264,4095724.97,15114809.1,0.541095890410959,0.0,0.0,0.15,106.0958904109589,0.003424657534246575,10,157,1,0,0,0,0,0,0
2022-08-27,train,13471359.75,13471359.75,1313,3631153.2199999997,257,2022,8,27,5,34,3,1,0,0,-0.8660254037844385,-0.5000000000000004,-0.9749279121818236,-0.2225209339563146,Monsoon,2,7430596.2,12893225.34,12471420.26,5793543.68,916.0,1364.0,9037106.957142858,3458470.6078130207,6857412.5200000005,15114809.1,8687692.888571428,3488260.845162482,4095724.97,15114809.1,8271451.244333333,2856402.274677838,4095724.97,15114809.1,0.42412451361867703,0.0,0.0,0.12178988326848249,102.5136186770428,0.01556420233463035,10,145,1,0,0,0,0,1,0
2022-08-28,train,12211997.82,12211997.82,1336,2976739.55,269,2022,8,28,6,34,3,1,0,0,-0.8660254037844385,-0.5000000000000004,-0.7818314824680299,0.6234898018587334,Monsoon,2,13471359.75,15114809.1,14637190.79,6675911.57,1313.0,1434.0,9119697.587142857,3570978.2514470126,6857412.5200000005,15114809.1,8759117.137857143,3580706.6803919445,4095724.97,15114809.1,8527378.446666667,2968489.952076855,4095724.97,15114809.1,0.5055762081784386,0.0,0.0,0.1349442379182156,108.2081784386617,0.0037174721189591076,10,157,1,0,0,0,0,1,0
2022-08-29,train,8455613.709999999,8455613.709999999,980,2171001.68,309,2022,8,29,0,35,3,0,0,0,-0.8660254037844385,-0.5000000000000004,0.0,1.0,Monsoon,2,12211997.82,6963377.46,7153836.82,9479950.27,1336.0,832.0,8705010.26142857,2855652.688546734,6857412.5200000005,13471359.75,8585889.06857143,3323916.91963547,4095724.97,15114809.1,8711914.655,3021035.0317983017,4095724.97,15114809.1,0.43042071197411,0.0,0.0,0.11488673139158576,104.49514563106796,0.006472491909385114,10,158,1,0,0,0,0,0,0
2022-08-30,train,7170465.99,7170465.99,901,1632871.6199999999,288,2022,8,30,1,35,3,0,0,0,-0.8660254037844385,-0.5000000000000004,0.7818314824680298,0.6234898018587336,Monsoon,2,8455613.709999999,6883053.46,6888050.92,11326087.9,980.0,948.0,8918186.868571429,2757997.994610312,6857412.5200000005,13471359.75,8678873.132142857,3298888.641224766,4095724.97,15114809.1,8677770.103,3017842.1338066724,4095724.97,15114809.1,0.5486111111111112,0.0,0.0,0.1482638888888889,104.01041666666667,0.006944444444444444,10,158,1,0,0,0,0,0,0
2022-08-31,train,6143798.4,6143798.4,875,1326673.49,294,2022,8,31,2,35,3,0,0,1,-0.8660254037844385,-0.5000000000000004,0.9749279121818236,-0.22252093395631434,Monsoon,2,7170465.99,6857412.5200000005,4095724.97,5741331.76,901.0,916.0,8959245.801428571,2724587.9522289345,6857412.5200000005,13471359.75,8699045.637142856,3287940.814145101,4095724.97,15114809.1,8539249.372666666,2987309.376091162,4095724.97,15114809.1,0.5340136054421769,0.0,0.0,0.15170068027210884,102.89795918367346,0.01020408163265306,10,160,1,0,0,0,0,0,0
2022-09-01,train,5921152.91,5921152.91,751,1403636.77,245,2022,9,1,3,35,3,0,1,0,-1.0,-1.8369701987210297e-16,0.43388373911755823,-0.900968867902419,Monsoon,2,6143798.4,7117274.62,6310596.18,6783317.38,875.0,795.0,8857300.927142857,2827736.688652976,6143798.4,13471359.75,8845336.596428571,3108008.5760795726,6143798.4,15114809.1,8552664.927333333,2975190.1998194647,4095724.97,15114809.1,0.4857142857142857,0.0,0.0,0.14448979591836733,101.10612244897959,0.00816326530612245,10,143,1,0,0,0,0,0,0
2022-09-02,train,7588327.88,7588327.88,860,1836429.32,278,2022,9,2,4,35,3,0,0,0,-1.0,-1.8369701987210297e-16,-0.433883739117558,-0.9009688679024191,Monsoon,2,5921152.91,7430596.2,6811131.8,7314936.98,751.0,916.0,8686426.397142857,2982321.6788303345,5921152.91,13471359.75,8817519.22,3134073.6943381825,5921152.91,15114809.1,8523926.111666666,2996954.961498647,4095724.97,15114809.1,0.4892086330935252,0.0,0.0,0.129136690647482,105.69064748201438,0.007194244604316547,10,154,1,0,0,0,0,0,0
2022-09-03,train,10499916.03,10499916.03,1262,2712026.54,257,2022,9,3,5,35,3,1,0,0,-1.0,-1.8369701987210297e-16,-0.9749279121818236,-0.2225209339563146,Monsoon,2,7588327.88,13471359.75,12893225.34,7950667.02,860.0,1313.0,8708959.494285714,2971829.1859323448,5921152.91,13471359.75,8873033.225714287,3102525.1326524834,5921152.91,15114809.1,8533039.141666668,2993565.6867598062,4095724.97,15114809.1,0.490272373540856,0.0,0.0,0.1369649805447471,103.14396887159533,0.0038910505836575876,10,144,1,0,0,0,0,1,0
2022-09-04,train,13455512.41,13455512.41,1548,3449884.48,310,2022,9,4,6,35,3,1,0,0,-1.0,-1.8369701987210297e-16,-0.7818314824680299,0.6234898018587334,Monsoon,2,10499916.03,12211997.82,15114809.1,6399215.51,1262.0,1336.0,8284467.534285714,2318632.046797338,5921152.91,12211997.82,8702082.560714286,2924817.8613724676,5921152.91,15114809.1,8618014.108666666,3012585.41251182,4095724.97,15114809.1,0.4967741935483871,0.0,0.0,0.13258064516129034,104.5,0.00967741935483871,10,153,1,0,0,0,0,1,0
2022-09-05,train,6810140.76,6810140.76,800,1476892.01,260,2022,9,5,0,36,3,0,0,0,-1.0,-1.8369701987210297e-16,0.0,1.0,Monsoon,2,13455512.41,8455613.709999999,6963377.46,11085236.54,1548.0,980.0,8462112.475714285,2687924.6732859267,5921152.91,13455512.41,8583561.368571429,2667246.4284531344,5921152.91,13471359.75,8853224.005333332,3107349.8348712143,4095724.97,15114809.1,0.4846153846153846,0.0,0.0,0.13615384615384615,101.76923076923077,0.0,10,150,1,0,0,0,0,0,0
2022-09-06,train,7676721.34,7676721.34,979,1852341.1,307,2022,9,6,1,36,3,0,0,0,-1.0,-1.8369701987210297e-16,0.7818314824680298,0.6234898018587336,Monsoon,2,6810140.76,7170465.99,6883053.46,13112492.27,800.0,901.0,8227044.911428572,2759583.4617041172,5921152.91,13455512.41,8572615.889999999,2674710.525524123,5921152.91,13471359.75,8710720.812666666,3099478.049979281,4095724.97,15114809.1,0.50814332247557,0.0,0.0,0.13908794788273618,106.35179153094462,0.003257328990228013,10,154,1,0,0,0,0,0,0
2022-09-07,train,6601189.99,6601189.99,910,1301490.05,288,2022,9,7,2,36,3,0,0,0,-1.0,-1.8369701987210297e-16,0.9749279121818236,-0.22252093395631434,Monsoon,2,7676721.34,6143798.4,6857412.5200000005,6573861.06,979.0,875.0,8299367.104285714,2733791.2871953216,5921152.91,13455512.41,8629306.452857142,2644384.551060798,5921152.91,13471359.75,8529528.448333334,2990241.6235371986,4095724.97,15114809.1,0.4756944444444444,0.0,0.0,0.128125,99.39583333333333,0.006944444444444444,10,150,1,0,0,0,0,0,0
2022-09-08,train,4626028.5,4626028.5,763,951414.1,259,2022,9,8,3,36,3,0,0,0,-1.0,-1.8369701987210297e-16,0.43388373911755823,-0.900968867902419,Monsoon,2,6601189.99,5921152.91,7117274.62,7769662.03,910.0,751.0,8364708.76,2678592.016976384,5921152.91,13455512.41,8611004.843571428,2658440.3248975663,5921152.91,13471359.75,8530439.412666667,2989629.393635049,4095724.97,15114809.1,0.528957528957529,0.0,0.0,0.14903474903474903,107.3088803088803,0.007722007722007722,10,140,1,0,0,0,0,0,0
2022-09-09,train,8042062.29,8042062.29,871,2115344.25,277,2022,9,9,4,36,3,0,0,0,-1.0,-1.8369701987210297e-16,-0.433883739117558,-0.9009688679024191,Monsoon,2,4626028.5,7588327.88,7430596.2,7062602.87,763.0,860.0,8179690.987142856,2910219.780388618,4626028.5,13455512.41,8433058.692142857,2843081.525823657,4626028.5,13471359.75,8425651.628333334,3071194.6534607,4095724.97,15114809.1,0.4259927797833935,0.0,0.0,0.12418772563176894,103.5956678700361,0.010830324909747292,10,154,1,0,0,0,0,0,0
2022-09-10,train,13965303.77,13965303.77,1463,3184681.28,303,2022,9,10,5,36,3,1,0,0,-1.0,-1.8369701987210297e-16,-0.9749279121818236,-0.2225209339563146,Monsoon,2,8042062.29,10499916.03,13471359.75,7873823.93,871.0,1262.0,8244510.188571429,2899887.803940633,4626028.5,13455512.41,8476734.841428572,2831168.6084934343,4626028.5,13471359.75,8458300.275666667,3061395.457234079,4095724.97,15114809.1,0.45544554455445546,0.0,0.0,0.13102310231023104,103.9075907590759,0.0033003300330033004,10,161,1,0,0,0,0,1,0
2022-09-11,train,11475129.34,11475129.34,1448,2798081.58,287,2022,9,11,6,36,3,1,0,0,-1.0,-1.8369701987210297e-16,-0.7818314824680299,0.6234898018587334,Monsoon,2,13965303.77,13455512.41,12211997.82,5573196.12,1463.0,1548.0,8739565.58,3567939.658970995,4626028.5,13965303.77,8512016.557142857,2900429.5130231953,4626028.5,13965303.77,8661349.603666667,3219234.8963665925,4095724.97,15114809.1,0.5052264808362369,0.0,0.0,0.13240418118466898,108.09059233449477,0.013937282229965157,10,150,1,0,0,0,0,1,0
2022-09-12,train,5991694.01,5991694.01,795,1157823.47,266,2022,9,12,0,37,3,0,0,0,-1.0,-1.8369701987210297e-16,0.0,1.0,Monsoon,2,11475129.34,6810140.76,8455613.709999999,12471420.26,1448.0,800.0,8456653.712857144,3190194.3820085875,4626028.5,13965303.77,8459383.094285714,2834048.202169637,4626028.5,13965303.77,8858080.711,3204309.0428988007,4095724.97,15114809.1,0.48872180451127817,0.0,0.0,0.13684210526315788,102.28195488721805,0.007518796992481203,10,147,1,0,0,0,0,0,0
2022-09-13,train,7058165.53,7058165.53,881,1858803.23,294,2022,9,13,1,37,3,0,0,0,-1.0,-1.8369701987210297e-16,0.7818314824680298,0.6234898018587336,Monsoon,2,5991694.01,7676721.34,7170465.99,14637190.79,795.0,979.0,8339732.748571428,3274481.3589216354,4626028.5,13965303.77,8283388.83,2909792.7395455614,4626028.5,13965303.77,8642089.836,3170557.9032093347,4095724.97,15114809.1,0.47278911564625853,0.0,0.0,0.132312925170068,104.22448979591837,0.01020408163265306,10,155,1,0,0,0,0,0,0
2022-09-14,train,7204359.37,7204359.37,794,1634218.63,256,2022,9,14,2,37,3,0,0,0,-1.0,-1.8369701987210297e-16,0.9749279121818236,-0.22252093395631434,Monsoon,2,7058165.53,6601189.99,6143798.4,7153836.82,881.0,910.0,8251367.632857143,3303572.3258226174,4626028.5,13965303.77,8275367.368571429,2913249.485021543,4626028.5,13965303.77,8389455.660666667,2972132.3186803763,4095724.97,15114809.1,0.484375,0.0,0.0,0.12734375,100.88671875,0.00390625,10,149,1,0,0,0,0,0,0
2022-09-15,train,5908201.29,5908201.29,865,1409315.2,286,2022,9,15,3,37,3,0,0,0,-1.0,-1.8369701987210297e-16,0.43388373911755823,-0.900968867902419,Monsoon,2,7204359.37,4626028.5,5921152.91,6888050.92,794.0,763.0,8337534.687142857,3260948.4150177836,4626028.5,13965303.77,8351121.723571428,2866979.421711511,4626028.5,13965303.77,8391139.745666666,2971422.2722870363,4095724.97,15114809.1,0.5,0.0,0.0,0.1395104895104895,103.31118881118881,0.01048951048951049,10,150,1,0,0,0,0,0,0
2022-09-16,train,7939245.13,7939245.13,952,1711180.1,309,2022,9,16,4,37,3,0,0,0,-1.0,-1.8369701987210297e-16,-0.433883739117558,-0.9009688679024191,Monsoon,2,5908201.29,8042062.29,7588327.88,4095724.97,865.0,871.0,8520702.228571428,3046698.692357706,5908201.29,13965303.77,8350196.6078571435,2867825.803190773,4626028.5,13965303.77,8358478.0913333325,2993814.6761219427,4095724.97,15114809.1,0.5048543689320388,0.0,0.0,0.13398058252427184,106.9967637540453,0.003236245954692557,10,170,1,0,0,0,0,0,0
2022-09-17,train,9620370.04,9620370.04,1259,2584317.82,263,2022,9,17,5,37,3,1,0,0,-1.0,-1.8369701987210297e-16,-0.9749279121818236,-0.2225209339563146,Monsoon,2,7939245.13,13965303.77,10499916.03,6310596.18,952.0,1463.0,8506014.062857142,3049637.232614289,5908201.29,13965303.77,8375262.125714285,2862182.654533726,4626028.5,13965303.77,8486595.43,2885380.1139797927,4626028.5,15114809.1,0.4866920152091255,0.0,0.0,0.12965779467680608,102.74904942965779,0.0076045627376425855,10,144,1,0,0,0,0,1,0
2022-09-18,train,7832835.09,7832835.09,1301,1711017.24,256,2022,9,18,6,37,3,1,0,0,-1.0,-1.8369701987210297e-16,-0.7818314824680299,0.6234898018587334,Monsoon,2,9620370.04,11475129.34,13455512.41,6811131.8,1259.0,1448.0,7885309.244285715,2022488.0443807219,5908201.29,11475129.34,8312437.412142857,2821320.563729581,4626028.5,13965303.77,8596921.225333333,2862495.007429185,4626028.5,15114809.1,0.55859375,0.0,0.0,0.149609375,105.94921875,0.00390625,10,137,1,0,0,0,0,1,0
2022-09-19,train,7863078.49,7863078.49,826,1876791.6,274,2022,9,19,0,38,3,0,0,0,-1.0,-1.8369701987210297e-16,0.0,1.0,Monsoon,2,7832835.09,5991694.01,6810140.76,12893225.34,1301.0,795.0,7364981.494285715,1275637.4735343973,5908201.29,9620370.04,7910817.603571428,2401900.942172335,4626028.5,13965303.77,8630978.001666667,2846549.2732690186,4626028.5,15114809.1,0.5328467153284672,0.0,0.0,0.14233576642335766,101.71167883211679,0.0036496350364963502,10,148,1,0,0,0,0,0,0
2022-09-20,train,6724334.54,6724334.54,849,1726122.79,280,2022,9,20,1,38,3,0,0,0,-1.0,-1.8369701987210297e-16,0.7818314824680298,0.6234898018587336,Monsoon,2,7863078.49,7058165.53,7676721.34,15114809.1,826.0,881.0,7632322.134285714,1127341.3237484756,5908201.29,9620370.04,7986027.441428572,2381180.444187485,4626028.5,13965303.77,8463306.44,2732700.728649219,4626028.5,15114809.1,0.4714285714285714,0.0,0.0,0.12714285714285714,104.3,0.007142857142857143,10,153,1,0,0,0,0,0,0
2022-09-21,train,7127167.56,7127167.56,797,1522484.03,267,2022,9,21,2,38,3,0,0,0,-1.0,-1.8369701987210297e-16,0.9749279121818236,-0.22252093395631434,Monsoon,2,6724334.54,7204359.37,6601189.99,6963377.46,849.0,794.0,7584631.992857143,1162200.2107634267,5908201.29,9620370.04,7917999.812857143,2404189.837935167,4626028.5,13965303.77,8183623.954666668,2442418.3306388184,4626028.5,13965303.77,0.5355805243445693,0.0,0.0,0.14269662921348314,100.86142322097378,0.011235955056179775,10,149,1,0,0,0,0,0,0
2022-09-22,train,8056555.99,8056555.99,863,1928206.32,277,2022,9,22,3,38,3,0,0,0,-1.0,-1.8369701987210297e-16,0.43388373911755823,-0.900968867902419,Monsoon,2,7127167.56,5908201.29,4626028.5,6883053.46,797.0,865.0,7573604.59142857,1166766.9857309496,5908201.29,9620370.04,7955569.639285713,2386070.8087271075,4626028.5,13965303.77,8189083.624666667,2439778.2270580237,4626028.5,13965303.77,0.5126353790613718,0.0,0.0,0.14187725631768952,104.93501805054152,0.0,10,156,1,0,0,0,0,0,0
2022-09-23,train,7804238.99,7804238.99,830,1763854.78,265,2022,9,23,4,38,3,0,0,0,-1.0,-1.8369701987210297e-16,-0.433883739117558,-0.9009688679024191,Monsoon,2,8056555.99,7939245.13,8042062.29,6857412.5200000005,863.0,952.0,7880512.405714286,909981.5241380361,6724334.54,9620370.04,8200607.317142857,2185566.0472612483,5908201.29,13965303.77,8228200.375666666,2427493.1108693937,4626028.5,13965303.77,0.5283018867924528,0.0,0.0,0.1430188679245283,106.15471698113207,0.007547169811320755,10,149,1,0,0,0,0,0,0
2022-09-24,train,12339109.84,12339109.84,1302,2967098.37,272,2022,9,24,5,38,3,1,0,0,-1.0,-1.8369701987210297e-16,-0.9749279121818236,-0.2225209339563146,Monsoon,2,7804238.99,9620370.04,13965303.77,7117274.62,830.0,1259.0,7861225.814285715,909959.9385335303,6724334.54,9620370.04,8183619.938571429,2187816.221380003,5908201.29,13965303.77,8259761.258,2415180.171252426,4626028.5,13965303.77,0.5294117647058824,0.0,0.0,0.14816176470588235,100.13970588235294,0.007352941176470588,10,147,1,0,0,0,0,1,0
2022-09-25,train,12331663.15,12331663.15,1353,2530199.91,275,2022,9,25,6,38,3,1,0,0,-1.0,-1.8369701987210297e-16,-0.7818314824680299,0.6234898018587334,Monsoon,2,12339109.84,7832835.09,11475129.34,7430596.2,1302.0,1301.0,8249617.214285715,1864988.1287442162,6724334.54,12339109.84,8067463.229285715,1878550.027990865,5908201.29,12339109.84,8433822.432,2516063.24200536,4626028.5,13965303.77,0.5127272727272727,0.0,0.0,0.14145454545454544,107.88,0.0036363636363636364,10,146,1,0,0,0,0,1,0
2022-09-26,train,7835177.97,7835177.97,868,1816559.6199999999,282,2022,9,26,0,39,3,0,0,0,-1.0,-1.8369701987210297e-16,0.0,1.0,Monsoon,2,12331663.15,7863078.49,5991694.01,13471359.75,1353.0,826.0,8892306.937142858,2396773.0196118215,6724334.54,12339109.84,8128644.215714285,2007584.8819671958,5908201.29,12339109.84,8597191.330333333,2606177.4781269715,4626028.5,13965303.77,0.48226950354609927,0.0,0.0,0.13439716312056738,105.73049645390071,0.0,10,149,1,0,0,0,0,0,0
2022-09-27,train,5021218.32,5021218.32,756,1320751.22,242,2022,9,27,1,39,3,0,0,0,-1.0,-1.8369701987210297e-16,0.7818314824680298,0.6234898018587336,Monsoon,2,7835177.97,6724334.54,7058165.53,12211997.82,868.0,849.0,8888321.14857143,2398792.220278978,6724334.54,12339109.84,8260321.64142857,1914960.9915973789,5908201.29,12339109.84,8409318.604333334,2440583.1137618287,4626028.5,13965303.77,0.5,0.0,0.0,0.14628099173553719,106.0909090909091,0.008264462809917356,10,139,1,0,0,0,0,0,0
2022-09-28,train,7521872.26,7521872.26,819,1794768.42,265,2022,9,28,2,39,3,0,0,0,-1.0,-1.8369701987210297e-16,0.9749279121818236,-0.22252093395631434,Monsoon,2,5021218.32,7127167.56,7204359.37,8455613.709999999,756.0,797.0,8645018.83142857,2719757.918712768,5021218.32,12339109.84,8114825.412142857,2083307.7556865877,5021218.32,12339109.84,8169625.954333333,2407117.387835054,4626028.5,13965303.77,0.539622641509434,0.0,0.0,0.1328301886792453,101.58867924528302,0.0037735849056603774,10,145,1,0,0,0,0,0,0
2022-09-29,train,7591914.16,7591914.16,844,1844186.58,271,2022,9,29,3,39,3,0,0,0,-1.0,-1.8369701987210297e-16,0.43388373911755823,-0.900968867902419,Monsoon,2,7521872.26,8056555.99,5908201.29,7170465.99,819.0,863.0,8701405.217142858,2686938.4246040387,5021218.32,12339109.84,8137504.904285714,2074342.7070056412,5021218.32,12339109.84,8138501.2393333325,2409327.727534528,4626028.5,13965303.77,0.5166051660516605,0.0,0.0,0.13874538745387455,108.23247232472325,0.01107011070110701,10,148,1,0,0,0,0,0,0
2022-09-30,train,7044998.69,7044998.69,826,1660310.6,265,2022,9,30,4,39,3,0,0,1,-1.0,-1.8369701987210297e-16,-0.433883739117558,-0.9009688679024191,Monsoon,2,7591914.16,7804238.99,7939245.13,6143798.4,844.0,830.0,8635027.812857142,2711153.71343447,5021218.32,12339109.84,8257770.109285714,1981899.870200475,5021218.32,12339109.84,8152549.511666667,2404712.95465305,4626028.5,13965303.77,0.46037735849056605,0.0,0.0,0.13547169811320753,105.61132075471698,0.0037735849056603774,10,142,1,0,0,0,0,0,0
2022-10-01,train,12867359.6,12867359.6,1407,3414347.56,283,2022,10,1,5,39,4,1,1,0,-0.8660254037844386,0.5000000000000001,-0.9749279121818236,-0.2225209339563146,Autumn,3,7044998.69,12339109.84,9620370.04,5921152.91,826.0,1302.0,8526564.912857143,2764590.382131132,5021218.32,12339109.84,8193895.363571429,2007204.118066011,5021218.32,12339109.84,8182589.521333333,2384296.347891829,4626028.5,13965303.77,0.5053003533568905,0.0,0.0,0.12614840989399295,105.26855123674912,0.0176678445229682,10,151,1,0,0,0,0,1,0
2022-10-02,train,11942107.2,11942107.2,1234,2447859.32,269,2022,10,2,6,39,4,1,0,0,-0.8660254037844386,0.5000000000000001,-0.7818314824680299,0.6234898018587334,Autumn,3,12867359.6,12331663.15,7832835.09,7588327.88,1407.0,1353.0,8602029.164285716,2890354.5228792415,5021218.32,12867359.6,8425823.189285714,2344037.6009138273,5021218.32,12867359.6,8414129.744333334,2491958.4602409303,4626028.5,13965303.77,0.5018587360594795,0.0,0.0,0.1379182156133829,106.22676579925651,0.007434944237918215,10,142,1,0,0,0,0,1,0
2022-10-03,train,6316307.91,6316307.91,747,1225395.04,254,2022,10,3,0,40,4,0,0,0,-0.8660254037844386,0.5000000000000001,0.0,1.0,Autumn,3,11942107.2,7835177.97,7863078.49,10499916.03,1234.0,868.0,8546378.314285714,2809186.36219033,5021218.32,12867359.6,8719342.625714285,2515110.13205453,5021218.32,12867359.6,8559255.721666668,2567829.365027787,4626028.5,13965303.77,0.5708661417322834,0.0,0.0,0.14921259842519685,107.81102362204724,0.007874015748031496,10,140,1,0,0,0,0,0,0
2022-10-04,train,7506844.46,7506844.46,797,1856626.67,277,2022,10,4,1,40,4,0,0,0,-0.8660254037844386,0.5000000000000001,0.7818314824680298,0.6234898018587336,Autumn,3,6316307.91,5021218.32,6724334.54,13455512.41,747.0,756.0,8329396.877142857,2929363.115508323,5021218.32,12867359.6,8608859.012857143,2588519.3490547626,5021218.32,12867359.6,8419802.117666667,2572399.356380741,4626028.5,13965303.77,0.5090252707581228,0.0,0.0,0.14259927797833935,104.8158844765343,0.0036101083032490976,10,143,1,0,0,0,0,0,0
2022-10-05,train,7010535.45,7010535.45,800,1670666.16,265,2022,10,5,2,40,4,0,0,0,-0.8660254037844386,0.5000000000000001,0.9749279121818236,-0.22252093395631434,Autumn,3,7506844.46,7521872.26,7127167.56,6810140.76,797.0,819.0,8684486.325714285,2592840.690330591,6316307.91,12867359.6,8664752.57857143,2552900.1273344825,5021218.32,12867359.6,8221513.186000001,2393925.311659151,4626028.5,13965303.77,0.4716981132075472,0.0,0.0,0.12000000000000001,101.29433962264152,0.011320754716981131,10,150,1,0,0,0,0,0,0
2022-10-06,train,7339403.05,7339403.05,891,1719171.6199999999,294,2022,10,6,3,40,4,0,0,0,-0.8660254037844386,0.5000000000000001,0.43388373911755823,-0.900968867902419,Autumn,3,7010535.45,7591914.16,8056555.99,7676721.34,800.0,844.0,8611438.209999999,2637866.0867781676,6316307.91,12867359.6,8656421.71357143,2558487.876050079,5021218.32,12867359.6,8228193.009,2390127.8993870616,4626028.5,13965303.77,0.4897959183673469,0.0,0.0,0.1326530612244898,107.92857142857143,0.003401360544217687,10,165,1,0,0,0,0,0,0
2022-10-07,train,7273405.5,7273405.5,757,1699734.76,260,2022,10,7,4,40,4,0,0,0,-0.8660254037844386,0.5000000000000001,-0.433883739117558,-0.9009688679024191,Autumn,3,7339403.05,7044998.69,7804238.99,6601189.99,891.0,826.0,8575365.194285715,2655797.440605331,6316307.91,12867359.6,8605196.503571428,2578522.918240121,5021218.32,12867359.6,8216949.066,2393602.5632225964,4626028.5,13965303.77,0.5230769230769231,0.0,0.0,0.14692307692307693,103.47307692307692,0.0,10,146,1,0,0,0,0,0,0
2022-10-08,train,11135788.25,11135788.25,1431,2720828.33,301,2022,10,8,5,40,4,1,0,0,-0.8660254037844386,0.5000000000000001,-0.9749279121818236,-0.2225209339563146,Autumn,3,7273405.5,12867359.6,12339109.84,4626028.5,757.0,1407.0,8607994.738571428,2635184.5245680544,6316307.91,12867359.6,8567279.825714286,2595056.7299975916,5021218.32,12867359.6,8239356.249666667,2381069.002911661,4626028.5,13965303.77,0.5182724252491694,0.0,0.0,0.1318936877076412,104.1328903654485,0.006644518272425249,10,153,1,0,0,0,0,1,0
2022-10-09,train,10068380.75,10068380.75,1291,2250645.06,264,2022,10,9,6,40,4,1,0,0,-0.8660254037844386,0.5000000000000001,-0.7818314824680299,0.6234898018587334,Autumn,3,11135788.25,11942107.2,12331663.15,8042062.29,1431.0,1234.0,8360627.402857142,2216769.4848336214,6316307.91,11942107.2,8481328.283571428,2477797.7060499187,5021218.32,12867359.6,8456348.241333334,2336633.398088347,5021218.32,13965303.77,0.5113636363636364,0.0,0.0,0.1356060606060606,106.76893939393939,0.011363636363636364,10,145,1,0,0,0,0,1,0
2022-10-10,train,7395763.22,7395763.22,697,1812983.7,234,2022,10,10,0,41,4,0,0,0,-0.8660254037844386,0.5000000000000001,0.0,1.0,Autumn,3,10068380.75,6316307.91,7835177.97,13965303.77,1291.0,747.0,8092952.1957142865,1782894.4413995086,6316307.91,11135788.25,8319665.255000001,2272596.397170937,5021218.32,12867359.6,8523892.19,2353471.125983303,5021218.32,13965303.77,0.5,0.0,0.0,0.13931623931623932,108.57264957264957,0.004273504273504274,10,141,1,0,0,0,0,0,0
2022-10-11,train,8973982.959999999,8973982.959999999,850,2101764.12,287,2022,10,11,1,41,4,0,0,0,-0.8660254037844386,0.5000000000000001,0.7818314824680298,0.6234898018587336,Autumn,3,7395763.22,7506844.46,5021218.32,11475129.34,697.0,797.0,8247160.097142858,1644963.147859491,7010535.45,11135788.25,8288278.487142858,2282813.7534772814,5021218.32,12867359.6,8304907.505,2124171.6446842337,5021218.32,12867359.6,0.5121951219512195,0.0,0.0,0.14738675958188152,102.2439024390244,0.003484320557491289,10,144,1,0,0,0,0,0,0
2022-10-12,train,4876892.57,4876892.57,741,1305659.45,241,2022,10,12,2,41,4,0,0,0,-0.8660254037844386,0.5000000000000001,0.9749279121818236,-0.22252093395631434,Autumn,3,8973982.959999999,7010535.45,7521872.26,5991694.01,850.0,800.0,8456751.311428573,1628298.0602727532,7010535.45,11135788.25,8570618.818571428,2083388.2506756496,6316307.91,12867359.6,8221535.959000001,2042985.3169019758,5021218.32,12867359.6,0.5062240663900415,0.0,0.0,0.13443983402489626,106.02489626556017,0.0,10,139,1,0,0,0,0,0,0
2022-10-13,train,6692665.72,6692665.72,814,1820303.48,283,2022,10,13,3,41,4,0,0,0,-0.8660254037844386,0.5000000000000001,0.43388373911755823,-0.900968867902419,Autumn,3,4876892.57,7339403.05,7591914.16,7058165.53,741.0,891.0,8151945.185714285,2080930.4132748109,4876892.57,11135788.25,8381691.697857143,2294988.2134402236,4876892.57,12867359.6,8184375.911,2094433.5038075482,4876892.57,12867359.6,0.4664310954063604,0.0,0.0,0.1265017667844523,103.2826855123675,0.007067137809187279,10,154,1,0,0,0,0,0,0
2022-10-14,train,8755328.19,8755328.19,795,1953190.0,273,2022,10,14,4,41,4,0,0,0,-0.8660254037844386,0.5000000000000001,-0.433883739117558,-0.9009688679024191,Autumn,3,6692665.72,7273405.5,7044998.69,7204359.37,814.0,757.0,8059554.138571429,2136630.813802876,4876892.57,11135788.25,8317459.666428572,2331092.865824898,4876892.57,12867359.6,8172192.584000001,2102259.013391865,4876892.57,12867359.6,0.4981684981684982,0.0,0.0,0.14249084249084248,102.6959706959707,0.007326007326007326,10,143,1,0,0,0,0,0,0
2022-10-15,train,7984209.96,7984209.96,1177,2103436.67,259,2022,10,15,5,41,4,1,0,0,-0.8660254037844386,0.5000000000000001,-0.9749279121818236,-0.2225209339563146,Autumn,3,8755328.19,11135788.25,12867359.6,5908201.29,795.0,1431.0,8271257.380000001,2119099.314120886,4876892.57,11135788.25,8439626.059285713,2303935.570347892,4876892.57,12867359.6,8223891.544666667,2096700.6787436283,4876892.57,12867359.6,0.4749034749034749,0.0,0.0,0.13513513513513514,107.77220077220078,0.007722007722007722,10,144,1,0,0,0,0,1,0
2022-10-16,train,11477977.709999999,11477977.709999999,1360,2513469.89,282,2022,10,16,6,41,4,1,0,0,-0.8660254037844386,0.5000000000000001,-0.7818314824680299,0.6234898018587334,Autumn,3,7984209.96,10068380.75,11942107.2,7939245.13,1177.0,1291.0,7821031.909999999,1703008.5984287944,4876892.57,10068380.75,8090829.656428571,1919633.4375035628,4876892.57,11942107.2,8293091.833666667,2051406.7827209781,4876892.57,12867359.6,0.41843971631205673,0.0,0.0,0.1099290780141844,109.51773049645391,0.0070921985815602835,10,152,1,0,0,0,0,1,0
2022-10-17,train,6974751.03,6974751.03,889,1533816.81,310,2022,10,17,0,42,4,0,0,0,-0.8660254037844386,0.5000000000000001,0.0,1.0,Autumn,3,11477977.709999999,7395763.22,6316307.91,9620370.04,1360.0,697.0,8022402.904285714,2059136.2894850413,4876892.57,11477977.709999999,8057677.55,1850778.407878669,4876892.57,11477977.709999999,8411049.586333333,2130571.345346709,4876892.57,12867359.6,0.5290322580645161,0.0,0.0,0.13516129032258065,102.5516129032258,0.00967741935483871,10,158,1,0,0,0,0,0,0
2022-10-18,train,7546008.44,7546008.44,816,1951008.27,282,2022,10,18,1,42,4,0,0,0,-0.8660254037844386,0.5000000000000001,0.7818314824680298,0.6234898018587336,Autumn,3,6974751.03,8973982.959999999,7506844.46,7832835.09,889.0,850.0,7962258.305714285,2086457.4881305716,4876892.57,11477977.709999999,8104709.201428572,1811063.0803525506,4876892.57,11477977.709999999,8322862.285999999,2133540.695294289,4876892.57,12867359.6,0.5035460992907801,0.0,0.0,0.14716312056737588,102.1418439716312,0.010638297872340425,10,150,1,0,0,0,0,0,0
2022-10-19,train,8320071.16,8320071.16,807,2102487.84,287,2022,10,19,2,42,4,0,0,0,-0.8660254037844386,0.5000000000000001,0.9749279121818236,-0.22252093395631434,Autumn,3,7546008.44,4876892.57,7010535.45,7863078.49,816.0,741.0,7758261.945714286,2040351.467640716,4876892.57,11477977.709999999,8107506.628571428,1810098.5520684873,4876892.57,11477977.709999999,8313301.397666666,2136453.022341421,4876892.57,12867359.6,0.4808362369337979,0.0,0.0,0.12717770034843207,103.44250871080139,0.003484320557491289,10,152,1,0,0,0,0,0,0
2022-10-20,train,6870266.68,6870266.68,795,1418103.17,266,2022,10,20,3,42,4,0,0,0,-0.8660254037844386,0.5000000000000001,0.43388373911755823,-0.900968867902419,Autumn,3,8320071.16,6692665.72,7339403.05,6724334.54,807.0,814.0,8250144.60142857,1596762.6078008597,6692665.72,11477977.709999999,8201044.893571428,1782679.146283907,4876892.57,11477977.709999999,8328534.486666667,2134760.729034115,4876892.57,12867359.6,0.48872180451127817,0.0,0.0,0.13308270676691727,100.23308270676692,0.0037593984962406013,10,143,1,0,0,0,0,0,0
2022-10-21,train,6967744.5,6967744.5,755,1682852.45,242,2022,10,21,4,42,4,0,0,0,-0.8660254037844386,0.5000000000000001,-0.433883739117558,-0.9009688679024191,Autumn,3,6870266.68,8755328.19,7273405.5,7127167.56,795.0,795.0,8275516.167142856,1569061.3728993356,6870266.68,11477977.709999999,8167535.1528571425,1804398.6330577033,4876892.57,11477977.709999999,8333398.891333332,2131142.444070575,4876892.57,12867359.6,0.4834710743801653,0.0,0.0,0.13801652892561983,104.90495867768595,0.008264462809917356,10,133,1,0,0,0,0,0,0
2022-10-22,train,9901304.71,9901304.71,1117,2497688.54,239,2022,10,22,5,42,4,1,0,0,-0.8660254037844386,0.5000000000000001,-0.9749279121818236,-0.2225209339563146,Autumn,3,6967744.5,7984209.96,11135788.25,8056555.99,755.0,1177.0,8020147.068571428,1622512.2019117775,6870266.68,11477977.709999999,8145702.224285714,1817848.767733052,4876892.57,11477977.709999999,8328084.789333332,2134450.1520187235,4876892.57,12867359.6,0.5146443514644351,0.0,0.0,0.12719665271966527,105.40585774058577,0.0041841004184100415,10,136,1,0,0,0,0,1,0
2022-10-23,train,9241602.06,9241602.06,1263,1651514.6,267,2022,10,23,6,42,4,1,0,0,-0.8660254037844386,0.5000000000000001,-0.7818314824680299,0.6234898018587334,Autumn,3,9901304.71,11477977.709999999,10068380.75,7804238.99,1117.0,1360.0,8294017.747142857,1770484.9443104542,6870266.68,11477977.709999999,8057524.828571429,1686875.4902207276,4876892.57,11477977.709999999,8389576.413333334,2152851.377282761,4876892.57,12867359.6,0.5580524344569289,0.0,0.0,0.16404494382022472,102.19101123595506,0.0,10,144,1,0,0,0,0,1,0
2022-10-24,train,15942020.82,15942020.82,2204,3073747.4,272,2022,10,24,0,43,4,0,0,0,-0.8660254037844386,0.5000000000000001,0.0,1.0,Autumn,3,9241602.06,6974751.03,7395763.22,12339109.84,1263.0,889.0,7974535.511428571,1214738.2653968958,6870266.68,9901304.71,7998469.207857142,1624376.9782740697,4876892.57,11477977.709999999,8437488.515666667,2155368.3039484536,4876892.57,12867359.6,1.0,1.0,1.0,0.2,105.63970588235294,0.003676470588235294,10,147,1,1,1,1,0,0,1
2022-10-25,train,6057626.93,6057626.93,650,1507581.92,218,2022,10,25,1,43,4,0,0,0,-0.8660254037844386,0.5000000000000001,0.7818314824680298,0.6234898018587336,Autumn,3,15942020.82,7546008.44,8973982.959999999,12331663.15,2204.0,816.0,9255574.052857144,3158252.925303651,6870266.68,15942020.82,8608916.179285714,2657667.1090974393,4876892.57,15942020.82,8557585.548333334,2459222.0558187263,4876892.57,15942020.82,0.5504587155963303,0.0,0.0,0.15688073394495414,104.11926605504587,0.0,10,136,1,0,0,0,0,0,0
2022-10-26,train,7186553.38,7186553.38,789,1732369.85,256,2022,10,26,2,43,4,0,0,0,-0.8660254037844386,0.5000000000000001,0.9749279121818236,-0.22252093395631434,Autumn,3,6057626.93,8320071.16,4876892.57,7835177.97,650.0,807.0,9042948.122857142,3337542.807573225,6057626.93,15942020.82,8400605.034285715,2739873.9672224293,4876892.57,15942020.82,8348451.007666666,2393089.4340530536,4876892.57,15942020.82,0.49609375,0.0,0.0,0.133984375,103.5546875,0.0078125,10,144,1,0,0,0,0,0,0
2022-10-27,train,6331042.649999999,6331042.649999999,824,1528577.69,270,2022,10,27,3,43,4,0,0,0,-0.8660254037844386,0.5000000000000001,0.43388373911755823,-0.900968867902419,Autumn,3,7186553.38,6870266.68,6692665.72,5021218.32,789.0,795.0,8881017.011428572,3405271.660681451,6057626.93,15942020.82,8565580.80642857,2576015.937662934,6057626.93,15942020.82,8326830.187999999,2400804.2275569523,4876892.57,15942020.82,0.5,0.0,0.0,0.14148148148148149,107.65555555555555,0.011111111111111112,10,149,1,0,0,0,0,0,0
2022-10-28,train,7929288.16,7929288.16,819,2065067.42,280,2022,10,28,4,43,4,0,0,0,-0.8660254037844386,0.5000000000000001,-0.433883739117558,-0.9009688679024191,Autumn,3,6331042.649999999,6967744.5,8755328.19,7521872.26,824.0,755.0,8803985.007142859,3463932.383362737,6057626.93,15942020.82,8539750.587142857,2597960.213063338,6057626.93,15942020.82,8370490.999,2349988.0947245243,4876892.57,15942020.82,0.4607142857142857,0.0,0.0,0.14142857142857143,106.48571428571428,0.010714285714285714,10,149,1,0,0,0,0,0,0
2022-10-29,train,9412923.209999999,9412923.209999999,1259,2152978.7399999998,266,2022,10,29,5,43,4,1,0,0,-0.8660254037844386,0.5000000000000001,-0.9749279121818236,-0.2225209339563146,Autumn,3,7929288.16,9901304.71,7984209.96,7591914.16,819.0,1117.0,8941348.387142858,3397405.8688512254,6057626.93,15942020.82,8480747.727857143,2602064.5123118684,6057626.93,15942020.82,8384071.529,2346088.825758884,4876892.57,15942020.82,0.4924812030075188,0.0,0.0,0.13383458646616542,106.66541353383458,0.007518796992481203,10,147,1,0,0,0,0,1,0
2022-10-30,train,7574216.09,7574216.09,1180,1988884.27,255,2022,10,30,6,43,4,1,0,0,-0.8660254037844386,0.5000000000000001,-0.7818314824680299,0.6234898018587334,Autumn,3,9412923.209999999,9241602.06,11477977.709999999,7044998.69,1259.0,1263.0,8871579.601428572,3379373.5295605585,6057626.93,15942020.82,8582798.674285714,2609099.701433849,6057626.93,15942020.82,8444771.830666667,2348442.8976175054,4876892.57,15942020.82,0.43137254901960786,0.0,0.0,0.11960784313725491,105.96078431372548,0.00784313725490196,10,143,1,0,0,0,0,1,0
2022-10-31,train,6498557.34,6498557.34,751,1557046.86,254,2022,10,31,0,44,4,0,0,1,-0.8660254037844386,0.5000000000000001,0.0,1.0,Autumn,3,7574216.09,15942020.82,6974751.03,12867359.6,1180.0,2204.0,8633381.605714286,3407591.040079255,6057626.93,15942020.82,8303958.558571428,2481359.2446779246,6057626.93,15942020.82,8462412.410666667,2339536.5294634807,4876892.57,15942020.82,0.4881889763779528,0.0,0.0,0.13937007874015747,100.58267716535433,0.003937007874015748,10,144,1,0,0,0,0,0,0
2022-11-01,train,7447624.91,7447624.91,808,1870852.54,271,2022,11,1,1,44,4,0,1,0,-0.5000000000000004,0.8660254037844384,0.7818314824680298,0.6234898018587336,Autumn,3,6498557.34,6057626.93,7546008.44,11942107.2,751.0,650.0,7284315.394285714,1159846.9841413687,6057626.93,9412923.209999999,8269944.723571428,2504140.44591599,6057626.93,15942020.82,8250119.002,2211495.174240605,4876892.57,15942020.82,0.5166051660516605,0.0,0.0,0.13874538745387455,103.97047970479704,0.007380073800738007,10,156,1,0,0,0,0,0,0
2022-11-02,train,7270563.29,7270563.29,746,1762553.36,253,2022,11,2,2,44,4,0,0,0,-0.5000000000000004,0.8660254037844384,0.9749279121818236,-0.22252093395631434,Autumn,3,7447624.91,7186553.38,8320071.16,6316307.91,808.0,789.0,7482886.534285714,1026106.0768552627,6331042.649999999,9412923.209999999,8262917.328571429,2506465.280039026,6057626.93,15942020.82,8100302.925666667,2102301.616182321,4876892.57,15942020.82,0.5098814229249012,0.0,0.0,0.14150197628458497,105.18972332015811,0.0,10,146,1,0,0,0,0,0,0
2022-11-03,train,7208307.89,7208307.89,839,1611789.66,273,2022,11,3,3,44,4,0,0,0,-0.5000000000000004,0.8660254037844384,0.43388373911755823,-0.900968867902419,Autumn,3,7270563.29,6331042.649999999,6870266.68,7506844.46,746.0,824.0,7494887.95,1022547.6084790091,6331042.649999999,9412923.209999999,8187952.480714286,2520280.973044277,6057626.93,15942020.82,8132111.4383333335,2081494.544953068,4876892.57,15942020.82,0.5128205128205128,0.0,0.0,0.1446886446886447,108.58241758241758,0.003663003663003663,10,153,1,0,0,0,0,0,0
2022-11-04,train,5308383.76,5308383.76,824,1151910.3,277,2022,11,4,4,44,4,0,0,0,-0.5000000000000004,0.8660254037844384,-0.433883739117558,-0.9009688679024191,Autumn,3,7208307.89,7929288.16,6967744.5,7010535.45,839.0,819.0,7620211.555714286,902890.901036748,6498557.34,9412923.209999999,8212098.281428571,2508276.3888801737,6057626.93,15942020.82,8122160.219333333,2085297.0521738506,4876892.57,15942020.82,0.48375451263537905,0.0,0.0,0.12454873646209386,104.4332129963899,0.0036101083032490976,10,142,1,0,0,0,0,0,0
2022-11-05,train,11062499.21,11062499.21,1353,2896764.13,284,2022,11,5,5,44,4,1,0,0,-0.5000000000000004,0.8660254037844384,-0.9749279121818236,-0.2225209339563146,Autumn,3,5308383.76,9412923.209999999,9901304.71,7339403.05,824.0,1259.0,7245796.641428572,1235515.114469344,5308383.76,9412923.209999999,8093572.514285713,2608791.65136634,5308383.76,15942020.82,8065421.829666668,2139049.910492713,4876892.57,15942020.82,0.5492957746478874,0.0,0.0,0.15316901408450703,101.18661971830986,0.0035211267605633804,10,153,1,0,0,0,0,1,0
2022-11-06,train,13074994.77,13074994.77,1254,2747344.23,267,2022,11,6,6,44,4,1,0,0,-0.5000000000000004,0.8660254037844384,-0.7818314824680299,0.6234898018587334,Autumn,3,11062499.21,7574216.09,9241602.06,7273405.5,1353.0,1180.0,7481450.355714286,1762622.9418033084,5308383.76,11062499.21,8176514.978571429,2687945.1422810704,5308383.76,15942020.82,8189525.034999999,2202536.331500764,4876892.57,15942020.82,0.4756554307116105,0.0,0.0,0.13670411985018727,103.79775280898876,0.00749063670411985,10,153,1,0,0,0,0,1,0
2022-11-07,train,6879664.2700000005,6879664.2700000005,803,1556538.87,277,2022,11,7,0,45,4,0,0,0,-0.5000000000000004,0.8660254037844384,0.0,1.0,Autumn,3,13074994.77,6498557.34,15942020.82,11135788.25,1254.0,751.0,8267275.881428571,2756734.7576709967,5308383.76,13074994.77,8450328.743571429,2983759.840668515,5308383.76,15942020.82,8382911.344,2367818.827891286,4876892.57,15942020.82,0.49097472924187724,0.0,0.0,0.13501805054151625,105.63537906137184,0.007220216606498195,10,146,1,0,0,0,0,0,0
2022-11-08,train,6539816.1,6539816.1,832,1602548.55,270,2022,11,8,1,45,4,0,0,0,-0.5000000000000004,0.8660254037844384,0.7818314824680298,0.6234898018587336,Autumn,3,6879664.2700000005,7447624.91,6057626.93,10068380.75,803.0,808.0,8321719.728571429,2719493.5473001944,5308383.76,13074994.77,7803017.561428571,2079424.258656465,5308383.76,13074994.77,8241040.544666667,2324294.589648241,4876892.57,15942020.82,0.4666666666666667,0.0,0.0,0.12777777777777777,104.88148148148149,0.011111111111111112,10,150,1,0,0,0,0,0,0
2022-11-09,train,6738996.29,6738996.29,877,1562087.8800000001,288,2022,11,9,2,45,4,0,0,0,-0.5000000000000004,0.8660254037844384,0.9749279121818236,-0.22252093395631434,Autumn,3,6539816.1,7270563.29,7186553.38,7395763.22,832.0,746.0,8192032.755714285,2788885.044123221,5308383.76,13074994.77,7837459.6450000005,2052104.924846739,5308383.76,13074994.77,8123421.723,2317906.171774585,4876892.57,15942020.82,0.4375,0.0,0.0,0.12604166666666666,108.35763888888889,0.003472222222222222,10,153,1,0,0,0,0,0,0
2022-11-10,train,6468943.86,6468943.86,851,1550906.67,282,2022,11,10,3,45,4,0,0,0,-0.5000000000000004,0.8660254037844384,0.43388373911755823,-0.900968867902419,Autumn,3,6738996.29,7208307.89,6331042.649999999,8973982.959999999,877.0,839.0,8116094.612857142,2825158.4474642794,5308383.76,13074994.77,7805491.281428571,2066460.8392543378,5308383.76,13074994.77,8101529.492,2328094.902694231,4876892.57,15942020.82,0.5070921985815603,0.0,0.0,0.14078014184397164,108.28368794326241,0.0035460992907801418,10,148,1,0,0,0,0,0,0
2022-11-11,train,7686953.91,7686953.91,785,1944115.03,268,2022,11,11,4,45,4,0,0,0,-0.5000000000000004,0.8660254037844384,-0.433883739117558,-0.9009688679024191,Autumn,3,6468943.86,5308383.76,7929288.16,4876892.57,851.0,824.0,8010471.180000001,2878079.690266155,5308383.76,13074994.77,7815341.367857142,2059207.9714597012,5308383.76,13074994.77,8018028.188666667,2340613.9569220576,4876892.57,15942020.82,0.48880597014925375,0.0,0.0,0.13432835820895522,101.45522388059702,0.007462686567164179,10,147,1,0,0,0,0,0,0
2022-11-12,train,10134208.74,10134208.74,1364,2400694.71,284,2022,11,12,5,45,4,1,0,0,-0.5000000000000004,0.8660254037844384,-0.9749279121818236,-0.2225209339563146,Autumn,3,7686953.91,11062499.21,9412923.209999999,6692665.72,785.0,1353.0,8350266.915714285,2636134.0135930665,6468943.86,13074994.77,7798031.778571429,2059194.9858726407,5308383.76,13074994.77,8111696.9,2265600.3204103764,5308383.76,15942020.82,0.5070422535211268,0.0,0.0,0.13380281690140844,103.6830985915493,0.007042253521126761,10,154,1,0,0,0,0,1,0
2022-11-13,train,13946330.12,13946330.12,1348,3736971.96,288,2022,11,13,6,45,4,1,0,0,-0.5000000000000004,0.8660254037844384,-0.7818314824680299,0.6234898018587334,Autumn,3,10134208.74,13074994.77,7574216.09,8755328.19,1364.0,1254.0,8217653.991428571,2496609.578548143,6468943.86,13074994.77,7849552.173571428,2111076.637685399,5308383.76,13074994.77,8226415.000666666,2278365.240602427,5308383.76,15942020.82,0.4965277777777778,0.0,0.0,0.12361111111111112,101.5,0.013888888888888888,10,145,1,0,0,0,0,1,0
2022-11-14,train,8182102.62,8182102.62,797,2059060.32,259,2022,11,14,0,46,4,0,0,0,-0.5000000000000004,0.8660254037844384,0.0,1.0,Autumn,3,13946330.12,6879664.2700000005,6498557.34,7984209.96,1348.0,803.0,8342130.47,2784297.2278194483,6468943.86,13946330.12,8304703.175714286,2662141.9469605875,5308383.76,13946330.12,8399448.398333333,2505696.68216426,5308383.76,15942020.82,0.49034749034749037,0.0,0.0,0.1274131274131274,105.20463320463321,0.003861003861003861,10,142,1,0,0,0,0,0,0
2022-11-15,train,7387345.45,7387345.45,767,1487366.04,248,2022,11,15,1,46,4,0,0,0,-0.5000000000000004,0.8660254037844384,0.7818314824680298,0.6234898018587336,Autumn,3,8182102.62,6539816.1,7447624.91,11477977.709999999,797.0,832.0,8528193.091428572,2712880.779726028,6468943.86,13946330.12,8424956.41,2611828.316986742,5308383.76,13946330.12,8406044.820333334,2504826.175195935,5308383.76,15942020.82,0.5564516129032258,0.0,0.0,0.1560483870967742,103.25806451612904,0.0,10,141,1,0,0,0,0,0,0
2022-11-16,train,6222812.49,6222812.49,815,1312092.33,268,2022,11,16,2,46,4,0,0,0,-0.5000000000000004,0.8660254037844384,0.9749279121818236,-0.22252093395631434,Autumn,3,7387345.45,6738996.29,7270563.29,6974751.03,767.0,877.0,8649268.712857142,2626899.5631168745,6468943.86,13946330.12,8420650.734285714,2613612.4888742403,5308383.76,13946330.12,8269690.411666667,2442396.1655553933,5308383.76,15942020.82,0.48880597014925375,0.0,0.0,0.13582089552238805,109.9589552238806,0.018656716417910446,10,146,1,0,0,0,0,0,0
2022-11-17,train,6072436.91,6072436.91,759,1456803.67,258,2022,11,17,3,46,4,0,0,0,-0.5000000000000004,0.8660254037844384,0.43388373911755823,-0.900968867902419,Autumn,3,6222812.49,6468943.86,7208307.89,7546008.44,815.0,851.0,8575528.17,2695802.0849247994,6222812.49,13946330.12,8345811.39142857,2663600.685930801,5308383.76,13946330.12,8244625.793666666,2459938.785528122,5308383.76,15942020.82,0.4689922480620155,0.0,0.0,0.12674418604651164,109.80232558139535,0.003875968992248062,10,144,1,0,0,0,0,0,0
2022-11-18,train,7055195.1,7055195.1,797,1752112.54,272,2022,11,18,4,46,4,0,0,0,-0.5000000000000004,0.8660254037844384,-0.433883739117558,-0.9009688679024191,Autumn,3,6072436.91,7686953.91,5308383.76,8320071.16,759.0,785.0,8518884.319999998,2751042.287541816,6072436.91,13946330.12,8264677.75,2717665.173685668,5308383.76,13946330.12,8195506.742666666,2488910.743139686,5308383.76,15942020.82,0.4889705882352941,0.0,0.0,0.12536764705882353,103.59558823529412,0.011029411764705883,10,152,1,0,0,0,0,0,0
2022-11-19,train,10074849.17,10074849.17,1383,2300651.17,283,2022,11,19,5,46,4,1,0,0,-0.5000000000000004,0.8660254037844384,-0.9749279121818236,-0.2225209339563146,Autumn,3,7055195.1,10134208.74,11062499.21,6870266.68,797.0,1364.0,8428633.061428571,2792927.4637019974,6072436.91,13946330.12,8389449.98857143,2609441.0323273703,6072436.91,13946330.12,8153344.207333333,2497426.8682049783,5308383.76,15942020.82,0.5017667844522968,0.0,0.0,0.13286219081272085,105.75265017667844,0.01060070671378092,10,152,1,0,0,0,0,1,0
2022-11-20,train,12774753.93,12774753.93,1290,3250934.57,281,2022,11,20,6,46,4,1,0,0,-0.5000000000000004,0.8660254037844384,-0.7818314824680299,0.6234898018587334,Autumn,3,10074849.17,13946330.12,13074994.77,6967744.5,1383.0,1348.0,8420153.122857142,2786969.639240313,6072436.91,13946330.12,8318903.5571428565,2544149.783784154,6072436.91,13946330.12,8260163.623666667,2509160.2500202074,5308383.76,15942020.82,0.4804270462633452,0.0,0.0,0.13914590747330963,100.47330960854093,0.010676156583629894,10,149,1,0,0,0,0,1,0
2022-11-21,train,6891260.58,6891260.58,849,1505497.89,282,2022,11,21,0,47,4,0,0,0,-0.5000000000000004,0.8660254037844384,0.0,1.0,Autumn,3,12774753.93,8182102.62,6879664.2700000005,9901304.71,1290.0,797.0,8252785.095714286,2409392.3926491737,6072436.91,12774753.93,8297457.782857143,2501889.064952331,6072436.91,13946330.12,8453730.604666667,2627230.105610631,5308383.76,15942020.82,0.5070921985815603,0.0,0.0,0.14148936170212764,107.45744680851064,0.0,10,155,1,0,0,0,0,0,0
2022-11-22,train,5201628.38,5201628.38,781,1154079.34,264,2022,11,22,1,47,4,0,0,0,-0.5000000000000004,0.8660254037844384,0.7818314824680298,0.6234898018587336,Autumn,3,6891260.58,7387345.45,6539816.1,9241602.06,849.0,767.0,8068379.089999999,2464472.363422773,6072436.91,12774753.93,8298286.090714286,2501385.4335943423,6072436.91,13946330.12,8353395.800333333,2627517.7246405715,5308383.76,15942020.82,0.571969696969697,0.0,0.0,0.15227272727272728,102.47348484848484,0.003787878787878788,10,139,1,0,0,0,0,0,0
2022-11-23,train,6374328.98,6374328.98,712,1740348.83,242,2022,11,23,2,47,4,0,0,0,-0.5000000000000004,0.8660254037844384,0.9749279121818236,-0.22252093395631434,Autumn,3,5201628.38,6222812.49,6738996.29,15942020.82,781.0,815.0,7756133.794285715,2693006.9043744826,5201628.38,12774753.93,8202701.253571428,2597472.735475096,5201628.38,13946330.12,8218730.010999999,2683360.693128412,5201628.38,15942020.82,0.4834710743801653,0.0,0.0,0.13388429752066114,99.03719008264463,0.008264462809917356,10,145,1,0,0,0,0,0,0
2022-11-24,train,7034550.13,7034550.13,830,1443466.86,264,2022,11,24,3,47,4,0,0,0,-0.5000000000000004,0.8660254037844384,0.43388373911755823,-0.900968867902419,Autumn,3,6374328.98,6072436.91,6468943.86,6057626.93,712.0,759.0,7777779.007142857,2679202.239410739,5201628.38,12774753.93,8176653.588571429,2615048.9651016244,5201628.38,13946330.12,7899806.949666667,2270603.370704879,5201628.38,13946330.12,0.5303030303030303,0.0,0.0,0.13863636363636364,110.1780303030303,0.015151515151515152,10,147,1,0,0,0,0,0,0
2022-11-25,train,8924364.53,8924364.53,909,2099941.75,300,2022,11,25,4,47,4,0,0,0,-0.5000000000000004,0.8660254037844384,-0.433883739117558,-0.9009688679024191,Autumn,3,7034550.13,7055195.1,7686953.91,7186553.38,830.0,797.0,7915223.752857143,2600663.630904019,5201628.38,12774753.93,8217054.036428572,2590894.2800453533,5201628.38,13946330.12,7932371.056333333,2250186.0448176055,5201628.38,13946330.12,0.5033333333333333,0.0,0.0,0.141,106.19333333333333,0.006666666666666667,10,151,1,0,0,0,0,0,0
2022-11-26,train,10276182.52,10276182.52,1217,1904302.7,255,2022,11,26,5,47,4,1,0,0,-0.5000000000000004,0.8660254037844384,-0.9749279121818236,-0.2225209339563146,Autumn,3,8924364.53,10074849.17,10134208.74,6331042.649999999,909.0,1383.0,8182247.957142858,2593591.791039261,5201628.38,12774753.93,8305440.509285714,2592525.3925754647,5201628.38,13946330.12,7990298.094666666,2252691.268964738,5201628.38,13946330.12,0.5294117647058824,0.0,0.0,0.1450980392156863,97.35686274509804,0.0196078431372549,10,146,1,0,0,0,0,1,0
2022-11-27,train,15157881.85,15157881.85,1473,3761047.6,304,2022,11,27,6,47,4,1,0,0,-0.5000000000000004,0.8660254037844384,-0.7818314824680299,0.6234898018587334,Autumn,3,10276182.52,12774753.93,13946330.12,7929288.16,1217.0,1290.0,8211009.864285714,2619069.241250263,5201628.38,12774753.93,8315581.493571429,2600494.537615486,5201628.38,13946330.12,8121802.757,2267592.185965426,5201628.38,13946330.12,0.5394736842105263,0.0,0.0,0.14276315789473684,105.33223684210526,0.009868421052631578,10,154,1,0,0,0,0,1,0
2022-11-28,train,6325130.7,6325130.7,730,1651257.09,246,2022,11,28,0,48,4,0,0,0,-0.5000000000000004,0.8660254037844384,0.0,1.0,Autumn,3,15157881.85,6891260.58,8182102.62,9412923.209999999,1473.0,849.0,8551456.709999999,3360979.1293619876,5201628.38,15157881.85,8402120.902857142,2813707.2591799567,5201628.38,15157881.85,8362755.88,2605331.73638666,5201628.38,15157881.85,0.483739837398374,0.0,0.0,0.13130081300813007,101.67479674796748,0.0,10,139,1,0,0,0,0,0,0
2022-11-29,train,8318431.28,8318431.28,845,1790665.1300000001,281,2022,11,29,1,48,4,0,0,0,-0.5000000000000004,0.8660254037844384,0.7818314824680298,0.6234898018587336,Autumn,3,6325130.7,5201628.38,7387345.45,7574216.09,730.0,781.0,8470581.012857143,3413980.433747348,5201628.38,15157881.85,8269480.051428571,2868120.5444323127,5201628.38,15157881.85,8259829.4629999995,2623344.139648129,5201628.38,15157881.85,0.5409252669039146,0.0,0.0,0.15231316725978647,106.94306049822065,0.0035587188612099642,10,153,1,0,0,0,0,0,0
2022-11-30,train,7903041.87,7903041.87,817,2104852.9,276,2022,11,30,2,48,4,0,0,1,-0.5000000000000004,0.8660254037844384,0.9749279121818236,-0.22252093395631434,Autumn,3,8318431.28,6374328.98,6222812.49,6498557.34,845.0,712.0,8915838.569999998,3105932.296752278,6325130.7,15157881.85,8335986.1821428565,2856865.0488840183,5201628.38,15157881.85,8284636.635999999,2620154.0253258804,5201628.38,15157881.85,0.4492753623188406,0.0,0.0,0.11992753623188407,101.01449275362319,0.007246376811594203,10,149,1,0,0,0,0,0,0
2022-12-01,train,5940014.91,5940014.91,924,1332040.8900000001,278,2022,12,1,3,48,4,0,1,0,-2.4492935982947064e-16,1.0,0.43388373911755823,-0.900968867902419,Winter,0,7903041.87,7034550.13,6072436.91,7447624.91,817.0,830.0,9134226.125714285,2947132.1336763455,6325130.7,15157881.85,8456002.566428572,2795904.91016979,5201628.38,15157881.85,8331452.7870000005,2599607.3253243202,5201628.38,15157881.85,0.5035971223021583,0.0,0.0,0.129136690647482,107.78776978417267,0.0035971223021582736,10,151,1,0,0,0,0,0,0
2022-12-02,train,7436062.14,7436062.14,959,1603142.33,294,2022,12,2,4,48,4,0,0,0,-2.4492935982947064e-16,1.0,-0.433883739117558,-0.9009688679024191,Winter,0,5940014.91,8924364.53,7055195.1,7270563.29,924.0,909.0,8977863.951428572,3102061.921176269,5940014.91,15157881.85,8446543.852142857,2804798.794020185,5201628.38,15157881.85,8281199.120333333,2631656.418221989,5201628.38,15157881.85,0.5,0.0,0.0,0.13401360544217686,106.56122448979592,0.006802721088435374,10,157,1,0,0,0,0,0,0
2022-12-03,train,14724219.9,14724219.9,1602,3572503.87,307,2022,12,3,5,48,4,1,0,0,-2.4492935982947064e-16,1.0,-0.9749279121818236,-0.2225209339563146,Winter,0,7436062.14,10276182.52,10074849.17,7208307.89,959.0,1217.0,8765249.324285714,3156859.8521520416,5940014.91,15157881.85,8473748.640714286,2792083.75600858,5201628.38,15157881.85,8286715.748666667,2629637.5018427074,5201628.38,15157881.85,0.504885993485342,0.0,0.0,0.13159609120521173,103.43973941368078,0.0,10,158,1,0,0,0,0,1,0
2022-12-04,train,10221081.85,10221081.85,1515,2501433.84,290,2022,12,4,6,48,4,1,0,0,-2.4492935982947064e-16,1.0,-0.7818314824680299,0.6234898018587334,Winter,0,14724219.9,15157881.85,12774753.93,5308383.76,1602.0,1473.0,9400683.235714287,3877167.397438058,5940014.91,15157881.85,8805846.55,3238058.937396829,5201628.38,15157881.85,8537246.149,2870361.866444919,5201628.38,15157881.85,0.45517241379310347,0.0,0.0,0.12448275862068967,106.6103448275862,0.0,10,154,1,0,0,0,0,1,0
2022-12-05,train,6394524.33,6394524.33,833,1628880.7,250,2022,12,5,0,49,4,0,0,0,-2.4492935982947064e-16,1.0,0.0,1.0,Winter,0,10221081.85,6325130.7,6891260.58,11062499.21,1515.0,730.0,8695426.092857143,3006674.9825921017,5940014.91,14724219.9,8623441.401428571,3064564.1689745383,5201628.38,15157881.85,8701002.752,2819486.4027041495,5201628.38,15157881.85,0.492,0.0,0.0,0.1396,98.256,0.024,10,144,1,0,0,0,0,0,0
2022-12-06,train,6694291.41,6694291.41,853,1772095.18,263,2022,12,6,1,49,4,0,0,0,-2.4492935982947064e-16,1.0,0.7818314824680298,0.6234898018587336,Winter,0,6394524.33,8318431.28,5201628.38,13074994.77,833.0,845.0,8705339.468571428,2997658.181910902,5940014.91,14724219.9,8587960.240714286,3088940.4734331667,5201628.38,15157881.85,8545403.589333333,2813467.9047659924,5201628.38,15157881.85,0.5095057034220533,0.0,0.0,0.14638783269961977,102.77566539923954,0.0076045627376425855,10,156,1,0,0,0,0,0,0
2022-12-07,train,5823319.84,5823319.84,788,1456446.38,239,2022,12,7,2,49,4,0,0,0,-2.4492935982947064e-16,1.0,0.9749279121818236,-0.22252093395631434,Winter,0,6694291.41,7903041.87,6374328.98,6879664.2700000005,853.0,817.0,8473319.487142857,3093905.592679739,5940014.91,14724219.9,8694579.028571429,2987149.200208325,5940014.91,15157881.85,8332713.477333333,2698050.0967175364,5201628.38,15157881.85,0.49372384937238495,0.0,0.0,0.12887029288702928,106.00418410041841,0.0041841004184100415,10,149,1,0,0,0,0,0,0
2022-12-08,train,8299126.37,8299126.37,976,1761727.32,281,2022,12,8,3,49,4,0,0,0,-2.4492935982947064e-16,1.0,0.43388373911755823,-0.900968867902419,Winter,0,5823319.84,5940014.91,7034550.13,6539816.1,788.0,924.0,8176216.339999999,3253533.9890504116,5823319.84,14724219.9,8655221.232857142,3023480.762947279,5823319.84,15157881.85,8297501.996333333,2724431.3825207786,5201628.38,15157881.85,0.5444839857651246,0.0,0.0,0.1516014234875445,103.95017793594306,0.0035587188612099642,10,149,1,0,0,0,0,0,0
2022-12-09,train,6915259.74,6915259.74,869,1580138.81,258,2022,12,9,4,49,4,0,0,0,-2.4492935982947064e-16,1.0,-0.433883739117558,-0.9009688679024191,Winter,0,8299126.37,7436062.14,8924364.53,6738996.29,976.0,959.0,8513232.262857143,3101944.3478127117,5823319.84,14724219.9,8745548.107142856,2990043.3559954283,5823319.84,15157881.85,8356145.672,2704151.5648925127,5201628.38,15157881.85,0.5038759689922481,0.0,0.0,0.12945736434108526,107.02713178294573,0.011627906976744186,10,151,1,0,0,0,0,0,0
2022-12-10,train,12630114.67,12630114.67,1543,2952976.3,284,2022,12,10,5,49,4,1,0,0,-2.4492935982947064e-16,1.0,-0.9749279121818236,-0.2225209339563146,Winter,0,6915259.74,14724219.9,10276182.52,6468943.86,869.0,1602.0,8438831.92,3138121.127221216,5823319.84,14724219.9,8602040.622142857,3028763.76326689,5823319.84,15157881.85,8362021.1203333335,2700706.034188398,5201628.38,15157881.85,0.5316901408450704,0.0,0.0,0.14507042253521127,104.75352112676056,0.01056338028169014,10,151,1,0,0,0,0,1,0
2022-12-11,train,12048926.07,12048926.07,1469,2204132.14,275,2022,12,11,6,49,4,1,0,0,-2.4492935982947064e-16,1.0,-0.7818314824680299,0.6234898018587334,Winter,0,12630114.67,10221081.85,15157881.85,7686953.91,1543.0,1515.0,8139674.030000001,2467154.4399688262,5823319.84,12630114.67,8770178.632857142,3189902.013320545,5823319.84,15157881.85,8567393.480666665,2784737.5054491265,5201628.38,15157881.85,0.5418181818181819,0.0,0.0,0.14909090909090908,103.68363636363637,0.007272727272727273,10,154,1,0,0,0,0,1,0
2022-12-12,train,7456906.1,7456906.1,897,1906510.54,278,2022,12,12,0,50,4,0,0,0,-2.4492935982947064e-16,1.0,0.0,1.0,Winter,0,12048926.07,6394524.33,6325130.7,10134208.74,1469.0,833.0,8400794.632857144,2798625.00162666,5823319.84,12630114.67,8548110.362857142,2794750.643126484,5823319.84,14724219.9,8712792.552666666,2850286.1010797047,5201628.38,15157881.85,0.4892086330935252,0.0,0.0,0.1305755395683453,101.42086330935251,0.014388489208633094,10,151,1,0,0,0,0,0,0
2022-12-13,train,7599129.49,7599129.49,923,1849007.85,274,2022,12,13,1,50,4,0,0,0,-2.4492935982947064e-16,1.0,0.7818314824680298,0.6234898018587336,Winter,0,7456906.1,6694291.41,8318431.28,13946330.12,897.0,853.0,8552563.457142858,2698715.126393056,5823319.84,12630114.67,8628951.462857144,2741361.2457743976,5823319.84,14724219.9,8623549.131333333,2846157.058446961,5201628.38,15157881.85,0.4744525547445255,0.0,0.0,0.12737226277372263,105.87226277372262,0.010948905109489052,10,150,1,0,0,0,0,0,0
2022-12-14,train,6302950.82,6302950.82,887,1235376.07,267,2022,12,14,2,50,4,0,0,0,-2.4492935982947064e-16,1.0,0.9749279121818236,-0.22252093395631434,Winter,0,7599129.49,5823319.84,7903041.87,8182102.62,923.0,788.0,8681826.040000001,2615252.6844697385,5823319.84,12630114.67,8577572.763571428,2754338.57702147,5823319.84,14724219.9,8411975.777,2667119.262550687,5201628.38,15157881.85,0.5318352059925093,0.0,0.0,0.1408239700374532,102.79026217228464,0.003745318352059925,10,145,1,0,0,0,0,0,0
2022-12-15,train,7002252.77,7002252.77,1014,1718931.59,277,2022,12,15,3,50,4,0,0,0,-2.4492935982947064e-16,1.0,0.43388373911755823,-0.900968867902419,Winter,0,6302950.82,8299126.37,5940014.91,7387345.45,887.0,976.0,8750344.75142857,2532864.173945437,6302950.82,12630114.67,8463280.545714285,2816967.6558615165,5823319.84,14724219.9,8349337.383666666,2694628.54717816,5201628.38,15157881.85,0.48375451263537905,0.0,0.0,0.13393501805054153,102.32129963898917,0.007220216606498195,10,155,1,0,0,0,0,0,0
2022-12-16,train,6850265.46,6850265.46,854,1665826.1300000001,271,2022,12,16,4,50,4,0,0,0,-2.4492935982947064e-16,1.0,-0.433883739117558,-0.9009688679024191,Winter,0,7002252.77,6915259.74,7436062.14,6222812.49,1014.0,869.0,8565077.094285714,2617389.423205601,6302950.82,12630114.67,8539154.67857143,2757453.178076933,5823319.84,14724219.9,8336500.960999999,2700280.52485413,5201628.38,15157881.85,0.5018450184501845,0.0,0.0,0.11918819188191881,102.3210332103321,0.0,10,144,1,0,0,0,0,0,0
2022-12-17,train,13242835.33,13242835.33,1526,3142839.95,276,2022,12,17,5,50,4,1,0,0,-2.4492935982947064e-16,1.0,-0.9749279121818236,-0.2225209339563146,Winter,0,6850265.46,12630114.67,14724219.9,6072436.91,854.0,1543.0,8555792.197142856,2624323.485193405,6302950.82,12630114.67,8497312.05857143,2779833.237344697,5823319.84,14724219.9,8357416.0600000005,2685735.1542554153,5201628.38,15157881.85,0.532608695652174,0.0,0.0,0.14891304347826087,102.81521739130434,0.014492753623188406,10,153,1,0,0,0,0,1,0
2022-12-18,train,13271039.76,13271039.76,1579,3158729.55,276,2022,12,18,6,50,4,1,0,0,-2.4492935982947064e-16,1.0,-0.7818314824680299,0.6234898018587334,Winter,0,13242835.33,12048926.07,10221081.85,7055195.1,1526.0,1469.0,8643323.719999999,2787982.5404045796,6302950.82,13242835.33,8391498.875,2542651.653345413,5823319.84,13242835.33,8596429.340666667,2792319.500065892,5201628.38,15157881.85,0.5072463768115942,0.0,0.0,0.13369565217391305,103.02536231884058,0.0036231884057971015,10,150,1,0,0,0,0,1,0
2022-12-19,train,7320005.03,7320005.03,983,1661153.17,290,2022,12,19,0,51,4,0,0,0,-2.4492935982947064e-16,1.0,0.0,1.0,Winter,0,13271039.76,7456906.1,6394524.33,10074849.17,1579.0,897.0,8817911.39,3061626.535915731,6302950.82,13271039.76,8609353.01142857,2826306.4512476386,5823319.84,13271039.76,8803624.162666667,2902454.8841604986,5201628.38,15157881.85,0.49310344827586206,0.0,0.0,0.14241379310344826,105.04827586206896,0.0,10,154,1,0,0,0,0,0,0
2022-12-20,train,6624488.61,6624488.61,904,1552592.07,279,2022,12,20,1,51,4,0,0,0,-2.4492935982947064e-16,1.0,0.7818314824680298,0.6234898018587336,Winter,0,7320005.03,7599129.49,6694291.41,12774753.93,983.0,923.0,8798354.094285715,3072188.4957836117,6302950.82,13271039.76,8675458.775714286,2780977.6719273822,5823319.84,13271039.76,8711796.024666667,2904427.219849721,5201628.38,15157881.85,0.4767025089605735,0.0,0.0,0.12329749103942651,101.58781362007169,0.014336917562724014,10,145,1,0,0,0,0,0,0
2022-12-21,train,6585311.87,6585311.87,957,1583651.17,283,2022,12,21,2,51,4,0,0,0,-2.4492935982947064e-16,1.0,0.9749279121818236,-0.22252093395631434,Winter,0,6624488.61,6302950.82,5823319.84,6891260.58,904.0,887.0,8659119.682857143,3156525.0108496044,6302950.82,13271039.76,8670472.86142857,2784862.7229219517,5823319.84,13271039.76,8506787.180666666,2823690.378809023,5201628.38,15157881.85,0.5335689045936396,0.0,0.0,0.15512367491166076,106.58657243816255,0.0035335689045936395,10,153,1,0,0,0,0,0,0
2022-12-22,train,8992385.459999999,8992385.459999999,906,1900042.43,281,2022,12,22,3,51,4,0,0,0,-2.4492935982947064e-16,1.0,0.43388373911755823,-0.900968867902419,Winter,0,6585311.87,7002252.77,8299126.37,5201628.38,957.0,1014.0,8699456.975714285,3123023.5968453996,6585311.87,13271039.76,8724900.86357143,2731879.141102291,6302950.82,13271039.76,8496588.890333334,2830271.184303412,5201628.38,15157881.85,0.4483985765124555,0.0,0.0,0.12526690391459075,105.26690391459074,0.0,10,148,1,0,0,0,0,0,0
2022-12-23,train,8807489.89,8807489.89,930,2078323.7,265,2022,12,23,4,51,4,0,0,0,-2.4492935982947064e-16,1.0,-0.433883739117558,-0.9009688679024191,Winter,0,8992385.459999999,6850265.46,6915259.74,6374328.98,906.0,854.0,8983761.645714287,3032027.904501209,6585311.87,13271039.76,8774419.370000001,2729850.1265695468,6302950.82,13271039.76,8622947.459666668,2761887.592638643,5823319.84,15157881.85,0.4830188679245283,0.0,0.0,0.12716981132075472,102.08301886792452,0.007547169811320755,10,144,1,0,0,0,0,0,0
2022-12-24,train,12683212.4,12683212.4,1413,3212957.56,263,2022,12,24,5,51,4,1,0,0,-2.4492935982947064e-16,1.0,-0.9749279121818236,-0.2225209339563146,Winter,0,8807489.89,13242835.33,12630114.67,7034550.13,930.0,1526.0,9263365.135714287,2889382.236687391,6585311.87,13271039.76,8909578.666428572,2677052.4679440516,6302950.82,13271039.76,8704052.823333332,2729109.3507223004,5823319.84,15157881.85,0.4790874524714829,0.0,0.0,0.13269961977186312,107.5703422053232,0.0038022813688212928,10,156,1,0,0,0,0,1,0
2022-12-25,train,23456536.279999997,23456536.279999997,3713,4599997.55,285,2022,12,25,6,51,4,1,0,0,-2.4492935982947064e-16,1.0,-0.7818314824680299,0.6234898018587334,Winter,0,12683212.4,13271039.76,12048926.07,8924364.53,1413.0,1579.0,9183419.002857143,2766032.382698795,6585311.87,13271039.76,8913371.361428572,2682760.503193152,6302950.82,13271039.76,8892341.565666666,2803790.474835953,5823319.84,15157881.85,1.0,1.0,1.0,0.2,100.22105263157894,0.0,10,150,1,1,1,1,0,1,1
2022-12-26,train,9932279.95,9932279.95,1068,2793723.97,316,2022,12,26,0,52,4,0,0,0,-2.4492935982947064e-16,1.0,0.0,1.0,Winter,0,23456536.279999997,7320005.03,7456906.1,10276182.52,3713.0,983.0,10638489.934285713,6029071.574425308,6585311.87,23456536.279999997,9728200.662142856,4689926.50750601,6302950.82,23456536.279999997,9376747.290666668,3864298.4142239173,5823319.84,23456536.279999997,0.4936708860759494,0.0,0.0,0.13449367088607594,107.75632911392405,0.0,10,155,1,0,0,0,0,0,0
2022-12-27,train,7444518.47,7444518.47,861,1374720.81,257,2022,12,27,1,52,4,0,0,0,-2.4492935982947064e-16,1.0,0.7818314824680298,0.6234898018587336,Winter,0,9932279.95,6624488.61,7599129.49,15157881.85,1068.0,904.0,11011672.065714285,5868130.884371233,6585311.87,23456536.279999997,9905013.08,4644148.766315371,6302950.82,23456536.279999997,9365283.871666668,3862047.675983852,5823319.84,23456536.279999997,0.5252918287937743,0.0,0.0,0.1443579766536965,99.24124513618678,0.007782101167315175,10,149,1,0,0,0,0,0,0
2022-12-28,train,7534590.71,7534590.71,1093,1863246.36,333,2022,12,28,2,52,4,0,0,0,-2.4492935982947064e-16,1.0,0.9749279121818236,-0.22252093395631434,Winter,0,7444518.47,6585311.87,6302950.82,6325130.7,861.0,957.0,11128819.188571427,5773371.378135386,6585311.87,23456536.279999997,9893969.435714286,4650233.724926686,6302950.82,23456536.279999997,9108171.759,3717149.9303245693,5823319.84,23456536.279999997,0.48348348348348347,0.0,0.0,0.12912912912912913,102.1891891891892,0.012012012012012012,10,164,1,0,0,0,0,0,0
2022-12-29,train,6748224.3100000005,6748224.3100000005,961,1390050.92,276,2022,12,29,3,52,4,0,0,0,-2.4492935982947064e-16,1.0,0.43388373911755823,-0.900968867902419,Winter,0,7534590.71,8992385.459999999,7002252.77,8318431.28,1093.0,906.0,11264430.451428572,5658874.875202712,7444518.47,23456536.279999997,9981943.71357143,4588310.0516994065,6585311.87,23456536.279999997,9148487.092666667,3692401.2583565544,5823319.84,23456536.279999997,0.4673913043478261,0.0,0.0,0.1289855072463768,101.39492753623189,0.014492753623188406,10,154,1,0,0,0,0,0,0
2022-12-30,train,8370280.7700000005,8370280.7700000005,891,1834525.06,276,2022,12,30,4,52,4,0,0,0,-2.4492935982947064e-16,1.0,-0.433883739117558,-0.9009688679024191,Winter,0,6748224.3100000005,8807489.89,6850265.46,7903041.87,961.0,930.0,10943836.001428572,5868725.769966438,6748224.3100000005,23456536.279999997,9963798.823571429,4601483.309678144,6585311.87,23456536.279999997,9096146.860333333,3715629.0055737616,5823319.84,23456536.279999997,0.572463768115942,0.0,0.0,0.15507246376811593,106.06884057971014,0.007246376811594203,10,148,1,0,0,0,0,0,0
2022-12-31,train,12820165.77,12820165.77,1322,3084099.17,244,2022,12,31,5,52,4,1,0,1,-2.4492935982947064e-16,1.0,-0.9749279121818236,-0.2225209339563146,Winter,0,8370280.7700000005,12683212.4,13242835.33,5940014.91,891.0,1413.0,10881377.555714285,5897507.346296387,6748224.3100000005,23456536.279999997,10072371.345714286,4539888.259598196,6585311.87,23456536.279999997,9111721.490333332,3711432.353366811,5823319.84,23456536.279999997,0.46311475409836067,0.0,0.0,0.11311475409836066,107.23360655737704,0.004098360655737705,10,139,1,0,0,0,0,1,0
2023-01-01,train,10639801.31,10639801.31,1404,2170815.83,262,2023,1,1,6,52,1,1,1,0,0.49999999999999994,0.8660254037844387,-0.7818314824680299,0.6234898018587334,Winter,0,12820165.77,23456536.279999997,13271039.76,7436062.14,1322.0,3713.0,10900942.322857143,5904703.899867979,6748224.3100000005,23456536.279999997,10042180.662857143,4518537.731178864,6585311.87,23456536.279999997,9341059.852333333,3721244.35579263,5823319.84,23456536.279999997,0.4770992366412214,0.0,0.0,0.13435114503816795,104.00381679389314,0.007633587786259542,10,142,1,0,0,0,0,1,0
2023-01-02,train,7794134.68,7794134.68,962,1515051.9,288,2023,1,2,0,1,1,0,0,0,0.49999999999999994,0.8660254037844387,0.0,1.0,Winter,0,10639801.31,9932279.95,7320005.03,14724219.9,1404.0,1068.0,9069980.184285713,2166082.001082324,6748224.3100000005,12820165.77,9854235.059285715,4427714.044994977,6585311.87,23456536.279999997,9447851.158,3710645.025770215,5823319.84,23456536.279999997,0.4826388888888889,0.0,0.0,0.1284722222222222,105.03125,0.006944444444444444,10,142,1,0,0,0,0,0,0
2023-01-03,train,9506831.6,9506831.6,1156,2438173.25,334,2023,1,3,1,1,1,0,0,0,0.49999999999999994,0.8660254037844387,0.7818314824680298,0.6234898018587336,Winter,0,7794134.68,7444518.47,6624488.61,10221081.85,962.0,861.0,8764530.860000001,2174955.679601537,6748224.3100000005,12820165.77,9888101.462857144,4408611.383509488,6585311.87,23456536.279999997,9216848.317333333,3584408.528263214,5823319.84,23456536.279999997,0.47604790419161674,0.0,0.0,0.12934131736526946,103.25449101796407,0.0029940119760479044,10,156,1,0,0,0,0,0,0
2023-01-04,train,6181673.59,6181673.59,918,1324059.96,275,2023,1,4,2,1,1,0,0,0,0.49999999999999994,0.8660254037844387,0.9749279121818236,-0.22252093395631434,Winter,0,9506831.6,7534590.71,6585311.87,6394524.33,1156.0,1093.0,9059147.021428572,2104898.261603653,6748224.3100000005,12820165.77,10093983.105,4310692.275721199,6585311.87,23456536.279999997,9193039.975666666,3579877.4330261266,5823319.84,23456536.279999997,0.509090909090909,0.0,0.0,0.1421818181818182,96.25090909090909,0.007272727272727273,10,147,1,0,0,0,0,0,0
2023-01-05,train,7420867.2,7420867.2,817,2008999.82,253,2023,1,5,3,1,1,0,0,0,0.49999999999999994,0.8660254037844387,0.43388373911755823,-0.900968867902419,Winter,0,6181673.59,6748224.3100000005,8992385.459999999,6694291.41,918.0,961.0,8865873.147142857,2319399.276346619,6181673.59,12820165.77,10065151.799285714,4337232.697458189,6181673.59,23456536.279999997,9185944.951000001,3585821.1108794515,5823319.84,23456536.279999997,0.4901185770750988,0.0,0.0,0.1375494071146245,104.01185770750988,0.007905138339920948,10,151,1,0,0,0,0,0,0
2023-01-06,train,7653362.54,7653362.54,914,1817013.1099999999,275,2023,1,6,4,1,1,0,0,0,0.49999999999999994,0.8660254037844387,-0.433883739117558,-0.9009688679024191,Winter,0,7420867.2,8370280.7700000005,8807489.89,5823319.84,817.0,891.0,8961964.98857143,2229224.383599412,6181673.59,12820165.77,9952900.495000001,4387181.025736993,6181673.59,23456536.279999997,9210164.144,3570834.168732527,5823319.84,23456536.279999997,0.48363636363636364,0.0,0.0,0.1290909090909091,105.83636363636364,0.0036363636363636364,10,151,1,0,0,0,0,0,0
2023-01-07,train,11417539.7,11417539.7,1544,2740057.35,283,2023,1,7,5,1,1,1,0,0,0.49999999999999994,0.8660254037844387,-0.9749279121818236,-0.2225209339563146,Winter,0,7653362.54,12820165.77,12683212.4,8299126.37,914.0,1322.0,8859548.098571429,2276897.5139066195,6181673.59,12820165.77,9870462.827142859,4421072.019048026,6181673.59,23456536.279999997,9271165.567333333,3526335.0362187983,6181673.59,23456536.279999997,0.5053003533568905,0.0,0.0,0.13992932862190813,100.62897526501767,0.014134275618374558,10,147,1,0,0,0,0,1,0
2023-01-08,train,10557462.61,10557462.61,1569,2521060.08,303,2023,1,8,6,1,1,1,0,0,0.49999999999999994,0.8660254037844387,-0.7818314824680299,0.6234898018587334,Winter,0,11417539.7,10639801.31,23456536.279999997,6915259.74,1544.0,1404.0,8659172.945714286,1900936.217305134,6181673.59,11417539.7,9780057.634285714,4371796.626588926,6181673.59,23456536.279999997,9375112.678333335,3542617.561877354,6181673.59,23456536.279999997,0.5214521452145214,0.0,0.0,0.13432343234323432,101.87458745874588,0.013201320132013201,10,155,1,0,0,0,0,1,0
2023-01-09,train,7184780.64,7184780.64,867,1727331.91,255,2023,1,9,0,2,1,0,0,0,0.49999999999999994,0.8660254037844387,0.0,1.0,Winter,0,10557462.61,7794134.68,9932279.95,12630114.67,1569.0,962.0,8647410.274285715,1886840.2786413862,6181673.59,11417539.7,8858695.229285713,1963854.9900647623,6181673.59,12820165.77,9496519.440666666,3517733.024540834,6181673.59,23456536.279999997,0.5019607843137255,0.0,0.0,0.14431372549019605,111.83529411764705,0.00784313725490196,10,149,1,0,0,0,0,0,0
2023-01-10,train,10601561.82,10601561.82,1013,2781974.41,292,2023,1,10,1,2,1,0,0,0,0.49999999999999994,0.8660254037844387,0.7818314824680298,0.6234898018587336,Winter,0,7184780.64,9506831.6,7444518.47,12048926.07,867.0,1156.0,8560359.697142858,1945899.920732558,6181673.59,11417539.7,8662445.278571429,1985479.0699074445,6181673.59,12820165.77,9315008.306333333,3490851.3524937145,6181673.59,23456536.279999997,0.5102739726027398,0.0,0.0,0.14520547945205478,104.9417808219178,0.00684931506849315,10,155,1,0,0,0,0,0,0
2023-01-11,train,6874307.05,6874307.05,907,1351907.48,279,2023,1,11,2,2,1,0,0,0,0.49999999999999994,0.8660254037844387,0.9749279121818236,-0.22252093395631434,Winter,0,10601561.82,6181673.59,7534590.71,7456906.1,1013.0,918.0,8716749.728571428,2074393.5322156476,6181673.59,11417539.7,8887948.375,2015565.5243961741,6181673.59,12820165.77,9266762.831333334,3461643.7027571327,6181673.59,23456536.279999997,0.4982078853046595,0.0,0.0,0.13046594982078852,100.90322580645162,0.0035842293906810036,10,143,1,0,0,0,0,0,0
2023-01-12,train,8281855.14,8281855.14,1011,1861527.1,306,2023,1,12,3,2,1,0,0,0,0.49999999999999994,0.8660254037844387,0.43388373911755823,-0.900968867902419,Winter,0,6874307.05,7420867.2,6748224.3100000005,7599129.49,907.0,817.0,8815697.365714286,1945854.5984640776,6874307.05,11417539.7,8840785.256428571,2056969.2111029925,6181673.59,12820165.77,9247342.863,3473760.1898592887,6181673.59,23456536.279999997,0.5065359477124183,0.0,0.0,0.13725490196078433,102.75816993464052,0.0032679738562091504,10,157,1,0,0,0,0,0,0
2023-01-13,train,6605151.42,6605151.42,913,1551861.88,276,2023,1,13,4,2,1,0,0,0,0.49999999999999994,0.8660254037844387,-0.433883739117558,-0.9009688679024191,Winter,0,8281855.14,7653362.54,8370280.7700000005,6302950.82,1011.0,914.0,8938695.642857144,1868673.1927444758,6874307.05,11417539.7,8950330.315714287,1976208.106467296,6181673.59,12820165.77,9270100.384666665,3464814.807806405,6181673.59,23456536.279999997,0.5,0.0,0.0,0.13731884057971014,103.1086956521739,0.014492753623188406,10,147,1,0,0,0,0,0,0
2023-01-14,train,12312710.66,12312710.66,1623,2523379.21,307,2023,1,14,5,2,1,1,0,0,0.49999999999999994,0.8660254037844387,-0.9749279121818236,-0.2225209339563146,Winter,0,6605151.42,11417539.7,12820165.77,7002252.77,913.0,1544.0,8788951.197142856,2024352.598950451,6605151.42,11417539.7,8824249.647857143,2070136.3413105437,6181673.59,12820165.77,9280173.738,3456319.749891427,6181673.59,23456536.279999997,0.5504885993485342,0.0,0.0,0.15342019543973942,101.38110749185668,0.009771986970684038,10,157,1,0,0,0,0,1,0
2023-01-15,train,10222958.63,10222958.63,1326,2073967.65,250,2023,1,15,6,2,1,1,0,0,0.49999999999999994,0.8660254037844387,-0.7818314824680299,0.6234898018587334,Winter,0,12312710.66,10557462.61,10639801.31,6850265.46,1623.0,1569.0,8916832.762857143,2235357.8401097357,6605151.42,12312710.66,8788002.854285713,1997973.1862451637,6181673.59,12312710.66,9457189.000999998,3471586.9586767843,6181673.59,23456536.279999997,0.544,0.0,0.0,0.15480000000000002,103.404,0.0,10,143,1,0,0,0,0,1,0
2023-01-16,train,8793060.53,8793060.53,1039,2100798.42,292,2023,1,16,0,3,1,0,0,0,0.49999999999999994,0.8660254037844387,0.0,1.0,Winter,0,10222958.63,7184780.64,7794134.68,13242835.33,1326.0,867.0,8869046.48,2197698.107252183,6605151.42,12312710.66,8758228.377142856,1971180.5984706539,6181673.59,12312710.66,9569612.106666667,3438708.400635501,6181673.59,23456536.279999997,0.5171232876712328,0.0,0.0,0.15753424657534246,105.26369863013699,0.00684931506849315,10,145,1,0,0,0,0,0,0
2023-01-17,train,6914329.28,6914329.28,893,1454503.55,251,2023,1,17,1,3,1,0,0,0,0.49999999999999994,0.8660254037844387,0.7818314824680298,0.6234898018587336,Winter,0,8793060.53,10601561.82,9506831.6,13271039.76,1039.0,1013.0,9098800.75,2072790.99671766,6605151.42,12312710.66,8829580.223571429,1951580.2234519112,6181673.59,12312710.66,9421286.28,3370087.4615199803,6181673.59,23456536.279999997,0.4860557768924303,0.0,0.0,0.14143426294820718,100.78486055776892,0.00796812749003984,10,146,1,0,0,0,0,0,0
2023-01-18,train,7152510.68,7152510.68,855,1460710.45,262,2023,1,18,2,3,1,0,0,0,0.49999999999999994,0.8660254037844387,0.9749279121818236,-0.22252093395631434,Winter,0,6914329.28,6874307.05,6181673.59,7320005.03,893.0,907.0,8572053.244285714,2095636.7100376994,6605151.42,12312710.66,8644401.486428572,2004650.175423121,6181673.59,12312710.66,9209395.930666666,3319142.5013791933,6181673.59,23456536.279999997,0.5114503816793893,0.0,0.0,0.1316793893129771,106.2824427480916,0.003816793893129771,10,148,1,0,0,0,0,0,0
2023-01-19,train,8843889.0,8843889.0,979,2250616.62,283,2023,1,19,3,3,1,0,0,0,0.49999999999999994,0.8660254037844387,0.43388373911755823,-0.900968867902419,Winter,0,7152510.68,8281855.14,7420867.2,6624488.61,855.0,1011.0,8611796.62,2060415.0683361858,6605151.42,12312710.66,8713746.992857143,1928241.0584321148,6605151.42,12312710.66,9203812.785666667,3322569.3485564357,6181673.59,23456536.279999997,0.4628975265017668,0.0,0.0,0.11908127208480566,102.84452296819788,0.014134275618374558,10,150,1,0,0,0,0,0,0
2023-01-20,train,6773591.84,6773591.84,867,1618072.01,267,2023,1,20,4,3,1,0,0,0,0.49999999999999994,0.8660254037844387,-0.433883739117558,-0.9009688679024191,Winter,0,8843889.0,6605151.42,7653362.54,6585311.87,979.0,913.0,8692087.171428572,2056361.7145762306,6605151.42,12312710.66,8815391.407142857,1892012.2193940305,6605151.42,12312710.66,9277792.798666665,3287683.315259531,6181673.59,23456536.279999997,0.49063670411985016,0.0,0.0,0.12284644194756553,102.84644194756554,0.003745318352059925,10,154,1,0,0,0,0,0,0
2023-01-21,train,10185246.66,10185246.66,1482,2295167.97,273,2023,1,21,5,3,1,1,0,0,0.49999999999999994,0.8660254037844387,-0.9749279121818236,-0.2225209339563146,Winter,0,6773591.84,12312710.66,11417539.7,8992385.459999999,867.0,1623.0,8716150.088571427,2028669.9807715511,6773591.84,12312710.66,8752550.642857144,1947376.5788777224,6605151.42,12312710.66,9284068.797666667,3282541.9770769277,6181673.59,23456536.279999997,0.5054945054945055,0.0,0.0,0.14065934065934066,103.27472527472527,0.0,10,151,1,0,0,0,0,1,0
2023-01-22,train,9186989.22,9186989.22,1332,1502105.84,260,2023,1,22,6,3,1,1,0,0,0.49999999999999994,0.8660254037844387,-0.7818314824680299,0.6234898018587334,Winter,0,10185246.66,10222958.63,10557462.61,8807489.89,1482.0,1326.0,8412226.66,1487134.9403292374,6773591.84,10222958.63,8664529.711428571,1842689.6237079364,6605151.42,12312710.66,9323830.837666666,3286109.663428304,6181673.59,23456536.279999997,0.5,0.0,0.0,0.13384615384615384,104.42692307692307,0.0038461538461538464,10,142,1,0,0,0,0,1,0
2023-01-23,train,7583439.14,7583439.14,956,1785905.24,281,2023,1,23,0,4,1,0,0,0,0.49999999999999994,0.8660254037844387,0.0,1.0,Winter,0,9186989.22,8793060.53,7184780.64,12683212.4,1332.0,1039.0,8264231.03,1318939.5864476578,6773591.84,10185246.66,8566638.755,1769336.6351407906,6605151.42,12312710.66,9336480.815333333,3284783.632607139,6181673.59,23456536.279999997,0.5231316725978647,0.0,0.0,0.1505338078291815,104.43416370106762,0.0071174377224199285,10,161,1,0,0,0,0,0,0
2023-01-24,train,6401338.13,6401338.13,961,1198724.08,281,2023,1,24,1,4,1,0,0,0,0.49999999999999994,0.8660254037844387,0.7818314824680298,0.6234898018587336,Winter,0,7583439.14,6914329.28,10601561.82,23456536.279999997,956.0,893.0,8091427.974285715,1317345.8468427171,6773591.84,10185246.66,8595114.362142857,1748471.3160574115,6605151.42,12312710.66,9166488.373333333,3237229.135434133,6181673.59,23456536.279999997,0.5409252669039146,0.0,0.0,0.14804270462633454,106.7508896797153,0.0,10,149,1,0,0,0,0,0,0
2023-01-25,train,6076963.58,6076963.58,932,1435282.95,274,2023,1,25,2,4,1,0,0,0,0.49999999999999994,0.8660254037844387,0.9749279121818236,-0.22252093395631434,Winter,0,6401338.13,7152510.68,6874307.05,9932279.95,961.0,855.0,8018143.524285714,1405088.8793090943,6401338.13,10185246.66,8295098.384285714,1738028.5869557792,6401338.13,12312710.66,8597981.768333334,1835046.8910604129,6181673.59,12820165.77,0.4927007299270073,0.0,0.0,0.13503649635036497,105.7992700729927,0.010948905109489052,10,141,1,0,0,0,0,0,0
2023-01-26,train,17508963.1,17508963.1,2779,3100290.91,306,2023,1,26,3,4,1,0,0,0,0.49999999999999994,0.8660254037844387,0.43388373911755823,-0.900968867902419,Winter,0,6076963.58,8843889.0,8281855.14,7444518.47,932.0,979.0,7864493.93857143,1565207.6827697277,6076963.58,10185246.66,8238145.279285714,1800122.3592175792,6076963.58,12312710.66,8469471.222666668,1872986.255976289,6076963.58,12820165.77,1.0,1.0,1.0,0.2,105.82352941176471,0.006535947712418301,10,155,1,1,1,1,0,0,1
2023-01-27,train,6429588.62,6429588.62,959,1434426.98,277,2023,1,27,4,4,1,0,0,0,0.49999999999999994,0.8660254037844387,-0.433883739117558,-0.9009688679024191,Winter,0,17508963.1,6773591.84,6605151.42,7534590.71,2779.0,867.0,9102361.667142857,4000616.7371738623,6076963.58,17508963.1,8897224.419285715,3063312.4949209117,6076963.58,17508963.1,8804952.710333334,2484570.9983913307,6076963.58,17508963.1,0.51985559566787,0.0,0.0,0.14187725631768952,104.66064981949458,0.010830324909747292,10,156,1,0,0,0,0,0,0
2023-01-28,train,11397285.51,11397285.51,1313,2474973.87,265,2023,1,28,5,4,1,1,0,0,0.49999999999999994,0.8660254037844387,-0.9749279121818236,-0.2225209339563146,Winter,0,6429588.62,10185246.66,12312710.66,6748224.3100000005,959.0,1482.0,9053218.35,4035947.7833778933,6076963.58,17508963.1,8884684.219285714,3073758.798294898,6076963.58,17508963.1,8768119.307333333,2512091.670698763,6076963.58,17508963.1,0.5245283018867924,0.0,0.0,0.1490566037735849,101.11698113207547,0.007547169811320755,10,150,1,0,0,0,0,1,0
2023-01-29,train,12134849.34,12134849.34,1429,3237467.3,280,2023,1,29,6,4,1,1,0,0,0.49999999999999994,0.8660254037844387,-0.7818314824680299,0.6234898018587334,Winter,0,11397285.51,9186989.22,10222958.63,8370280.7700000005,1313.0,1332.0,9226366.757142859,4117777.4591923123,6076963.58,17508963.1,8819296.708571428,3004174.70488726,6076963.58,17508963.1,8923088.014,2526546.043702018,6076963.58,17508963.1,0.5178571428571429,0.0,0.0,0.14142857142857143,108.03928571428571,0.0,10,152,1,0,0,0,0,1,0
2023-01-30,train,7536180.0,7536180.0,937,1760818.99,276,2023,1,30,0,5,1,0,0,0,0.49999999999999994,0.8660254037844387,0.0,1.0,Winter,0,12134849.34,7583439.14,8793060.53,12820165.77,1429.0,956.0,9647489.631428571,4261315.4510123385,6076963.58,17508963.1,8955860.330714287,3114326.464890225,6076963.58,17508963.1,9048573.633,2590812.867823662,6076963.58,17508963.1,0.5144927536231884,0.0,0.0,0.15434782608695652,104.72463768115942,0.0036231884057971015,10,153,1,0,0,0,0,0,0
2023-01-31,train,8503830.68,8503830.68,896,2150766.92,270,2023,1,31,1,5,1,0,0,1,0.49999999999999994,0.8660254037844387,0.7818314824680298,0.6234898018587336,Winter,0,7536180.0,6401338.13,6914329.28,10639801.31,937.0,961.0,9640738.325714286,4265166.294255389,6076963.58,17508963.1,8866083.15,3137411.1150722997,6076963.58,17508963.1,8872440.774,2503712.911127244,6076963.58,17508963.1,0.48148148148148145,0.0,0.0,0.12666666666666668,105.44074074074074,0.003703703703703704,10,147,1,0,0,0,0,0,0
2023-02-01,train,7669636.4399999995,7669636.4399999995,993,1635167.11,309,2023,2,1,2,5,1,0,1,0,0.8660254037844386,0.5000000000000001,0.9749279121818236,-0.22252093395631434,Winter,0,8503830.68,6076963.58,7152510.68,7794134.68,896.0,932.0,9941094.404285714,4068521.640908804,6076963.58,17508963.1,8979618.964285715,3089746.677591416,6076963.58,17508963.1,8801241.753,2481997.2701259004,6076963.58,17508963.1,0.5436893203883495,0.0,0.0,0.14466019417475728,102.39805825242719,0.006472491909385114,10,154,1,0,0,0,0,0,0
2023-02-02,train,8877403.35,8877403.35,996,2339338.48,290,2023,2,2,3,5,1,0,0,0,0.8660254037844386,0.5000000000000001,0.43388373911755823,-0.900968867902419,Winter,0,7669636.4399999995,17508963.1,8843889.0,9506831.6,993.0,2779.0,10168619.098571429,3855361.027323141,6429588.62,17508963.1,9016556.518571427,3069246.676335184,6076963.58,17508963.1,8797091.811666666,2483842.6312386063,6076963.58,17508963.1,0.4896551724137931,0.0,0.0,0.1375862068965517,104.02068965517242,0.006896551724137931,10,157,1,0,0,0,0,0,0
2023-02-03,train,5557098.36,5557098.36,912,1233376.78,276,2023,2,3,4,5,1,0,0,0,0.8660254037844386,0.5000000000000001,-0.433883739117558,-0.9009688679024191,Winter,0,8877403.35,6429588.62,6773591.84,6181673.59,996.0,959.0,8935539.134285714,2094677.2451384058,6429588.62,12134849.34,9018950.400714286,3069114.710559925,6076963.58,17508963.1,8776110.87,2480296.601178012,6076963.58,17508963.1,0.4492753623188406,0.0,0.0,0.12173913043478261,102.9927536231884,0.007246376811594203,10,157,1,0,0,0,0,0,0
2023-02-04,train,11634233.58,11634233.58,1449,2390537.79,281,2023,2,4,5,5,1,1,0,0,0.8660254037844386,0.5000000000000001,-0.9749279121818236,-0.2225209339563146,Winter,0,5557098.36,11397285.51,10185246.66,7420867.2,912.0,1313.0,8810897.66857143,2285875.550282771,5557098.36,12134849.34,8932058.009285714,3153631.9335925346,5557098.36,17508963.1,8755291.695666667,2505319.851998569,5557098.36,17508963.1,0.47330960854092524,0.0,0.0,0.1295373665480427,105.0711743772242,0.0071174377224199285,10,149,1,0,0,0,0,1,0
2023-02-05,train,12290226.97,12290226.97,1484,2625998.66,276,2023,2,5,6,5,1,1,0,0,0.8660254037844386,0.5000000000000001,-0.7818314824680299,0.6234898018587334,Winter,0,11634233.58,12134849.34,9186989.22,7653362.54,1449.0,1429.0,8844747.392857144,2331850.6657415717,5557098.36,12134849.34,9035557.075,3220982.041739437,5557098.36,17508963.1,8895737.241666667,2545706.787303176,5557098.36,17508963.1,0.5181159420289855,0.0,0.0,0.13550724637681158,105.93840579710145,0.007246376811594203,10,159,1,0,0,0,0,1,0
2023-02-06,val,7345436.98,7345436.98,893,1581697.59,275,2023,2,6,0,6,1,0,0,0,0.8660254037844386,0.5000000000000001,0.0,1.0,Winter,0,12290226.97,7536180.0,7583439.14,11417539.7,1484.0,937.0,8866944.197142856,2368834.979864866,5557098.36,12290226.97,9257216.914285714,3336897.5725002284,5557098.36,17508963.1,9050299.389333334,2607683.939043395,5557098.36,17508963.1,0.5054545454545455,0.0,0.0,0.13672727272727273,102.94545454545455,0.0,10,153,1,0,0,0,0,0,0
2023-02-07,val,7505093.2700000005,7505093.2700000005,906,1637249.98,276,2023,2,7,1,6,1,0,0,0,0.8660254037844386,0.5000000000000001,0.7818314824680298,0.6234898018587336,Winter,0,7345436.98,8503830.68,6401338.13,10557462.61,893.0,896.0,8839695.194285715,2387716.073200213,5557098.36,12290226.97,9240216.76,3346672.6843199995,5557098.36,17508963.1,8914562.632000001,2586106.4155237046,5557098.36,17508963.1,0.5507246376811594,0.0,0.0,0.15471014492753624,105.06159420289855,0.010869565217391304,10,146,1,0,0,0,0,0,0
2023-02-08,val,6905050.45,6905050.45,955,1487289.16,278,2023,2,8,2,6,1,0,0,0,0.8660254037844386,0.5000000000000001,0.9749279121818236,-0.22252093395631434,Winter,0,7505093.2700000005,7669636.4399999995,6076963.58,7184780.64,906.0,993.0,8697018.421428572,2440388.9365929686,5557098.36,12290226.97,9319056.412857143,3287122.1538377185,5557098.36,17508963.1,8812816.987333333,2579276.5868881904,5557098.36,17508963.1,0.49640287769784175,0.0,0.0,0.13992805755395682,104.52877697841727,0.0035971223021582736,10,155,1,0,0,0,0,0,0
2023-02-09,val,6401000.47,6401000.47,1038,1298349.1,304,2023,2,9,3,6,1,0,0,0,0.8660254037844386,0.5000000000000001,0.43388373911755823,-0.900968867902419,Winter,0,6905050.45,8877403.35,17508963.1,10601561.82,955.0,996.0,8587791.851428572,2510149.7744416296,5557098.36,12290226.97,9378205.475,3231271.6595955775,5557098.36,17508963.1,8803492.647666667,2585862.266325943,5557098.36,17508963.1,0.5394736842105263,0.0,0.0,0.15328947368421053,101.98684210526316,0.0,10,158,1,0,0,0,0,0,0
2023-02-10,val,6769803.57,6769803.57,985,1439615.28,293,2023,2,10,4,6,1,0,0,0,0.8660254037844386,0.5000000000000001,-0.433883739117558,-0.9009688679024191,Winter,0,6401000.47,5557098.36,6429588.62,6874307.05,1038.0,912.0,8234020.011428571,2633983.404880743,5557098.36,12290226.97,8584779.572857143,2315095.941025689,5557098.36,12290226.97,8663473.936,2598836.509423029,5557098.36,17508963.1,0.5221843003412969,0.0,0.0,0.14880546075085324,97.70648464163823,0.013651877133105802,10,158,1,0,0,0,0,0,0
2023-02-11,val,10310152.18,10310152.18,1397,2225371.91,276,2023,2,11,5,6,1,1,0,0,0.8660254037844386,0.5000000000000001,-0.9749279121818236,-0.2225209339563146,Winter,0,6769803.57,11634233.58,11397285.51,8281855.14,985.0,1449.0,8407263.612857142,2462895.934482208,6401000.47,12290226.97,8609080.640714286,2292407.570002821,5557098.36,12290226.97,8659990.486666666,2601386.169977275,5557098.36,17508963.1,0.5108695652173914,0.0,0.0,0.1431159420289855,101.71014492753623,0.014492753623188406,10,150,1,0,0,0,0,1,0
2023-02-12,val,10590279.86,10590279.86,1345,2107946.93,256,2023,2,12,6,6,1,1,0,0,0.8660254037844386,0.5000000000000001,-0.7818314824680299,0.6234898018587334,Winter,0,10310152.18,12290226.97,12134849.34,6605151.42,1397.0,1484.0,8218109.127142857,2211799.1205650573,6401000.47,12290226.97,8531428.26,2207537.1164840637,5557098.36,12290226.97,8727600.388,2617527.1593368757,5557098.36,17508963.1,0.47265625,0.0,0.0,0.133984375,102.40625,0.0078125,10,147,1,0,0,0,0,1,0
2023-02-13,val,7405103.05,7405103.05,975,1626346.97,288,2023,2,13,0,7,1,0,0,0,0.8660254037844386,0.5000000000000001,0.0,1.0,Winter,0,10590279.86,7345436.98,7536180.0,12312710.66,1345.0,893.0,7975259.54,1731307.3530463683,6401000.47,10590279.86,8421101.868571429,2046304.0082155478,5557098.36,12290226.97,8860438.002666665,2607201.000833409,5557098.36,17508963.1,0.5243055555555556,0.0,0.0,0.14687499999999998,101.42361111111111,0.013888888888888888,10,146,1,0,0,0,0,0,0
2023-02-14,val,7149063.12,7149063.12,998,1425785.33,294,2023,2,14,1,7,1,0,0,0,0.8660254037844386,0.5000000000000001,0.7818314824680298,0.6234898018587336,Winter,0,7405103.05,7505093.2700000005,8503830.68,10222958.63,975.0,906.0,7983783.264285713,1727833.1465137103,6401000.47,10590279.86,8411739.229285713,2050958.891726357,5557098.36,12290226.97,8696851.082333334,2536114.375292635,5557098.36,17508963.1,0.5102040816326531,0.0,0.0,0.1445578231292517,105.5578231292517,0.0,10,153,1,0,0,0,0,0,0
2023-02-15,val,8252741.75,8252741.75,919,1796341.59,297,2023,2,15,2,7,1,0,0,0,0.8660254037844386,0.5000000000000001,0.9749279121818236,-0.22252093395631434,Winter,0,7149063.12,6905050.45,7669636.4399999995,8793060.53,998.0,955.0,7932921.814285715,1749378.4463880886,6401000.47,10590279.86,8314970.117857143,2078061.0665281438,5557098.36,12290226.97,8594387.898666667,2534425.6631672243,5557098.36,17508963.1,0.5185185185185185,0.0,0.0,0.1505050505050505,103.83501683501683,0.010101010101010102,10,153,1,0,0,0,0,0,0
2023-02-16,val,7218750.93,7218750.93,921,1885859.81,275,2023,2,16,3,7,1,0,0,0,0.8660254037844386,0.5000000000000001,0.43388373911755823,-0.900968867902419,Winter,0,8252741.75,6401000.47,8877403.35,6914329.28,919.0,1038.0,8125449.142857143,1690574.238543268,6401000.47,10590279.86,8356620.497142858,2069959.524084499,5557098.36,12290226.97,8576377.272666667,2534884.9502457436,5557098.36,17508963.1,0.4690909090909091,0.0,0.0,0.12363636363636364,101.76727272727273,0.0036363636363636364,10,152,1,0,0,0,0,0,0
2023-02-17,val,8624388.62,8624388.62,945,2140674.97,277,2023,2,17,4,7,1,0,0,0,0.8660254037844386,0.5000000000000001,-0.433883739117558,-0.9009688679024191,Winter,0,7218750.93,6769803.57,5557098.36,7152510.68,921.0,985.0,8242270.637142858,1575917.4644920554,6769803.57,10590279.86,8238145.324285714,2085269.6716834442,5557098.36,12290226.97,8586524.661,2528603.71917514,5557098.36,17508963.1,0.4981949458483754,0.0,0.0,0.14584837545126353,106.31407942238268,0.007220216606498195,10,149,1,0,0,0,0,0,0
2023-02-18,val,11273641.26,11273641.26,1482,3364675.61,268,2023,2,18,5,7,1,1,0,0,0.8660254037844386,0.5000000000000001,-0.9749279121818236,-0.2225209339563146,Winter,0,8624388.62,10310152.18,11634233.58,8843889.0,945.0,1397.0,8507211.358571429,1436871.3069983686,7149063.12,10590279.86,8457237.485714285,1937835.7605515728,6401000.47,12290226.97,8635587.259,2514057.6469687307,5557098.36,17508963.1,0.458955223880597,0.0,0.0,0.1208955223880597,108.2723880597015,0.011194029850746268,10,148,1,0,0,0,0,1,0
2023-02-19,val,12224238.06,12224238.06,1508,2941719.18,280,2023,2,19,6,7,1,1,0,0,0.8660254037844386,0.5000000000000001,-0.7818314824680299,0.6234898018587334,Winter,0,11273641.26,10590279.86,12290226.97,6773591.84,1482.0,1345.0,8644852.655714285,1666209.161762189,7149063.12,11273641.26,8431480.891428571,1894267.3651747215,6401000.47,12290226.97,8716579.001,2559722.7701782356,5557098.36,17508963.1,0.5285714285714286,0.0,0.0,0.14142857142857143,106.11428571428571,0.010714285714285714,10,150,1,0,0,0,0,1,0
2023-02-20,val,7305477.4799999995,7305477.4799999995,880,2030946.74,261,2023,2,20,0,8,1,0,0,0,0.8660254037844386,0.5000000000000001,0.0,1.0,Winter,0,12224238.06,7405103.05,7345436.98,10185246.66,1508.0,975.0,8878275.255714286,2053591.4847872746,7149063.12,12224238.06,8426767.397857143,1883981.2522036796,6401000.47,12224238.06,8898267.208333334,2610003.2631156333,5557098.36,17508963.1,0.4521072796934866,0.0,0.0,0.12796934865900383,102.90421455938697,0.011494252873563218,10,139,1,0,0,0,0,0,0
2023-02-21,val,6709507.41,6709507.41,872,1745690.25,252,2023,2,21,1,8,1,0,0,0,0.8660254037844386,0.5000000000000001,0.7818314824680298,0.6234898018587336,Winter,0,7305477.4799999995,7149063.12,7505093.2700000005,9186989.22,880.0,998.0,8864043.031428572,2065811.6451930262,7149063.12,12224238.06,8423913.147857143,1885774.9114277908,6401000.47,12224238.06,8802274.902333332,2613991.671464513,5557098.36,17508963.1,0.44841269841269843,0.0,0.0,0.11706349206349206,102.35714285714286,0.003968253968253968,10,146,1,0,0,0,0,0,0
2023-02-22,val,9124587.98,9124587.98,922,2264426.1,268,2023,2,22,2,8,1,0,0,0,0.8660254037844386,0.5000000000000001,0.9749279121818236,-0.22252093395631434,Winter,0,6709507.41,8252741.75,6905050.45,7583439.14,872.0,919.0,8801249.358571429,2132241.8894376387,6709507.41,12224238.06,8367085.586428571,1927127.337558272,6401000.47,12224238.06,8719692.175333332,2640419.864489136,5557098.36,17508963.1,0.5074626865671642,0.0,0.0,0.13544776119402985,100.18283582089552,0.007462686567164179,10,152,1,0,0,0,0,0,0
2023-02-23,val,7674978.64,7674978.64,1106,1845630.91,310,2023,2,23,3,8,1,0,0,0,0.8660254037844386,0.5000000000000001,0.43388373911755823,-0.900968867902419,Winter,0,9124587.98,7218750.93,6401000.47,6401338.13,922.0,921.0,8925798.819999998,2120292.1237212834,6709507.41,12224238.06,8525623.981428571,1888508.5343405835,6401000.47,12224238.06,8771063.803333335,2632531.187163774,5557098.36,17508963.1,0.4483870967741935,0.0,0.0,0.13096774193548388,103.94516129032257,0.012903225806451613,10,148,1,0,0,0,0,0,0
2023-02-24,val,8324999.28,8324999.28,889,2083623.9,268,2023,2,24,4,8,1,0,0,0,0.8660254037844386,0.5000000000000001,-0.433883739117558,-0.9009688679024191,Winter,0,7674978.64,8624388.62,6769803.57,6076963.58,1106.0,945.0,8990974.207142856,2065374.7015091584,6709507.41,12224238.06,8616622.422142858,1807200.9955944584,6709507.41,12224238.06,8813518.487,2603102.4196190806,5557098.36,17508963.1,0.5,0.0,0.0,0.13843283582089552,100.71268656716418,0.0037313432835820895,10,142,1,0,0,0,0,0,0
2023-02-25,val,12699423.15,12699423.15,1439,2788228.65,276,2023,2,25,5,8,1,1,0,0,0.8660254037844386,0.5000000000000001,-0.9749279121818236,-0.2225209339563146,Winter,0,8324999.28,11273641.26,10310152.18,17508963.1,889.0,1482.0,8948204.301428571,2077296.6688640746,6709507.41,12224238.06,8727707.83,1731145.13755999,6709507.41,12224238.06,8888453.010333333,2553493.798408038,5557098.36,17508963.1,0.5471014492753623,0.0,0.0,0.1608695652173913,104.34057971014492,0.007246376811594203,10,147,1,0,0,0,0,1,0
2023-02-26,val,11817627.03,11817627.03,1597,2532839.69,293,2023,2,26,6,8,1,1,0,0,0.8660254037844386,0.5000000000000001,-0.7818314824680299,0.6234898018587334,Winter,0,12699423.15,12224238.06,10590279.86,6429588.62,1439.0,1508.0,9151887.42857143,2389719.188191065,6709507.41,12699423.15,8898370.042142857,1996571.2826665838,6709507.41,12699423.15,8728135.012,2105238.3775128797,5557098.36,12699423.15,0.5119453924914675,0.0,0.0,0.13890784982935153,105.90784982935153,0.0034129692832764505,10,161,1,0,0,0,0,1,0
2023-02-27,val,8532599.89,8532599.89,928,1832867.65,274,2023,2,27,0,9,1,0,0,0,0.8660254037844386,0.5000000000000001,0.0,1.0,Winter,0,11817627.03,7305477.4799999995,7405103.05,11397285.51,1597.0,880.0,9093800.138571428,2306070.1448503104,6709507.41,12699423.15,8986037.697142858,2100801.374734488,6709507.41,12699423.15,8907736.292333333,2132044.3239119295,5557098.36,12699423.15,0.5328467153284672,0.0,0.0,0.15620437956204378,103.0036496350365,0.0,10,135,1,0,0,0,0,0,0
2023-02-28,val,6622312.13,6622312.13,798,1324647.6500000001,235,2023,2,28,1,9,1,0,0,1,0.8660254037844386,0.5000000000000001,0.7818314824680298,0.6234898018587336,Winter,0,8532599.89,6709507.41,7149063.12,12134849.34,928.0,872.0,9269103.34,2191251.0269493097,6709507.41,12699423.15,9066573.185714286,2056681.6324933136,6709507.41,12699423.15,8812246.771666666,2080219.6628960685,5557098.36,12699423.15,0.5446808510638298,0.0,0.0,0.15617021276595747,104.28510638297873,0.00425531914893617,10,135,1,0,0,0,0,0,0
2023-03-01,val,7761756.77,7761756.77,945,1827918.51,293,2023,3,1,2,9,1,0,1,0,1.0,6.123233995736766e-17,0.9749279121818236,-0.22252093395631434,Summer,1,6622312.13,9124587.98,8252741.75,7536180.0,798.0,922.0,9256646.871428572,2208407.141577923,6622312.13,12699423.15,9028948.115,2098845.0963433357,6622312.13,12699423.15,8628495.531333333,2019177.8105596614,5557098.36,12699423.15,0.45733788395904434,0.0,0.0,0.12696245733788397,108.02047781569966,0.0,10,159,1,0,0,0,0,0,0
2023-03-02,val,8368143.61,8368143.61,901,2232115.4,289,2023,3,2,3,9,1,0,0,0,1.0,6.123233995736766e-17,0.43388373911755823,-0.900968867902419,Summer,1,7761756.77,7674978.64,7218750.93,8503830.68,945.0,1106.0,9061956.698571429,2280873.3575295266,6622312.13,12699423.15,8993877.759285714,2116837.5935243866,6622312.13,12699423.15,8636014.757000001,2015386.3203452271,5557098.36,12699423.15,0.49480968858131485,0.0,0.0,0.1373702422145329,100.73702422145328,0.01730103806228374,10,162,1,0,0,0,0,0,0
2023-03-03,val,7091037.83,7091037.83,947,1454043.5,289,2023,3,3,4,9,1,0,0,0,1.0,6.123233995736766e-17,-0.433883739117558,-0.9009688679024191,Summer,1,8368143.61,8324999.28,8624388.62,7669636.4399999995,901.0,889.0,9160980.265714286,2224984.211086101,6622312.13,12699423.15,9075977.236428572,2064333.038000186,6622312.13,12699423.15,8631491.854666667,2015845.3964444553,5557098.36,12699423.15,0.532871972318339,0.0,0.0,0.14290657439446366,105.33910034602076,0.0034602076124567475,10,150,1,0,0,0,0,0,0
2023-03-04,val,8771458.26,8771458.26,1340,2095835.09,266,2023,3,4,5,9,1,1,0,0,1.0,6.123233995736766e-17,-0.9749279121818236,-0.2225209339563146,Summer,1,7091037.83,12699423.15,11273641.26,8877403.35,947.0,1439.0,8984700.05857143,2347750.800808346,6622312.13,12699423.15,8966452.18,2129774.8784976103,6622312.13,12699423.15,8612205.234333333,2028095.9369973913,5557098.36,12699423.15,0.5263157894736842,0.0,0.0,0.13721804511278196,104.71052631578948,0.0037593984962406013,10,147,1,0,0,0,0,1,0
2023-03-05,val,13859514.39,13859514.39,1427,3307012.48,288,2023,3,5,6,9,1,1,0,0,1.0,6.123233995736766e-17,-0.7818314824680299,0.6234898018587334,Summer,1,8771458.26,11817627.03,12224238.06,5557098.36,1340.0,1597.0,8423562.217142858,1688874.2609235852,6622312.13,11817627.03,8787724.822857143,2023609.2290247087,6622312.13,12699423.15,8608673.731333334,2027710.4304296453,5557098.36,12699423.15,0.4409722222222222,0.0,0.0,0.11249999999999999,102.82986111111111,0.003472222222222222,10,149,1,0,0,0,0,1,0
2023-03-06,val,6371959.49,6371959.49,893,1417750.98,281,2023,3,6,0,10,1,0,0,0,1.0,6.123233995736766e-17,0.0,1.0,Summer,1,13859514.39,8532599.89,7305477.4799999995,11634233.58,1427.0,928.0,8715260.411428573,2399585.4791723746,6622312.13,13859514.39,8904530.275,2269485.591435586,6622312.13,13859514.39,8885420.932333333,2159168.287179285,6401000.47,13859514.39,0.505338078291815,0.0,0.0,0.14056939501779359,97.75800711743773,0.0071174377224199285,10,147,1,0,0,0,0,0,0
2023-03-07,val,7654566.62,7654566.62,767,1990221.97,243,2023,3,7,1,10,1,0,0,0,1.0,6.123233995736766e-17,0.7818314824680298,0.6234898018587336,Summer,1,6371959.49,6622312.13,6709507.41,12290226.97,893.0,798.0,8406597.497142857,2560561.3841116168,6371959.49,13859514.39,8837850.41857143,2332909.064481677,6371959.49,13859514.39,8710011.796,2141838.475310638,6371959.49,13859514.39,0.4732510288065844,0.0,0.0,0.13168724279835392,102.4156378600823,0.00411522633744856,10,136,1,0,0,0,0,0,0
2023-03-08,val,15134392.01,15134392.01,2239,2778343.15,254,2023,3,8,2,10,1,0,0,0,1.0,6.123233995736766e-17,0.9749279121818236,-0.22252093395631434,Summer,1,7654566.62,7761756.77,9124587.98,7345436.98,767.0,945.0,8554062.424285714,2468754.8294108687,6371959.49,13859514.39,8905354.647857143,2279651.8329485916,6371959.49,13859514.39,8555489.784333333,2039408.3137875306,6371959.49,13859514.39,1.0,1.0,1.0,0.2,99.06299212598425,0.003937007874015748,10,151,1,1,1,1,0,0,1
2023-03-09,val,6841023.41,6841023.41,869,1300624.94,275,2023,3,9,3,10,1,0,0,0,1.0,6.123233995736766e-17,0.43388373911755823,-0.900968867902419,Summer,1,15134392.01,8368143.61,7674978.64,7505093.2700000005,2239.0,901.0,9607296.030000001,3451482.3978451327,6371959.49,15134392.01,9334626.364285715,2824774.5525664086,6371959.49,15134392.01,8815121.618666667,2351902.149205262,6371959.49,15134392.01,0.5454545454545454,0.0,0.0,0.14981818181818182,105.21090909090908,0.007272727272727273,10,144,1,0,0,0,0,0,0
2023-03-10,val,5463995.87,5463995.87,797,1166002.94,241,2023,3,10,4,10,1,0,0,0,1.0,6.123233995736766e-17,-0.433883739117558,-0.9009688679024191,Summer,1,6841023.41,7091037.83,8324999.28,6905050.45,869.0,947.0,9389136.001428572,3588407.106166435,6371959.49,15134392.01,9275058.13357143,2870881.859076882,6371959.49,15134392.01,8792985.956666667,2367728.85287116,6371959.49,15134392.01,0.5103734439834025,0.0,0.0,0.13402489626556016,101.83817427385893,0.012448132780082987,10,141,1,0,0,0,0,0,0
2023-03-11,val,11464147.37,11464147.37,1317,2501294.24,251,2023,3,11,5,10,1,1,0,0,1.0,6.123233995736766e-17,-0.9749279121818236,-0.2225209339563146,Summer,1,5463995.87,8771458.26,12699423.15,6401000.47,797.0,1340.0,9156701.435714286,3808045.9208534355,5463995.87,15134392.01,9070700.747142857,3040526.662454227,5463995.87,15134392.01,8744950.804,2421361.1941524907,5463995.87,15134392.01,0.5099601593625498,0.0,0.0,0.14262948207171314,102.82868525896414,0.01195219123505976,10,135,1,0,0,0,0,1,0
2023-03-12,val,10292350.14,10292350.14,1437,2417347.95,286,2023,3,12,6,10,1,1,0,0,1.0,6.123233995736766e-17,-0.7818314824680299,0.6234898018587334,Summer,1,11464147.37,13859514.39,11817627.03,6769803.57,1317.0,1427.0,9541371.308571428,3897592.8569139633,5463995.87,15134392.01,8982466.762857143,2943498.6791224577,5463995.87,15134392.01,8913722.367333334,2428793.673343067,5463995.87,15134392.01,0.493006993006993,0.0,0.0,0.13216783216783215,102.67132867132867,0.013986013986013986,10,152,1,0,0,0,0,1,0
2023-03-13,val,7329578.0,7329578.0,904,1699885.76,264,2023,3,13,0,11,1,0,0,0,1.0,6.123233995736766e-17,0.0,1.0,Summer,1,10292350.14,6371959.49,8532599.89,10310152.18,1437.0,893.0,9031776.415714284,3445944.0244869166,5463995.87,15134392.01,8873518.413571429,2857458.290750231,5463995.87,15134392.01,9031140.586333334,2406619.7363327467,5463995.87,15134392.01,0.4431818181818182,0.0,0.0,0.1359848484848485,107.68939393939394,0.003787878787878788,10,145,1,0,0,0,0,0,0
2023-03-14,val,7683454.53,7683454.53,958,1904264.13,280,2023,3,14,1,11,1,0,0,0,1.0,6.123233995736766e-17,0.7818314824680298,0.6234898018587336,Summer,1,7329578.0,7654566.62,6622312.13,10590279.86,904.0,767.0,9168579.06,3340135.474875771,5463995.87,15134392.01,8787588.278571429,2886440.8908314942,5463995.87,15134392.01,8931788.113666667,2413511.215747347,5463995.87,15134392.01,0.45,0.0,0.0,0.12714285714285714,109.51785714285714,0.014285714285714285,10,152,1,0,0,0,0,0,0
2023-03-15,val,7087464.71,7087464.71,878,1590436.38,274,2023,3,15,2,11,1,0,0,0,1.0,6.123233995736766e-17,0.9749279121818236,-0.22252093395631434,Summer,1,7683454.53,15134392.01,7761756.77,7405103.05,958.0,2239.0,9172705.904285714,3337970.239740717,5463995.87,15134392.01,8863384.164285714,2838746.92722143,5463995.87,15134392.01,8834893.936,2402958.9710582625,5463995.87,15134392.01,0.551094890510949,0.0,0.0,0.1551094890510949,101.32481751824818,0.0,10,151,1,0,0,0,0,0,0
2023-03-16,val,8283198.92,8283198.92,887,2045797.6300000001,284,2023,3,16,3,11,1,0,0,0,1.0,6.123233995736766e-17,0.43388373911755823,-0.900968867902419,Summer,1,7087464.71,6841023.41,8368143.61,7149063.12,878.0,869.0,8023144.861428571,2097950.0869842917,5463995.87,11464147.37,8815220.445714286,2864479.0652426654,5463995.87,15134392.01,8824305.991333334,2410165.1572119347,5463995.87,15134392.01,0.4823943661971831,0.0,0.0,0.1341549295774648,104.58802816901408,0.0,10,158,1,0,0,0,0,0,0
2023-03-17,val,8147287.54,8147287.54,930,1833078.78,302,2023,3,17,4,11,1,0,0,0,1.0,6.123233995736766e-17,-0.433883739117558,-0.9009688679024191,Summer,1,8283198.92,5463995.87,7091037.83,8252741.75,887.0,797.0,8229169.934285714,2032300.0138511227,5463995.87,11464147.37,8809152.967857143,2865588.6481400807,5463995.87,15134392.01,8862110.518,2391806.914589842,5463995.87,15134392.01,0.5264900662251656,0.0,0.0,0.1490066225165563,107.3112582781457,0.0033112582781456954,10,160,1,0,0,0,0,0,0
2023-03-18,val,11181711.66,11181711.66,1357,3022176.42,270,2023,3,18,5,11,1,1,0,0,1.0,6.123233995736766e-17,-0.9749279121818236,-0.2225209339563146,Summer,1,8147287.54,11464147.37,8771458.26,7218750.93,930.0,1317.0,8612497.315714287,1638769.7636245757,7087464.71,11464147.37,8884599.375714285,2830564.4160699686,5463995.87,15134392.01,8858595.377666667,2392810.640603896,5463995.87,15134392.01,0.46296296296296297,0.0,0.0,0.13444444444444442,101.33333333333333,0.003703703703703704,10,156,1,0,0,0,0,1,0
2023-03-19,val,7838314.38,7838314.38,1258,1889096.99,253,2023,3,19,6,11,1,1,0,0,1.0,6.123233995736766e-17,-0.7818314824680299,0.6234898018587334,Summer,1,11181711.66,10292350.14,13859514.39,8624388.62,1357.0,1437.0,8572149.357142856,1558362.2086168164,7087464.71,11181711.66,9056760.332857143,2895702.4692840427,5463995.87,15134392.01,8990694.068666667,2408498.012538186,5463995.87,15134392.01,0.45849802371541504,0.0,0.0,0.12648221343873517,104.31620553359684,0.003952569169960474,10,141,1,0,0,0,0,1,0
2023-03-20,val,7396348.44,7396348.44,948,1713782.1099999999,289,2023,3,20,0,12,1,0,0,0,1.0,6.123233995736766e-17,0.0,1.0,Summer,1,7838314.38,7329578.0,6371959.49,11273641.26,1258.0,904.0,8221572.82,1371741.734744616,7087464.71,11181711.66,8626674.617857143,2554554.5776605383,5463995.87,15134392.01,8964491.594,2416881.8597122645,5463995.87,15134392.01,0.5363321799307958,0.0,0.0,0.1356401384083045,106.25951557093425,0.010380622837370242,10,155,1,0,0,0,0,0,0
2023-03-21,val,6667226.78,6667226.78,869,1326247.05,270,2023,3,21,1,12,1,0,0,0,1.0,6.123233995736766e-17,0.7818314824680298,0.6234898018587336,Summer,1,7396348.44,7683454.53,7654566.62,12224238.06,948.0,958.0,8231111.454285713,1364719.5035777073,7087464.71,11181711.66,8699845.257142859,2499072.8307635537,5463995.87,15134392.01,8835248.5,2392690.069136789,5463995.87,15134392.01,0.5222222222222223,0.0,0.0,0.14777777777777779,104.55925925925926,0.007407407407407408,10,150,1,0,0,0,0,0,0
2023-03-22,val,6894259.3,6894259.3,809,1863301.7,261,2023,3,22,2,12,1,0,0,0,1.0,6.123233995736766e-17,0.9749279121818236,-0.22252093395631434,Summer,1,6667226.78,7087464.71,15134392.01,7305477.4799999995,869.0,878.0,8085936.061428571,1481723.7622434567,6667226.78,11181711.66,8629320.982857144,2544360.9473266606,5463995.87,15134392.01,8650014.790666666,2335702.8726497875,5463995.87,15134392.01,0.47509578544061304,0.0,0.0,0.11724137931034484,105.53639846743295,0.007662835249042145,10,144,1,0,0,0,0,0,0
2023-03-23,val,6181108.88,6181108.88,767,1529254.36,246,2023,3,23,3,12,1,0,0,0,1.0,6.123233995736766e-17,0.43388373911755823,-0.900968867902419,Summer,1,6894259.3,8283198.92,6841023.41,6709507.41,809.0,887.0,8058335.288571429,1505038.6313453077,6667226.78,11181711.66,8040740.075,1754193.8621373423,5463995.87,11464147.37,8636307.518,2345053.4105625637,5463995.87,15134392.01,0.5040650406504065,0.0,0.0,0.13455284552845528,102.08943089430895,0.008130081300813009,10,153,1,0,0,0,0,0,0
2023-03-24,val,8312991.27,8312991.27,877,1750705.82,280,2023,3,24,4,12,1,0,0,0,1.0,6.123233995736766e-17,-0.433883739117558,-0.9009688679024191,Summer,1,6181108.88,8147287.54,5463995.87,9124587.98,767.0,930.0,7758036.711428571,1654942.515583307,6181108.88,11181711.66,7993603.322857142,1797248.99295876,5463995.87,11464147.37,8618694.233666668,2361947.7958232886,5463995.87,15134392.01,0.5142857142857142,0.0,0.0,0.15035714285714286,96.75357142857143,0.014285714285714285,10,154,1,0,0,0,0,0,0
2023-03-25,val,11341144.14,11341144.14,1426,2433092.23,287,2023,3,25,5,12,1,1,0,0,1.0,6.123233995736766e-17,-0.9749279121818236,-0.2225209339563146,Summer,1,8312991.27,11181711.66,11464147.37,7674978.64,877.0,1357.0,7781708.672857143,1662605.5957212537,6181108.88,11181711.66,8197102.994285713,1643511.166852954,6181108.88,11464147.37,8591641.01,2360601.1349225617,5463995.87,15134392.01,0.5017421602787456,0.0,0.0,0.14390243902439023,98.1602787456446,0.010452961672473868,10,155,1,0,0,0,0,1,0
2023-03-26,val,9431528.17,9431528.17,1346,2564303.71,246,2023,3,26,6,12,1,1,0,0,1.0,6.123233995736766e-17,-0.7818314824680299,0.6234898018587334,Summer,1,11341144.14,7838314.38,10292350.14,8324999.28,1426.0,1258.0,7804484.741428571,1717142.6599935764,6181108.88,11341144.14,8188317.0492857145,1624926.3059232782,6181108.88,11341144.14,8713846.526666667,2405970.7750391043,5463995.87,15134392.01,0.5853658536585366,0.0,0.0,0.1524390243902439,109.15447154471545,0.012195121951219513,10,144,1,0,0,0,0,1,0
2023-03-27,val,6573972.59,6573972.59,932,1506791.48,281,2023,3,27,0,13,1,0,0,0,1.0,6.123233995736766e-17,0.0,1.0,Summer,1,9431528.17,7396348.44,7329578.0,12699423.15,1346.0,948.0,8032086.711428572,1824599.5343908223,6181108.88,11341144.14,8126829.765714286,1553920.613137379,6181108.88,11341144.14,8750730.823,2408284.673289147,5463995.87,15134392.01,0.505338078291815,0.0,0.0,0.14306049822064057,104.80427046263345,0.0035587188612099642,10,151,1,0,0,0,0,0,0
2023-03-28,val,6785339.26,6785339.26,835,1600937.54,274,2023,3,28,1,13,1,0,0,0,1.0,6.123233995736766e-17,0.7818314824680298,0.6234898018587336,Summer,1,6573972.59,6667226.78,7683454.53,11817627.03,932.0,869.0,7914604.447142857,1897379.764736702,6181108.88,11341144.14,8072857.9507142855,1596285.9337552555,6181108.88,11341144.14,8546549.137666667,2320007.561322701,5463995.87,15134392.01,0.5036496350364964,0.0,0.0,0.12737226277372263,106.01824817518248,0.0072992700729927005,10,149,1,0,0,0,0,0,0
2023-03-29,val,7258523.57,7258523.57,815,1608310.1600000001,270,2023,3,29,2,13,1,0,0,0,1.0,6.123233995736766e-17,0.9749279121818236,-0.22252093395631434,Summer,1,6785339.26,6894259.3,7087464.71,8532599.89,835.0,809.0,7931477.658571429,1884922.443645558,6181108.88,11341144.14,8008706.86,1630812.1726183076,6181108.88,11341144.14,8378806.211999999,2256396.2451247796,5463995.87,15134392.01,0.48148148148148145,0.0,0.0,0.13629629629629628,103.01851851851852,0.0,10,143,1,0,0,0,0,0,0
2023-03-30,val,6912860.61,6912860.61,882,1391413.05,278,2023,3,30,3,13,1,0,0,0,1.0,6.123233995736766e-17,0.43388373911755823,-0.900968867902419,Summer,1,7258523.57,6181108.88,8283198.92,6622312.13,815.0,767.0,7983515.411428571,1856326.3676440304,6181108.88,11341144.14,8020925.35,1624005.6422639966,6181108.88,11341144.14,8336337.0013333345,2265374.0508853565,5463995.87,15134392.01,0.49280575539568344,0.0,0.0,0.13633093525179857,106.57553956834532,0.007194244604316547,10,157,1,0,0,0,0,0,0
2023-03-31,val,7629505.19,7629505.19,872,1824789.19,291,2023,3,31,4,13,1,0,0,1,1.0,6.123233995736766e-17,-0.433883739117558,-0.9009688679024191,Summer,1,6912860.61,8312991.27,8147287.54,7761756.77,882.0,877.0,8088051.372857144,1755791.5369772662,6573972.59,11341144.14,7923044.042142856,1648099.5063286612,6181108.88,11341144.14,8346021.950666667,2258403.9065779024,5463995.87,15134392.01,0.4879725085910653,0.0,0.0,0.13333333333333333,105.13058419243987,0.003436426116838488,10,148,1,0,0,0,0,0,0
2023-04-01,val,9620983.81,9620983.81,1227,2006364.58,251,2023,4,1,5,13,2,1,1,0,0.8660254037844387,-0.4999999999999998,-0.9749279121818236,-0.2225209339563146,Summer,1,7629505.19,11341144.14,11181711.66,8368143.61,872.0,1426.0,7990410.504285715,1760196.6745179603,6573972.59,11341144.14,7886059.588571429,1648489.8868123235,6181108.88,11341144.14,8341613.564666667,2259712.4123025085,5463995.87,15134392.01,0.50199203187251,0.0,0.0,0.14143426294820718,104.63745019920319,0.0,10,147,1,0,0,0,0,1,0
2023-04-02,val,11784777.39,11784777.39,1462,2856539.67,290,2023,4,2,6,13,2,1,0,0,0.8660254037844387,-0.4999999999999998,-0.7818314824680299,0.6234898018587334,Summer,1,9620983.81,9431528.17,7838314.38,7091037.83,1227.0,1346.0,7744673.314285715,1264805.653045945,6573972.59,9620983.81,7774579.0278571425,1449201.2243444896,6181108.88,11341144.14,8383374.904666666,2271764.2354216594,5463995.87,15134392.01,0.4793103448275862,0.0,0.0,0.13517241379310346,107.80689655172414,0.0,10,150,1,0,0,0,0,1,0
2023-04-03,val,5903526.1,5903526.1,804,1418551.55,243,2023,4,3,0,14,2,0,0,0,0.8660254037844387,-0.4999999999999998,0.0,1.0,Summer,1,11784777.39,6573972.59,7396348.44,8771458.26,1462.0,932.0,8080851.774285714,1927184.906344064,6573972.59,11784777.39,8056469.242857142,1803150.1037091513,6181108.88,11784777.39,8539832.89,2340288.07699427,5463995.87,15134392.01,0.522633744855967,0.0,0.0,0.14115226337448558,104.61316872427983,0.00411522633744856,10,139,1,0,0,0,0,0,0
2023-04-04,val,8368840.38,8368840.38,937,1937215.45,304,2023,4,4,1,14,2,0,0,0,0.8660254037844387,-0.4999999999999998,0.7818314824680298,0.6234898018587336,Summer,1,5903526.1,6785339.26,6667226.78,13859514.39,804.0,835.0,7985073.704285716,2028550.3084905238,5903526.1,11784777.39,7949839.0757142855,1887362.39765292,5903526.1,11784777.39,8444235.151333334,2388577.6720434567,5463995.87,15134392.01,0.47368421052631576,0.0,0.0,0.12828947368421054,104.51973684210526,0.006578947368421052,10,158,1,0,0,0,0,0,0
2023-04-05,val,7562590.32,7562590.32,845,1714653.0,274,2023,4,5,2,14,2,0,0,0,0.8660254037844387,-0.4999999999999998,0.9749279121818236,-0.22252093395631434,Summer,1,8368840.38,7258523.57,6894259.3,6371959.49,937.0,815.0,8211288.149999999,1959583.349460475,5903526.1,11784777.39,8071382.904285714,1852886.0195993353,5903526.1,11784777.39,8261212.684333334,2158617.9646514147,5463995.87,15134392.01,0.5291970802919708,0.0,0.0,0.14854014598540147,101.84671532846716,0.010948905109489052,10,154,1,0,0,0,0,0,0
2023-04-06,val,9270753.89,9270753.89,838,2297889.23,277,2023,4,6,3,14,2,0,0,0,0.8660254037844387,-0.4999999999999998,0.43388373911755823,-0.900968867902419,Summer,1,7562590.32,6912860.61,6181108.88,7654566.62,845.0,882.0,8254726.257142858,1938196.836691922,5903526.1,11784777.39,8119120.834285715,1828676.928100133,5903526.1,11784777.39,8300900.378666666,2133483.9257806,5463995.87,15134392.01,0.4729241877256318,0.0,0.0,0.13501805054151625,105.54512635379061,0.0036101083032490976,10,153,1,0,0,0,0,0,0
2023-04-07,val,8444445.36,8444445.36,810,2075401.72,259,2023,4,7,4,14,2,0,0,0,0.8660254037844387,-0.4999999999999998,-0.433883739117558,-0.9009688679024191,Summer,1,9270753.89,7629505.19,8312991.27,15134392.01,838.0,872.0,8591568.154285714,1869808.9633536937,5903526.1,11784777.39,8339809.763571428,1762020.0144389367,5903526.1,11784777.39,8354773.287666666,2137002.8639992718,5463995.87,15134392.01,0.4826254826254826,0.0,0.0,0.1362934362934363,102.31274131274131,0.015444015444015444,10,138,1,0,0,0,0,0,0
2023-04-08,val,13105156.09,13105156.09,1439,3189027.1,289,2023,4,8,5,14,2,1,0,0,0.8660254037844387,-0.4999999999999998,-0.9749279121818236,-0.2225209339563146,Summer,1,8444445.36,9620983.81,11341144.14,6841023.41,810.0,1227.0,8707988.17857143,1824751.94531532,5903526.1,11784777.39,8349199.341428571,1762216.3489091252,5903526.1,11784777.39,8131775.066,1711921.896742437,5463995.87,11784777.39,0.47058823529411764,0.0,0.0,0.1342560553633218,104.02768166089966,0.0,10,153,1,0,0,0,0,1,0
2023-04-09,val,11381125.14,11381125.14,1350,3425849.4499999997,260,2023,4,9,6,14,2,1,0,0,0.8660254037844387,-0.4999999999999998,-0.7818314824680299,0.6234898018587334,Summer,1,13105156.09,11784777.39,9431528.17,5463995.87,1439.0,1462.0,9205727.075714286,2474726.736489593,5903526.1,13105156.09,8475200.194999998,2034612.1892784738,5903526.1,13105156.09,8340579.488666667,1918603.3102458382,5463995.87,13105156.09,0.48846153846153845,0.0,0.0,0.12615384615384614,105.54230769230769,0.0,10,152,1,0,0,0,0,1,0
2023-04-10,val,7355327.99,7355327.99,922,1672097.1099999999,278,2023,4,10,0,15,2,0,0,0,0.8660254037844387,-0.4999999999999998,0.0,1.0,Summer,1,11381125.14,5903526.1,6573972.59,11464147.37,1350.0,804.0,9148062.468571428,2408430.134888728,5903526.1,13105156.09,8614457.121428572,2167482.580859399,5903526.1,13105156.09,8537817.131000001,1916833.1022680555,5903526.1,13105156.09,0.49280575539568344,0.0,0.0,0.1359712230215827,107.30575539568345,0.0035971223021582736,10,146,1,0,0,0,0,0,0
2023-04-11,val,5604707.609999999,5604707.609999999,801,1245855.84,258,2023,4,11,1,15,2,0,0,0,0.8660254037844387,-0.4999999999999998,0.7818314824680298,0.6234898018587336,Summer,1,7355327.99,8368840.38,6785339.26,10292350.14,922.0,937.0,9355462.73857143,2128731.6586622004,7355327.99,13105156.09,8670268.221428571,2120449.341722061,5903526.1,13105156.09,8400856.485,1846014.8172611303,5903526.1,13105156.09,0.4844961240310077,0.0,0.0,0.1313953488372093,103.36821705426357,0.007751937984496124,10,143,1,0,0,0,0,0,0
2023-04-12,val,6773621.16,6773621.16,765,1673457.65,242,2023,4,12,2,15,2,0,0,0,0.8660254037844387,-0.4999999999999998,0.9749279121818236,-0.22252093395631434,Summer,1,5604707.609999999,7562590.32,7258523.57,7329578.0,801.0,845.0,8960586.628571428,2555785.6328950077,5604707.609999999,13105156.09,8585937.389285715,2222214.9616254373,5604707.609999999,13105156.09,8244601.734,1878495.2188390866,5604707.609999999,13105156.09,0.4834710743801653,0.0,0.0,0.13760330578512395,103.03719008264463,0.008264462809917356,10,144,1,0,0,0,0,0,0
2023-04-13,val,7526662.02,7526662.02,828,2088956.76,271,2023,4,13,3,15,2,0,0,0,0.8660254037844387,-0.4999999999999998,0.43388373911755823,-0.900968867902419,Summer,1,6773621.16,9270753.89,6912860.61,7683454.53,765.0,838.0,8847876.74857143,2643600.4763224106,5604707.609999999,13105156.09,8551301.502857143,2248123.6450775038,5604707.609999999,13105156.09,8226069.839333334,1890537.2052677104,5604707.609999999,13105156.09,0.5092250922509225,0.0,0.0,0.13542435424354243,107.13653136531366,0.0036900369003690036,10,145,1,0,0,0,0,0,0
2023-04-14,val,6643673.27,6643673.27,799,1435351.02,260,2023,4,14,4,15,2,0,0,0,0.8660254037844387,-0.4999999999999998,-0.433883739117558,-0.9009688679024191,Summer,1,7526662.02,8444445.36,7629505.19,7087464.71,828.0,810.0,8598720.767142856,2679053.7269451558,5604707.609999999,13105156.09,8595144.460714286,2219515.9840921527,5604707.609999999,13105156.09,8220843.422333334,1892304.9006283851,5604707.609999999,13105156.09,0.4423076923076923,0.0,0.0,0.12461538461538461,100.34615384615384,0.0038461538461538464,10,142,1,0,0,0,0,0,0
2023-04-15,val,8939135.97,8939135.97,1233,1887718.85,252,2023,4,15,5,15,2,1,0,0,0.8660254037844387,-0.4999999999999998,-0.9749279121818236,-0.2225209339563146,Summer,1,6643673.27,13105156.09,9620983.81,8283198.92,799.0,1439.0,8341467.611428572,2780861.040011206,5604707.609999999,13105156.09,8524727.895,2267625.4499465968,5604707.609999999,13105156.09,8206050.374333333,1903174.0332755076,5604707.609999999,13105156.09,0.47619047619047616,0.0,0.0,0.12976190476190477,102.9920634920635,0.007936507936507936,10,146,1,0,0,0,0,1,0
2023-04-16,val,9754599.62,9754599.62,1362,1916194.3,283,2023,4,16,6,15,2,1,0,0,0.8660254037844387,-0.4999999999999998,-0.7818314824680299,0.6234898018587334,Summer,1,8939135.97,11381125.14,11784777.39,8147287.54,1233.0,1350.0,7746321.88,1896673.3683660114,5604707.609999999,11381125.14,8476024.477857143,2249519.1974810436,5604707.609999999,13105156.09,8227914.942666667,1907853.0218737766,5604707.609999999,13105156.09,0.47703180212014135,0.0,0.0,0.1402826855123675,105.5547703180212,0.0035335689045936395,10,161,1,0,0,0,0,1,0
2023-04-17,val,7003676.44,7003676.44,847,1662844.8499999999,279,2023,4,17,0,16,2,0,0,0,0.8660254037844387,-0.4999999999999998,0.0,1.0,Summer,1,9754599.62,7355327.99,5903526.1,11181711.66,1362.0,922.0,7513961.09142857,1415842.6929587107,5604707.609999999,9754599.62,8331011.78,2078773.3635820958,5604707.609999999,13105156.09,8281492.011999999,1927973.222863731,5604707.609999999,13105156.09,0.5232974910394266,0.0,0.0,0.13655913978494624,104.34767025089606,0.007168458781362007,10,155,1,0,0,0,0,0,0
2023-04-18,val,6698083.2,6698083.2,880,1667579.72,275,2023,4,18,1,16,2,0,0,0,0.8660254037844387,-0.4999999999999998,0.7818314824680298,0.6234898018587336,Summer,1,7003676.44,5604707.609999999,8368840.38,7838314.38,847.0,801.0,7463725.1557142865,1428590.4245784006,5604707.609999999,9754599.62,8409593.947142856,1999222.2188238625,5604707.609999999,13105156.09,8142224.171333333,1860988.005857224,5604707.609999999,13105156.09,0.48727272727272725,0.0,0.0,0.12981818181818183,100.54181818181819,0.01090909090909091,10,144,1,0,0,0,0,0,0
2023-04-19,val,6222048.21,6222048.21,920,1285348.14,296,2023,4,19,2,16,2,0,0,0,0.8660254037844387,-0.4999999999999998,0.9749279121818236,-0.22252093395631434,Summer,1,6698083.2,6773621.16,7562590.32,7396348.44,880.0,765.0,7619921.668571428,1238594.8706671477,6643673.27,9754599.62,8290254.148571429,2051036.953538284,5604707.609999999,13105156.09,8104216.465333333,1878965.771951034,5604707.609999999,13105156.09,0.5101351351351351,0.0,0.0,0.14560810810810812,106.46283783783784,0.0,10,152,1,0,0,0,0,0,0
2023-04-20,val,6818273.02,6818273.02,943,1480319.83,286,2023,4,20,3,16,2,0,0,0,0.8660254037844387,-0.4999999999999998,0.43388373911755823,-0.900968867902419,Summer,1,6222048.21,7526662.02,9270753.89,6667226.78,920.0,828.0,7541125.532857142,1316502.1433204166,6222048.21,9754599.62,8194501.140714286,2117825.5143474615,5604707.609999999,13105156.09,8065073.124333333,1906254.433197773,5604707.609999999,13105156.09,0.513986013986014,0.0,0.0,0.136013986013986,107.82867132867133,0.0034965034965034965,10,149,1,0,0,0,0,0,0
2023-04-21,val,9148341.34,9148341.34,848,1868958.56,276,2023,4,21,4,16,2,0,0,0,0.8660254037844387,-0.4999999999999998,-0.433883739117558,-0.9009688679024191,Summer,1,6818273.02,6643673.27,8444445.36,6894259.3,943.0,799.0,7439927.104285715,1344723.3958901474,6222048.21,9754599.62,8019323.935714287,2123376.645737985,5604707.609999999,13105156.09,8070107.999,1902631.105251185,5604707.609999999,13105156.09,0.47101449275362317,0.0,0.0,0.14456521739130435,104.31159420289855,0.007246376811594203,10,146,1,0,0,0,0,0,0
2023-04-22,val,25276135.4,25276135.4,3138,4514332.64,239,2023,4,22,5,16,2,1,0,0,0.8660254037844387,-0.4999999999999998,-0.9749279121818236,-0.2225209339563146,Summer,1,9148341.34,8939135.97,13105156.09,6181108.88,848.0,1233.0,7797736.828571429,1428177.7730934164,6222048.21,9754599.62,8069602.220000001,2142464.977314587,5604707.609999999,13105156.09,8145244.067000001,1899099.175477498,5604707.609999999,13105156.09,1.0,1.0,1.0,0.2,98.94979079497908,0.0041841004184100415,10,138,1,1,1,1,0,1,1
2023-04-23,val,11368100.45,11368100.45,1388,2870542.7,275,2023,4,23,6,16,2,1,0,0,0.8660254037844387,-0.4999999999999998,-0.7818314824680299,0.6234898018587334,Summer,1,25276135.4,9754599.62,11381125.14,8312991.27,3138.0,1362.0,10131593.889999999,6810550.071381285,6222048.21,25276135.4,8938957.885,4959831.7419683365,5604707.609999999,25276135.4,8781744.951,3629602.2497054543,5604707.609999999,25276135.4,0.48,0.0,0.0,0.13163636363636363,103.36727272727273,0.0036363636363636364,10,150,1,0,0,0,0,1,0
2023-04-24,val,7116936.31,7116936.31,875,1978708.98,276,2023,4,24,0,17,2,0,0,0,0.8660254037844387,-0.4999999999999998,0.0,1.0,Summer,1,11368100.45,7003676.44,7355327.99,11341144.14,1388.0,847.0,10362094.00857143,6822957.146152853,6222048.21,25276135.4,8938027.55,4959339.614804904,5604707.609999999,25276135.4,8883581.923666667,3658738.9193764525,5604707.609999999,25276135.4,0.5253623188405797,0.0,0.0,0.14384057971014494,105.28985507246377,0.007246376811594203,10,154,1,0,0,0,0,0,0
2023-04-25,val,7841234.1,7841234.1,790,1722937.43,260,2023,4,25,1,17,2,0,0,0,0.8660254037844387,-0.4999999999999998,0.7818314824680298,0.6234898018587336,Summer,1,7116936.31,6698083.2,5604707.609999999,9431528.17,875.0,880.0,10378273.989999998,6813793.763273447,6222048.21,25276135.4,8920999.572857143,4965597.17125865,5604707.609999999,25276135.4,8742774.996,3642144.929208468,5604707.609999999,25276135.4,0.5538461538461539,0.0,0.0,0.1603846153846154,104.72692307692307,0.007692307692307693,10,141,1,0,0,0,0,0,0
2023-04-26,val,8013271.43,8013271.43,979,1632195.68,314,2023,4,26,2,17,2,0,0,0,0.8660254037844387,-0.4999999999999998,0.9749279121818236,-0.22252093395631434,Summer,1,7841234.1,6222048.21,6773621.16,6573972.59,790.0,920.0,10541581.26142857,6723996.765179732,6222048.21,25276135.4,9080751.465,4886038.431699771,6222048.21,25276135.4,8689765.193666667,3643347.5737605165,5604707.609999999,25276135.4,0.5509554140127388,0.0,0.0,0.15605095541401273,100.68152866242038,0.006369426751592357,10,159,1,0,0,0,0,0,0
2023-04-27,val,8260406.29,8260406.29,925,1913526.62,292,2023,4,27,3,17,2,0,0,0,0.8660254037844387,-0.4999999999999998,0.43388373911755823,-0.900968867902419,Summer,1,8013271.43,6818273.02,7526662.02,6785339.26,979.0,943.0,10797470.29285714,6564404.332399618,6818273.02,25276135.4,9169297.912857141,4852126.631151569,6222048.21,25276135.4,8737741.821666667,3623950.39510417,5604707.609999999,25276135.4,0.4897260273972603,0.0,0.0,0.1284246575342466,100.34246575342466,0.00684931506849315,10,159,1,0,0,0,0,0,0
2023-04-28,val,8061270.42,8061270.42,871,1708388.58,284,2023,4,28,4,17,2,0,0,0,0.8660254037844387,-0.4999999999999998,-0.433883739117558,-0.9009688679024191,Summer,1,8260406.29,9148341.34,6643673.27,7258523.57,925.0,848.0,11003489.33142857,6440160.470876789,7116936.31,25276135.4,9221708.217857143,4836957.900662104,6222048.21,25276135.4,8786910.722666668,3606511.943412422,5604707.609999999,25276135.4,0.4894366197183099,0.0,0.0,0.13450704225352114,106.59507042253522,0.01056338028169014,10,152,1,0,0,0,0,0,0
2023-04-29,val,11199159.35,11199159.35,1659,2682961.33,318,2023,4,29,5,17,2,1,0,0,0.8660254037844387,-0.4999999999999998,-0.9749279121818236,-0.2225209339563146,Summer,1,8061270.42,25276135.4,8939135.97,6912860.61,871.0,3138.0,10848193.485714285,6505129.537509321,7116936.31,25276135.4,9322965.157142857,4793480.449590493,6222048.21,25276135.4,8813668.951,3597748.481836884,5604707.609999999,25276135.4,0.5157232704402516,0.0,0.0,0.14088050314465408,107.21069182389937,0.009433962264150943,10,160,1,0,0,0,0,1,0
2023-04-30,val,12087667.42,12087667.42,1493,3136321.74,295,2023,4,30,6,17,2,1,0,1,0.8660254037844387,-0.4999999999999998,-0.7818314824680299,0.6234898018587334,Summer,1,11199159.35,11368100.45,9754599.62,7629505.19,1659.0,1388.0,8837196.907142857,1710223.1960267497,7116936.31,11368100.45,9484395.398571428,4817554.888533441,6222048.21,25276135.4,8956545.575666666,3604762.7030631076,5604707.609999999,25276135.4,0.49830508474576274,0.0,0.0,0.1335593220338983,100.05762711864406,0.013559322033898305,10,151,1,0,0,0,0,1,0
2023-05-01,val,6566571.95,6566571.95,871,1389520.41,273,2023,5,1,0,18,2,0,1,0,0.49999999999999994,-0.8660254037844387,0.0,1.0,Summer,1,12087667.42,7116936.31,7003676.44,9620983.81,1493.0,875.0,8939992.188571427,1898916.270046626,7116936.31,12087667.42,9651043.098571429,4867712.074048458,6222048.21,25276135.4,9105150.983333332,3639891.4867289197,5604707.609999999,25276135.4,0.5238095238095238,0.0,0.0,0.13663003663003662,100.01831501831502,0.0,10,148,1,0,0,0,0,0,0
2023-05-02,val,6866647.4799999995,6866647.4799999995,988,1368407.79,310,2023,5,2,1,18,2,0,0,0,0.49999999999999994,-0.8660254037844387,0.7818314824680298,0.6234898018587336,Summer,1,6566571.95,7841234.1,6698083.2,11784777.39,871.0,790.0,8861368.708571428,1995896.512643805,6566571.95,12087667.42,9619821.349285712,4887360.745531731,6222048.21,25276135.4,9003337.254666666,3667578.407890673,5604707.609999999,25276135.4,0.5,0.0,0.0,0.14225806451612905,100.55483870967743,0.0032258064516129032,10,156,1,0,0,0,0,0,0
2023-05-03,val,7195823.45,7195823.45,801,1847282.27,262,2023,5,3,2,18,2,0,0,0,0.49999999999999994,-0.8660254037844387,0.9749279121818236,-0.22252093395631434,Summer,1,6866647.4799999995,8013271.43,6222048.21,5903526.1,988.0,979.0,8722142.048571428,2109666.919019339,6566571.95,12087667.42,9631861.655,4879810.98874663,6222048.21,25276135.4,8839399.591,3648833.432862212,5604707.609999999,25276135.4,0.5114503816793893,0.0,0.0,0.13244274809160306,107.4885496183206,0.015267175572519083,10,151,1,0,0,0,0,0,0
2023-05-04,val,5629346.61,5629346.61,761,1182128.34,252,2023,5,4,3,18,2,0,0,0,0.49999999999999994,-0.8660254037844387,0.43388373911755823,-0.900968867902419,Summer,1,7195823.45,8260406.29,6818273.02,8368840.38,801.0,925.0,8605363.765714286,2176995.5517589347,6566571.95,12087667.42,9701417.029285714,4834196.630591026,6566571.95,25276135.4,8882476.169333333,3620496.7216386907,5604707.609999999,25276135.4,0.5119047619047619,0.0,0.0,0.1484126984126984,105.30555555555556,0.0,10,146,1,0,0,0,0,0,0
2023-05-05,val,7130462.4,7130462.4,948,1599244.41,291,2023,5,5,4,18,2,0,0,0,0.49999999999999994,-0.8660254037844387,-0.433883739117558,-0.9009688679024191,Summer,1,5629346.61,8061270.42,9148341.34,7562590.32,761.0,871.0,8229498.0971428575,2455762.4491404337,5629346.61,12087667.42,9616493.714285715,4898753.47073222,5629346.61,25276135.4,8791159.710333334,3668132.890486018,5604707.609999999,25276135.4,0.4948453608247423,0.0,0.0,0.14123711340206185,107.0446735395189,0.006872852233676976,10,147,1,0,0,0,0,0,0
2023-05-06,val,8794048.91,8794048.91,1219,1818684.53,261,2023,5,6,5,18,2,1,0,0,0.49999999999999994,-0.8660254037844387,-0.9749279121818236,-0.2225209339563146,Summer,1,7130462.4,11199159.35,25276135.4,9270753.89,948.0,1659.0,8096525.522857143,2491332.381588267,5629346.61,12087667.42,9472359.504285714,4943072.479855092,5629346.61,25276135.4,8776755.446333334,3673967.490380152,5604707.609999999,25276135.4,0.524904214559387,0.0,0.0,0.13984674329501914,107.7088122605364,0.0038314176245210726,10,144,1,0,0,0,0,1,0
2023-05-07,val,9147136.11,9147136.11,1191,1802824.3599999999,224,2023,5,7,6,18,2,1,0,0,0.49999999999999994,-0.8660254037844387,-0.7818314824680299,0.6234898018587334,Summer,1,8794048.91,12087667.42,11368100.45,8444445.36,1219.0,1493.0,7752938.317142858,2132067.0427259086,5629346.61,12087667.42,8295067.612142856,1940223.9748662848,5629346.61,12087667.42,8760865.280333333,3672787.9393284167,5604707.609999999,25276135.4,0.45982142857142855,0.0,0.0,0.12232142857142857,108.64285714285714,0.0,10,136,1,0,0,0,0,1,0
2023-05-08,val,6457947.79,6457947.79,886,1206218.47,267,2023,5,8,0,19,2,0,0,0,0.49999999999999994,-0.8660254037844387,0.0,1.0,Summer,1,9147136.11,6566571.95,7116936.31,13105156.09,1191.0,871.0,7332862.415714286,1237802.0841927864,5629346.61,9147136.11,8136427.302142857,1751224.920217776,5629346.61,12087667.42,8784288.305333333,3672941.0869402234,5604707.609999999,25276135.4,0.5543071161048689,0.0,0.0,0.15243445692883897,103.26591760299625,0.003745318352059925,10,144,1,0,0,0,0,0,0
2023-05-09,val,6576526.38,6576526.38,821,1528956.54,265,2023,5,9,1,19,2,0,0,0,0.49999999999999994,-0.8660254037844387,0.7818314824680298,0.6234898018587336,Summer,1,6457947.79,6866647.4799999995,7841234.1,11381125.14,886.0,988.0,7317344.678571428,1249634.1411971978,5629346.61,9147136.11,8089356.693571428,1789180.4306492654,5629346.61,12087667.42,8562714.695333334,3603128.4608543157,5604707.609999999,25276135.4,0.5018867924528302,0.0,0.0,0.14,103.35849056603773,0.0,10,149,1,0,0,0,0,0,0
2023-05-10,val,5689243.22,5689243.22,868,1284439.86,275,2023,5,10,2,19,2,0,0,0,0.49999999999999994,-0.8660254037844387,0.9749279121818236,-0.22252093395631434,Summer,1,6576526.38,7195823.45,8013271.43,7355327.99,821.0,801.0,7275898.807142858,1271689.9770228842,5629346.61,9147136.11,7999020.427857143,1834037.3232091216,5629346.61,12087667.42,8402561.403333332,3580240.507902442,5604707.609999999,25276135.4,0.5018181818181818,0.0,0.0,0.13599999999999998,102.0690909090909,0.014545454545454545,10,149,1,0,0,0,0,0,0
2023-05-11,val,7523968.93,7523968.93,919,1641609.78,282,2023,5,11,3,19,2,0,0,0,0.49999999999999994,-0.8660254037844387,0.43388373911755823,-0.900968867902419,Summer,1,5689243.22,5629346.61,8260406.29,5604707.609999999,868.0,761.0,7060673.0600000005,1407715.7276785057,5629346.61,9147136.11,7833018.412857143,1935042.8743234721,5629346.61,12087667.42,8347025.244333333,3609844.8267903756,5604707.609999999,25276135.4,0.5212765957446809,0.0,0.0,0.14113475177304963,108.68794326241135,0.0,10,151,1,0,0,0,0,0,0
2023-05-12,val,5372857.99,5372857.99,807,1054508.8699999999,256,2023,5,12,4,19,2,0,0,0,0.49999999999999994,-0.8660254037844387,-0.433883739117558,-0.9009688679024191,Summer,1,7523968.93,7130462.4,8061270.42,6773621.16,919.0,948.0,7331333.391428572,1261158.8567231018,5689243.22,9147136.11,7780415.744285715,1932539.0760516336,5629346.61,12087667.42,8411000.621666666,3576420.579841459,5629346.61,25276135.4,0.4609375,0.0,0.0,0.11875000000000001,106.28515625,0.01171875,10,141,1,0,0,0,0,0,0
2023-05-13,val,15129015.43,15129015.43,1540,3602439.31,303,2023,5,13,5,19,2,1,0,0,0.49999999999999994,-0.8660254037844387,-0.9749279121818236,-0.2225209339563146,Summer,1,5372857.99,8794048.91,11199159.35,7526662.02,807.0,1219.0,7080247.047142857,1466122.792046127,5372857.99,9147136.11,7588386.284999999,2033420.6733434233,5372857.99,12087667.42,8364308.516,3607543.03303321,5372857.99,25276135.4,0.5610561056105611,0.0,0.0,0.15181518151815182,104.41914191419141,0.009900990099009901,10,159,1,0,0,0,0,1,0
2023-05-14,val,10593776.87,10593776.87,1343,2391777.9899999998,266,2023,5,14,6,19,2,1,0,0,0.49999999999999994,-0.8660254037844387,-0.7818314824680299,0.6234898018587334,Summer,1,15129015.43,9147136.11,12087667.42,6643673.27,1540.0,1191.0,7985242.264285713,3391399.3548025386,5372857.99,15129015.43,7869090.290714286,2724146.6509166127,5372857.99,15129015.43,8617720.296333333,3808111.6570675275,5372857.99,25276135.4,0.46616541353383456,0.0,0.0,0.1360902255639098,101.09398496240601,0.0037593984962406013,10,146,1,0,0,0,0,1,0
2023-05-15,val,8041153.57,8041153.57,881,1697946.6300000001,295,2023,5,15,0,20,2,0,0,0,0.49999999999999994,-0.8660254037844387,0.0,1.0,Summer,1,10593776.87,6457947.79,6566571.95,8939135.97,1343.0,886.0,8191905.2299999995,3515798.295153981,5372857.99,15129015.43,7762383.822857142,2571153.4505227287,5372857.99,15129015.43,8749390.416333335,3805792.0680568363,5372857.99,25276135.4,0.535593220338983,0.0,0.0,0.14644067796610172,105.07118644067796,0.003389830508474576,10,156,1,0,0,0,0,0,0
2023-05-16,val,7003300.54,7003300.54,771,1843259.03,249,2023,5,16,1,20,2,0,0,0,0.49999999999999994,-0.8660254037844387,0.7818314824680298,0.6234898018587336,Summer,1,8041153.57,6576526.38,6866647.4799999995,9754599.62,881.0,821.0,8418077.484285714,3435672.3347899555,5372857.99,15129015.43,7867711.081428572,2548502.1808722145,5372857.99,15129015.43,8719457.669666667,3807779.0688089323,5372857.99,25276135.4,0.5421686746987951,0.0,0.0,0.1538152610441767,106.55020080321285,0.012048192771084338,10,144,1,0,0,0,0,0,0
2023-05-17,val,7495993.29,7495993.29,858,1598299.0,264,2023,5,17,2,20,2,0,0,0,0.49999999999999994,-0.8660254037844387,0.9749279121818236,-0.22252093395631434,Summer,1,7003300.54,5689243.22,7195823.45,7003676.44,771.0,868.0,8479045.221428571,3401159.8568191067,5372857.99,15129015.43,7877472.014285713,2544631.863135834,5372857.99,15129015.43,8627747.700333333,3815113.3962043347,5372857.99,25276135.4,0.4696969696969697,0.0,0.0,0.1337121212121212,105.66287878787878,0.0,10,151,1,0,0,0,0,0,0
2023-05-18,val,7133297.47,7133297.47,876,1800926.43,267,2023,5,18,3,20,2,0,0,0,0.49999999999999994,-0.8660254037844387,0.43388373911755823,-0.900968867902419,Summer,1,7495993.29,7523968.93,5629346.61,6698083.2,858.0,919.0,8737152.374285715,3217773.324470535,5372857.99,15129015.43,7898912.717142858,2539706.411637493,5372857.99,15129015.43,8644158.262,3808940.471473694,5372857.99,25276135.4,0.4794007490636704,0.0,0.0,0.13258426966292133,104.09737827715355,0.00749063670411985,10,140,1,0,0,0,0,0,0
2023-05-19,val,6975593.56,6975593.56,893,1795185.01,282,2023,5,19,4,20,2,0,0,0,0.49999999999999994,-0.8660254037844387,-0.433883739117558,-0.9009688679024191,Summer,1,7133297.47,5372857.99,7130462.4,6222048.21,876.0,807.0,8681342.165714284,3245589.9318637447,5372857.99,15129015.43,8006337.778571429,2467092.448199337,5372857.99,15129015.43,8658665.404333333,3802095.5039438056,5372857.99,25276135.4,0.4219858156028369,0.0,0.0,0.11879432624113476,104.45390070921985,0.014184397163120567,10,154,1,0,0,0,0,0,0
2023-05-20,val,11469277.31,11469277.31,1348,2815459.15,271,2023,5,20,5,20,2,1,0,0,0.49999999999999994,-0.8660254037844387,-0.9749279121818236,-0.2225209339563146,Summer,1,6975593.56,15129015.43,8794048.91,6818273.02,893.0,1540.0,8910304.39,3022131.3918818706,6975593.56,15129015.43,7995275.718571429,2471664.8036439414,5372857.99,15129015.43,8683783.582666667,3787905.7820965075,5372857.99,25276135.4,0.4797047970479705,0.0,0.0,0.1284132841328413,104.6309963099631,0.01107011070110701,10,151,1,0,0,0,0,1,0
2023-05-21,val,11485056.49,11485056.49,1435,2832109.85,280,2023,5,21,6,20,2,1,0,0,0.49999999999999994,-0.8660254037844387,-0.7818314824680299,0.6234898018587334,Summer,1,11469277.31,10593776.87,9147136.11,9148341.34,1348.0,1343.0,8387484.658571429,1860208.8146256364,6975593.56,11469277.31,8186363.461428572,2636111.5712608416,5372857.99,15129015.43,8838817.058999998,3804065.250579089,5372857.99,25276135.4,0.5285714285714286,0.0,0.0,0.13785714285714287,111.79285714285714,0.010714285714285714,10,152,1,0,0,0,0,1,0
2023-05-22,val,7473318.78,7473318.78,934,1437481.02,294,2023,5,22,0,21,2,0,0,0,0.49999999999999994,-0.8660254037844387,0.0,1.0,Summer,1,11485056.49,8041153.57,6457947.79,25276135.4,1435.0,881.0,8514810.318571428,2056534.4703673124,6975593.56,11485056.49,8353357.774285714,2772196.6715791514,5372857.99,15129015.43,8916707.564,3834423.170267362,5372857.99,25276135.4,0.5306122448979592,0.0,0.0,0.15170068027210884,100.69047619047619,0.006802721088435374,10,160,1,0,0,0,0,0,0
2023-05-23,val,5837160.55,5837160.55,811,1458278.89,255,2023,5,23,1,21,2,0,0,0,0.49999999999999994,-0.8660254037844387,0.7818314824680298,0.6234898018587336,Summer,1,7473318.78,7003300.54,6576526.38,11368100.45,934.0,771.0,8433691.062857142,2089270.0376275342,6975593.56,11485056.49,8425884.273571428,2731781.826749167,5372857.99,15129015.43,8323280.343333333,2276332.853103666,5372857.99,15129015.43,0.47058823529411764,0.0,0.0,0.11686274509803922,107.70980392156862,0.0196078431372549,10,144,1,0,0,0,0,0,0
2023-05-24,val,7294009.99,7294009.99,887,1845281.64,271,2023,5,24,2,21,2,0,0,0,0.49999999999999994,-0.8660254037844387,0.9749279121818236,-0.22252093395631434,Summer,1,5837160.55,7495993.29,5689243.22,7116936.31,811.0,858.0,8267099.635714286,2261709.5478091054,5837160.55,11485056.49,8373072.428571428,2777056.1884747334,5372857.99,15129015.43,8138915.680000001,2244988.278578685,5372857.99,15129015.43,0.5018450184501845,0.0,0.0,0.12804428044280444,104.77121771217712,0.01845018450184502,10,155,1,0,0,0,0,0,0
2023-05-25,val,7239786.78,7239786.78,897,1435543.31,296,2023,5,25,3,21,2,0,0,0,0.49999999999999994,-0.8660254037844387,0.43388373911755823,-0.900968867902419,Summer,1,7294009.99,7133297.47,7523968.93,7841234.1,887.0,876.0,8238244.878571428,2274439.519054908,5837160.55,11485056.49,8487698.626428572,2689495.5514079,5372857.99,15129015.43,8144818.135999999,2242439.999431029,5372857.99,15129015.43,0.5540540540540541,0.0,0.0,0.15675675675675677,108.10472972972973,0.0033783783783783786,10,149,1,0,0,0,0,0,0
2023-05-26,val,6064652.57,6064652.57,793,1599886.8699999999,259,2023,5,26,4,21,2,0,0,0,0.49999999999999994,-0.8660254037844387,-0.433883739117558,-0.9009688679024191,Summer,1,7239786.78,6975593.56,5372857.99,8013271.43,897.0,893.0,8253457.637142858,2266158.2968305266,5837160.55,11485056.49,8467399.901428571,2698386.450724883,5372857.99,15129015.43,8124769.892,2247929.6061058077,5372857.99,15129015.43,0.4671814671814672,0.0,0.0,0.13552123552123552,99.47104247104247,0.007722007722007722,10,153,1,0,0,0,0,0,0
2023-05-27,val,11022611.81,11022611.81,1417,2600193.07,282,2023,5,27,5,21,2,1,0,0,0.49999999999999994,-0.8660254037844387,-0.9749279121818236,-0.2225209339563146,Summer,1,6064652.57,11469277.31,15129015.43,8260406.29,793.0,1348.0,8123323.21,2375297.4128224635,5837160.55,11485056.49,8516813.8,2643127.2782417582,5837160.55,15129015.43,8059815.930000001,2279197.6723838174,5372857.99,15129015.43,0.46808510638297873,0.0,0.0,0.12943262411347517,107.37588652482269,0.0,10,150,1,0,0,0,0,1,0
2023-05-28,val,12226588.12,12226588.12,1343,3109510.91,287,2023,5,28,6,21,2,1,0,0,0.49999999999999994,-0.8660254037844387,-0.7818314824680299,0.6234898018587334,Summer,1,11022611.81,11485056.49,10593776.87,8061270.42,1417.0,1435.0,8059513.852857143,2274283.436767752,5837160.55,11485056.49,8223499.255714285,2003322.7951716373,5837160.55,11485056.49,8151889.447333334,2342494.3662420064,5372857.99,15129015.43,0.5156794425087108,0.0,0.0,0.14285714285714285,98.1602787456446,0.017421602787456445,10,154,1,0,0,0,0,1,0
2023-05-29,val,6637749.83,6637749.83,905,1580229.08,287,2023,5,29,0,22,2,0,0,0,0.49999999999999994,-0.8660254037844387,0.0,1.0,Summer,1,12226588.12,7473318.78,8041153.57,11199159.35,1343.0,934.0,8165446.9428571435,2469338.769678996,5837160.55,12226588.12,8340128.630714287,2190697.107394561,5837160.55,12226588.12,8290733.370666667,2457555.1646659314,5372857.99,15129015.43,0.47735191637630664,0.0,0.0,0.1264808362369338,105.50871080139373,0.0,10,154,1,0,0,0,0,0,0
2023-05-30,val,7721871.13,7721871.13,838,1843538.25,256,2023,5,30,1,22,2,0,0,0,0.49999999999999994,-0.8660254037844387,0.7818314824680298,0.6234898018587336,Summer,1,6637749.83,5837160.55,7003300.54,12087667.42,905.0,811.0,8046079.950000001,2527873.9907467845,5837160.55,12226588.12,8239885.506428571,2237048.631416131,5837160.55,12226588.12,8138686.386666667,2412093.157276751,5372857.99,15129015.43,0.5078125,0.0,0.0,0.137890625,103.8125,0.00390625,10,148,1,0,0,0,0,0,0
2023-05-31,val,5408436.71,5408436.71,747,1248730.55,251,2023,5,31,2,22,2,0,0,1,0.49999999999999994,-0.8660254037844387,0.9749279121818236,-0.22252093395631434,Summer,1,7721871.13,7294009.99,7495993.29,6566571.95,838.0,887.0,8315324.318571429,2347311.2352853776,6064652.57,12226588.12,8291211.977142857,2214625.1697750622,5837160.55,12226588.12,7993159.843666667,2294457.738484841,5372857.99,15129015.43,0.47808764940239046,0.0,0.0,0.13107569721115536,102.9402390438247,0.00398406374501992,10,141,1,0,0,0,0,0,0
2023-06-01,val,7175070.75,7175070.75,922,1651571.98,295,2023,6,1,3,22,2,0,1,0,1.2246467991473532e-16,-1.0,0.43388373911755823,-0.900968867902419,Monsoon,2,5408436.71,7239786.78,7133297.47,6866647.4799999995,747.0,897.0,8045956.707142858,2580640.1160789407,5408436.71,12226588.12,8142100.792857142,2339067.578863558,5408436.71,12226588.12,7954555.335666668,2328774.167071105,5372857.99,15129015.43,0.48135593220338985,0.0,0.0,0.14576271186440679,105.97627118644068,0.0,10,154,1,0,0,0,0,0,0
2023-06-02,val,7409820.71,7409820.71,910,1737550.89,285,2023,6,2,4,22,2,0,0,0,1.2246467991473532e-16,-1.0,-0.433883739117558,-0.9009688679024191,Monsoon,2,7175070.75,6064652.57,6975593.56,7195823.45,922.0,793.0,8036711.5600000005,2584123.144059858,5408436.71,12226588.12,8145084.598571428,2337707.9688086207,5408436.71,12226588.12,7964836.111333334,2324482.637296807,5372857.99,15129015.43,0.5087719298245614,0.0,0.0,0.13543859649122808,105.08070175438597,0.0035087719298245615,10,156,1,0,0,0,0,0,0
2023-06-03,val,11691537.11,11691537.11,1258,2813806.41,259,2023,6,3,5,22,2,1,0,0,1.2246467991473532e-16,-1.0,-0.9749279121818236,-0.2225209339563146,Monsoon,2,7409820.71,11022611.81,11469277.31,5629346.61,910.0,1417.0,8228878.437142857,2460068.876375646,5408436.71,12226588.12,8176100.823571429,2323837.289520537,5408436.71,12226588.12,7971969.3533333335,2322368.748601296,5372857.99,15129015.43,0.47104247104247104,0.0,0.0,0.12857142857142856,101.33976833976834,0.007722007722007722,10,143,1,0,0,0,0,1,0
2023-06-04,val,10547067.2,10547067.2,1202,2353752.22,258,2023,6,4,6,22,2,1,0,0,1.2246467991473532e-16,-1.0,-0.7818314824680299,0.6234898018587334,Monsoon,2,11691537.11,12226588.12,11485056.49,7130462.4,1258.0,1343.0,8324439.194285714,2595918.886028278,5408436.71,12226588.12,8191976.523571429,2348692.092820791,5408436.71,12226588.12,8174042.37,2374656.41352689,5372857.99,15129015.43,0.5387596899224806,0.0,0.0,0.15310077519379844,99.72868217054264,0.003875968992248062,10,143,1,0,0,0,0,1,0
2023-06-05,val,7153971.63,7153971.63,818,1795302.76,273,2023,6,5,0,23,2,0,0,0,1.2246467991473532e-16,-1.0,0.0,1.0,Monsoon,2,10547067.2,6637749.83,7473318.78,8794048.91,1202.0,905.0,8084507.634285714,2226473.5987645704,5408436.71,11691537.11,8124977.288571429,2259200.6921009994,5408436.71,12226588.12,8287929.196666666,2404621.1315183467,5372857.99,15129015.43,0.5604395604395604,0.0,0.0,0.14945054945054945,107.16117216117216,0.003663003663003663,10,154,1,0,0,0,0,0,0
2023-06-06,val,6085186.01,6085186.01,855,1513166.16,268,2023,6,6,1,23,2,0,0,0,1.2246467991473532e-16,-1.0,0.7818314824680298,0.6234898018587336,Monsoon,2,7153971.63,7721871.13,5837160.55,9147136.11,818.0,838.0,8158253.605714286,2178601.5372585044,5408436.71,11691537.11,8102166.7778571425,2267881.927449263,5408436.71,12226588.12,8233259.954,2411351.9002200905,5372857.99,15129015.43,0.458955223880597,0.0,0.0,0.11567164179104478,104.32089552238806,0.007462686567164179,10,143,1,0,0,0,0,0,0
2023-06-07,val,7060479.94,7060479.94,762,1690076.33,253,2023,6,7,2,23,2,0,0,0,1.2246467991473532e-16,-1.0,0.9749279121818236,-0.22252093395631434,Monsoon,2,6085186.01,5408436.71,7294009.99,6457947.79,855.0,747.0,7924441.445714286,2316690.5510884062,5408436.71,11691537.11,8119882.882142858,2249723.296486821,5408436.71,12226588.12,8131194.950666667,2436011.831884659,5372857.99,15129015.43,0.5138339920948617,0.0,0.0,0.13478260869565217,105.50197628458498,0.003952569169960474,10,148,1,0,0,0,0,0,0
2023-06-08,val,4775552.28,4775552.28,809,889761.8,270,2023,6,8,3,23,2,0,0,0,1.2246467991473532e-16,-1.0,0.43388373911755823,-0.900968867902419,Monsoon,2,7060479.94,7175070.75,7239786.78,6576526.38,762.0,922.0,8160447.621428572,2090796.8140323178,6085186.01,11691537.11,8103202.164285714,2257171.254720781,5408436.71,12226588.12,8151279.355666667,2424195.769813307,5372857.99,15129015.43,0.5148148148148148,0.0,0.0,0.14814814814814814,103.65925925925926,0.003703703703703704,10,153,1,0,0,0,0,0,0
2023-06-09,val,7100111.16,7100111.16,822,1518980.47,262,2023,6,9,4,23,2,0,0,0,1.2246467991473532e-16,-1.0,-0.433883739117558,-0.9009688679024191,Monsoon,2,4775552.28,7409820.71,6064652.57,5689243.22,809.0,910.0,7817659.268571429,2445833.5257843137,4775552.28,11691537.11,7927185.414285714,2419896.8196285516,4775552.28,12226588.12,8091246.885666667,2486047.9522966333,4775552.28,15129015.43,0.4961832061068702,0.0,0.0,0.12748091603053435,103.61068702290076,0.007633587786259542,10,147,1,0,0,0,0,0,0
2023-06-10,val,9059948.950000001,9059948.950000001,1173,2022688.9,241,2023,6,10,5,23,2,1,0,0,1.2246467991473532e-16,-1.0,-0.9749279121818236,-0.2225209339563146,Monsoon,2,7100111.16,11691537.11,11022611.81,7523968.93,822.0,1258.0,7773415.047142857,2457215.5635817833,4775552.28,11691537.11,8001146.742142857,2373979.9001681455,4775552.28,12226588.12,8138275.817,2452155.807460295,4775552.28,15129015.43,0.4979253112033195,0.0,0.0,0.13734439834024897,105.45643153526972,0.0,10,137,1,0,0,0,0,1,0
2023-06-11,val,10428558.24,10428558.24,1295,2539787.89,273,2023,6,11,6,23,2,1,0,0,1.2246467991473532e-16,-1.0,-0.7818314824680299,0.6234898018587334,Monsoon,2,9059948.950000001,10547067.2,12226588.12,5372857.99,1173.0,1202.0,7397473.881428571,1894800.6323733202,4775552.28,10547067.2,7860956.537857143,2235755.116200643,4775552.28,12226588.12,8189475.1510000015,2454920.760547128,4775552.28,15129015.43,0.4835164835164835,0.0,0.0,0.1304029304029304,103.65201465201466,0.007326007326007326,10,154,1,0,0,0,0,1,0
2023-06-12,val,6661218.21,6661218.21,822,1284477.25,263,2023,6,12,0,24,2,0,0,0,1.2246467991473532e-16,-1.0,0.0,1.0,Monsoon,2,10428558.24,7153971.63,6637749.83,15129015.43,1295.0,818.0,7380544.03,1862218.4170121239,4775552.28,10428558.24,7732525.832142857,2005468.0895853338,4775552.28,11691537.11,8357998.492666666,2428285.897668137,4775552.28,15129015.43,0.5019011406844106,0.0,0.0,0.12661596958174903,107.0532319391635,0.011406844106463879,10,151,1,0,0,0,0,0,0
2023-06-13,val,7081896.16,7081896.16,757,1632605.05,247,2023,6,13,1,24,2,0,0,0,1.2246467991473532e-16,-1.0,0.7818314824680298,0.6234898018587336,Monsoon,2,6661218.21,6085186.01,7721871.13,10593776.87,822.0,855.0,7310150.684285715,1881424.664847795,4775552.28,10428558.24,7734202.1450000005,2004492.1770964642,4775552.28,11691537.11,8075738.585333333,2081468.9187087058,4775552.28,12226588.12,0.4979757085020243,0.0,0.0,0.13927125506072874,102.2753036437247,0.016194331983805668,10,144,1,0,0,0,0,0,0
2023-06-14,val,5496770.23,5496770.23,791,1224170.79,254,2023,6,14,2,24,2,0,0,0,1.2246467991473532e-16,-1.0,0.9749279121818236,-0.22252093395631434,Monsoon,2,7081896.16,7060479.94,5408436.71,8041153.57,757.0,762.0,7452537.848571429,1809613.013866108,4775552.28,10428558.24,7688489.647142857,2012077.9869849663,4775552.28,11691537.11,7958675.895,2033164.415610716,4775552.28,12226588.12,0.4921259842519685,0.0,0.0,0.14409448818897638,99.4251968503937,0.003937007874015748,10,147,1,0,0,0,0,0,0
2023-06-15,val,7473304.54,7473304.54,826,1768882.18,274,2023,6,15,3,24,2,0,0,0,1.2246467991473532e-16,-1.0,0.43388373911755823,-0.900968867902419,Monsoon,2,5496770.23,4775552.28,7175070.75,7003300.54,791.0,809.0,7229150.747142858,1956621.2610138296,4775552.28,10428558.24,7694799.184285714,2004502.3744235418,4775552.28,11691537.11,7873863.117,2082085.736445528,4775552.28,12226588.12,0.5072992700729927,0.0,0.0,0.13832116788321167,107.13868613138686,0.0,10,148,1,0,0,0,0,0,0
2023-06-16,val,6405912.02,6405912.02,801,1384417.6,256,2023,6,16,4,24,2,0,0,0,1.2246467991473532e-16,-1.0,-0.433883739117558,-0.9009688679024191,Monsoon,2,7473304.54,7100111.16,7409820.71,7495993.29,826.0,822.0,7614543.927142858,1631460.0244655665,5496770.23,10428558.24,7716101.597857143,2000134.1518548897,4775552.28,11691537.11,7889529.917,2077071.4954395385,4775552.28,12226588.12,0.5078125,0.0,0.0,0.142578125,103.98046875,0.01171875,10,141,1,0,0,0,0,0,0
2023-06-17,val,12532092.82,12532092.82,1472,2954382.42,300,2023,6,17,5,24,2,1,0,0,1.2246467991473532e-16,-1.0,-0.9749279121818236,-0.2225209339563146,Monsoon,2,6405912.02,9059948.950000001,11691537.11,7133297.47,801.0,1173.0,7515372.621428572,1688059.8453297967,5496770.23,10428558.24,7644393.834285715,2029736.1865538617,4775552.28,11691537.11,7853193.874666667,2093661.992828227,4775552.28,12226588.12,0.48,0.0,0.0,0.14833333333333334,102.32666666666667,0.0033333333333333335,10,162,1,0,0,0,0,1,0
2023-06-18,val,11550172.32,11550172.32,1382,2965643.12,285,2023,6,18,6,24,2,1,0,0,1.2246467991473532e-16,-1.0,-0.7818314824680299,0.6234898018587334,Monsoon,2,12532092.82,10428558.24,10547067.2,6975593.56,1472.0,1295.0,8011393.1742857145,2521797.8719709544,5496770.23,12532092.82,7704433.5278571425,2166484.973134269,4775552.28,12532092.82,8033153.719666666,2255426.206369776,4775552.28,12532092.82,0.4842105263157895,0.0,0.0,0.12877192982456143,110.12631578947368,0.007017543859649123,10,151,1,0,0,0,0,1,0
2023-06-19,val,7939916.28,7939916.28,827,1730337.1199999999,278,2023,6,19,0,25,2,0,0,0,1.2246467991473532e-16,-1.0,0.0,1.0,Monsoon,2,11550172.32,6661218.21,7153971.63,11469277.31,1382.0,822.0,8171623.757142857,2728166.082796187,5496770.23,12532092.82,7776083.893571429,2281275.1262145853,4775552.28,12532092.82,8185639.678333334,2334707.4033249454,4775552.28,12532092.82,0.49640287769784175,0.0,0.0,0.14028776978417265,105.47122302158273,0.01079136690647482,10,144,1,0,0,0,0,0,0
2023-06-20,val,8558061.65,8558061.65,869,1498999.98,284,2023,6,20,1,25,2,0,0,0,1.2246467991473532e-16,-1.0,0.7818314824680298,0.6234898018587336,Monsoon,2,7939916.28,7081896.16,6085186.01,11485056.49,827.0,757.0,8354294.909999999,2651921.417872891,5496770.23,12532092.82,7832222.797142858,2274448.4695914215,4775552.28,12532092.82,8067994.310666667,2250959.8874430954,4775552.28,12532092.82,0.5176056338028169,0.0,0.0,0.14929577464788732,99.58802816901408,0.007042253521126761,10,148,1,0,0,0,0,0,0
2023-06-21,val,7344950.22,7344950.22,774,1823844.55,247,2023,6,21,2,25,2,0,0,0,1.2246467991473532e-16,-1.0,0.9749279121818236,-0.22252093395631434,Monsoon,2,8558061.65,5496770.23,7060479.94,7473318.78,869.0,791.0,8565175.694285715,2591889.6134062647,5496770.23,12532092.82,8008856.771428571,2223794.687936448,4775552.28,12532092.82,7970427.816000001,2159310.7733771955,4775552.28,12532092.82,0.5222672064777328,0.0,0.0,0.1388663967611336,105.71255060728745,0.012145748987854251,10,140,1,0,0,0,0,0,0
2023-06-22,val,6998085.28,6998085.28,908,1802285.8,292,2023,6,22,3,25,2,0,0,0,1.2246467991473532e-16,-1.0,0.43388373911755823,-0.900968867902419,Monsoon,2,7344950.22,7473304.54,4775552.28,5837160.55,774.0,826.0,8829201.407142857,2305544.8265716895,6405912.02,12532092.82,8029176.077142857,2215747.653628455,4775552.28,12532092.82,7966148.864000001,2160456.712661025,4775552.28,12532092.82,0.4828767123287671,0.0,0.0,0.1297945205479452,105.40753424657534,0.0,10,149,1,0,0,0,0,0,0
2023-06-23,val,6910616.18,6910616.18,854,1816610.1300000001,277,2023,6,23,4,25,2,0,0,0,1.2246467991473532e-16,-1.0,-0.433883739117558,-0.9009688679024191,Monsoon,2,6998085.28,6405912.02,7100111.16,7294009.99,908.0,801.0,8761312.941428572,2358512.5868614903,6405912.02,12532092.82,8187928.434285714,2037121.6063040546,5496770.23,12532092.82,8004846.355,2131206.9916656176,4775552.28,12532092.82,0.47653429602888087,0.0,0.0,0.12707581227436823,101.94945848375451,0.007220216606498195,10,156,1,0,0,0,0,0,0
2023-06-24,val,13342467.05,13342467.05,1499,3595144.61,318,2023,6,24,5,25,2,1,0,0,1.2246467991473532e-16,-1.0,-0.9749279121818236,-0.2225209339563146,Monsoon,2,6910616.18,12532092.82,9059948.950000001,7239786.78,854.0,1472.0,8833413.535714285,2280945.1720184484,6910616.18,12532092.82,8174393.0785714295,2045517.6699700146,5496770.23,12532092.82,7992066.561333333,2136758.7897585086,4775552.28,12532092.82,0.42452830188679247,0.0,0.0,0.1179245283018868,102.0125786163522,0.009433962264150943,10,158,1,0,0,0,0,1,0
2023-06-25,val,10279837.78,10279837.78,1243,2357608.71,263,2023,6,25,6,25,2,1,0,0,1.2246467991473532e-16,-1.0,-0.7818314824680299,0.6234898018587334,Monsoon,2,13342467.05,11550172.32,10428558.24,6064652.57,1499.0,1382.0,8949181.282857144,2509109.576930427,6910616.18,13342467.05,8480287.228571428,2465276.3167762253,5496770.23,13342467.05,8195489.237000001,2343191.4768122183,4775552.28,13342467.05,0.5133079847908745,0.0,0.0,0.14410646387832698,102.24334600760456,0.011406844106463879,10,147,1,0,0,0,0,1,0
2023-06-26,val,6812219.65,6812219.65,821,1529596.34,264,2023,6,26,0,26,2,0,0,0,1.2246467991473532e-16,-1.0,0.0,1.0,Monsoon,2,10279837.78,7939916.28,6661218.21,11022611.81,1243.0,827.0,8767704.92,2329117.9253250933,6910616.18,13342467.05,8469664.33857143,2456540.3681857046,5496770.23,13342467.05,8335995.410666666,2337384.5316512873,4775552.28,13342467.05,0.5151515151515151,0.0,0.0,0.14886363636363636,100.63257575757575,0.0,10,148,1,0,0,0,0,0,0
2023-06-27,val,7559200.58,7559200.58,932,1962580.54,284,2023,6,27,1,26,2,0,0,0,1.2246467991473532e-16,-1.0,0.7818314824680298,0.6234898018587336,Monsoon,2,6812219.65,8558061.65,7081896.16,12226588.12,821.0,869.0,8606605.401428571,2432617.214884357,6812219.65,13342467.05,8480450.155714286,2448307.018967721,5496770.23,13342467.05,8195649.005333333,2296554.3793512685,4775552.28,13342467.05,0.4788732394366197,0.0,0.0,0.13380281690140844,101.21478873239437,0.014084507042253521,10,154,1,0,0,0,0,0,0
2023-06-28,val,6970807.64,6970807.64,876,1465596.77,284,2023,6,28,2,26,2,0,0,0,1.2246467991473532e-16,-1.0,0.9749279121818236,-0.22252093395631434,Monsoon,2,7559200.58,7344950.22,5496770.23,6637749.83,932.0,774.0,8463910.962857142,2465019.5242453613,6812219.65,13342467.05,8514543.32857143,2430592.9800133887,5496770.23,13342467.05,8040069.420666667,2168593.575213137,4775552.28,13342467.05,0.5211267605633803,0.0,0.0,0.15316901408450703,105.59154929577464,0.0035211267605633804,10,157,1,0,0,0,0,0,0
2023-06-29,val,7688020.14,7688020.14,872,1937448.7,282,2023,6,29,3,26,2,0,0,0,1.2246467991473532e-16,-1.0,0.43388373911755823,-0.900968867902419,Monsoon,2,6970807.64,6998085.28,7473304.54,7721871.13,876.0,908.0,8410462.022857143,2497172.21385266,6812219.65,13342467.05,8619831.715,2319186.452677021,6405912.02,13342467.05,8051171.347666667,2162009.50328822,4775552.28,13342467.05,0.5106382978723404,0.0,0.0,0.14078014184397164,102.5354609929078,0.01773049645390071,10,146,1,0,0,0,0,0,0
2023-06-30,val,7236898.52,7236898.52,845,1559621.28,280,2023,6,30,4,26,2,0,0,1,1.2246467991473532e-16,-1.0,-0.433883739117558,-0.9009688679024191,Monsoon,2,7688020.14,6910616.18,6405912.02,5408436.71,872.0,854.0,8509024.145714285,2445210.5280777765,6812219.65,13342467.05,8635168.54357143,2311719.150855048,6405912.02,13342467.05,8050042.981333333,2162196.1189470883,4775552.28,13342467.05,0.49642857142857144,0.0,0.0,0.15107142857142855,101.525,0.010714285714285714,10,149,1,0,0,0,0,0,0
2023-07-01,val,10607102.77,10607102.77,1390,2476842.34,289,2023,7,1,5,26,3,1,1,0,-0.4999999999999997,-0.8660254037844388,-0.9749279121818236,-0.2225209339563146,Monsoon,2,7236898.52,13342467.05,12532092.82,7175070.75,845.0,1499.0,8555635.908571428,2412554.4604360024,6812219.65,13342467.05,8694524.722142857,2260170.872530148,6812219.65,13342467.05,8110991.708333333,2110314.1410983275,4775552.28,13342467.05,0.5017301038062284,0.0,0.0,0.13460207612456748,103.26643598615917,0.01384083044982699,10,156,1,0,0,0,0,1,0
2023-07-02,val,10527198.34,10527198.34,1364,2073923.52,272,2023,7,2,6,26,3,1,0,0,-0.4999999999999997,-0.8660254037844388,-0.7818314824680299,0.6234898018587334,Monsoon,2,10607102.77,10279837.78,11550172.32,7409820.71,1390.0,1243.0,8164869.582857142,1588940.4124143845,6812219.65,10607102.77,8557025.432857143,2058288.7210409143,6812219.65,13342467.05,8225392.775666666,2150471.814430856,4775552.28,13342467.05,0.5330882352941176,0.0,0.0,0.15294117647058825,103.09191176470588,0.011029411764705883,10,150,1,0,0,0,0,1,0
2023-07-03,val,6336163.64,6336163.64,800,1523339.2,258,2023,7,3,0,27,3,0,0,0,-0.4999999999999997,-0.8660254037844388,0.0,1.0,Monsoon,2,10527198.34,6812219.65,7939916.28,11691537.11,1364.0,821.0,8200206.805714286,1645557.4259140466,6812219.65,10607102.77,8483955.862857142,1959652.37687163,6812219.65,13342467.05,8329305.363333333,2184747.740512954,4775552.28,13342467.05,0.46511627906976744,0.0,0.0,0.13565891472868216,105.22093023255815,0.0,10,154,1,0,0,0,0,0,0
2023-07-04,val,7628297.68,7628297.68,910,1489089.48,306,2023,7,4,1,27,3,0,0,0,-0.4999999999999997,-0.8660254037844388,0.7818314824680298,0.6234898018587336,Monsoon,2,6336163.64,7559200.58,8558061.65,10547067.2,800.0,932.0,8132198.8042857135,1720606.8896998405,6336163.64,10607102.77,8369402.102857143,2039162.7838244452,6336163.64,13342467.05,8150792.914333333,2118331.8809544854,4775552.28,13342467.05,0.49019607843137253,0.0,0.0,0.13398692810457516,103.7483660130719,0.006535947712418301,10,156,1,0,0,0,0,0,0
2023-07-05,val,7384554.46,7384554.46,898,1535395.06,293,2023,7,5,2,27,3,0,0,0,-0.4999999999999997,-0.8660254037844388,0.9749279121818236,-0.22252093395631434,Monsoon,2,7628297.68,6970807.64,7344950.22,7153971.63,910.0,876.0,8142069.818571428,1716966.1097827943,6336163.64,10607102.77,8302990.390714286,2047668.4544184257,6336163.64,13342467.05,8053500.597000001,2070977.3283826055,4775552.28,13342467.05,0.5324232081911263,0.0,0.0,0.15187713310580206,106.07849829351535,0.013651877133105802,10,157,1,0,0,0,0,0,0
2023-07-06,val,7803871.97,7803871.97,810,2138880.67,272,2023,7,6,3,27,3,0,0,0,-0.4999999999999997,-0.8660254037844388,0.43388373911755823,-0.900968867902419,Monsoon,2,7384554.46,7688020.14,6998085.28,6085186.01,898.0,872.0,8201176.507142857,1676571.6485305415,6336163.64,10607102.77,8305819.265000001,2046269.9807693828,6336163.64,13342467.05,8061186.691333333,2067949.4260800546,4775552.28,13342467.05,0.5,0.0,0.0,0.13676470588235295,108.2279411764706,0.011029411764705883,10,141,1,0,0,0,0,0,0
2023-07-07,val,8777073.63,8777073.63,880,2317644.16,294,2023,7,7,4,27,3,0,0,0,-0.4999999999999997,-0.8660254037844388,-0.433883739117558,-0.9009688679024191,Monsoon,2,7803871.97,7236898.52,6910616.18,7060479.94,810.0,845.0,8217726.768571428,1671225.0504724602,6336163.64,10607102.77,8363375.457142858,2017791.5525195645,6336163.64,13342467.05,8118476.223333333,2034861.6787253344,4775552.28,13342467.05,0.5,0.0,0.0,0.13095238095238096,103.92517006802721,0.006802721088435374,10,156,1,0,0,0,0,0,0
2023-07-08,val,11884406.57,11884406.57,1421,3221453.58,294,2023,7,8,5,27,3,1,0,0,-0.4999999999999997,-0.8660254037844388,-0.9749279121818236,-0.2225209339563146,Monsoon,2,8777073.63,10607102.77,13342467.05,4775552.28,880.0,1390.0,8437751.784285715,1621209.7757217078,6336163.64,10607102.77,8496693.846428571,1975641.6543346378,6336163.64,13342467.05,8175696.012999999,2028209.425810394,4775552.28,13342467.05,0.47619047619047616,0.0,0.0,0.14285714285714285,104.10544217687075,0.006802721088435374,10,145,1,0,0,0,0,1,0
2023-07-09,val,10309261.13,10309261.13,1174,2022452.01,252,2023,7,9,6,27,3,1,0,0,-0.4999999999999997,-0.8660254037844388,-0.7818314824680299,0.6234898018587334,Monsoon,2,11884406.57,10527198.34,10279837.78,7100111.16,1421.0,1364.0,8620223.755714286,1945516.2207643054,6336163.64,11884406.57,8392546.669285715,1722795.268347986,6336163.64,11884406.57,8412657.822666667,2032531.9727456542,5496770.23,13342467.05,0.503968253968254,0.0,0.0,0.14444444444444443,105.8015873015873,0.003968253968253968,10,144,1,0,0,0,0,1,0
2023-07-10,val,6018131.44,6018131.44,813,1196891.82,264,2023,7,10,0,28,3,0,0,0,-0.4999999999999997,-0.8660254037844388,0.0,1.0,Monsoon,2,10309261.13,6336163.64,6812219.65,9059948.950000001,1174.0,800.0,8589089.868571429,1911356.8542470953,6336163.64,11884406.57,8394648.337142857,1725290.8500747138,6336163.64,11884406.57,8519629.488333333,2045478.0878875258,5496770.23,13342467.05,0.5,0.0,0.0,0.14545454545454545,103.86742424242425,0.0,10,144,1,0,0,0,0,0,0
2023-07-11,val,7318664.84,7318664.84,840,1945753.43,274,2023,7,11,1,28,3,0,0,0,-0.4999999999999997,-0.8660254037844388,0.7818314824680298,0.6234898018587336,Monsoon,2,6018131.44,7628297.68,7559200.58,10428558.24,813.0,910.0,8543656.697142858,1976504.1354311702,6018131.44,11884406.57,8337927.750714285,1793039.567737412,6018131.44,11884406.57,8418235.571333332,2092618.9102771296,5496770.23,13342467.05,0.4562043795620438,0.0,0.0,0.11861313868613138,106.66058394160584,0.0036496350364963502,10,147,1,0,0,0,0,0,0
2023-07-12,val,9295000.25,9295000.25,903,2387458.4,294,2023,7,12,2,28,3,0,0,0,-0.4999999999999997,-0.8660254037844388,0.9749279121818236,-0.22252093395631434,Monsoon,2,7318664.84,7384554.46,6970807.64,6661218.21,840.0,898.0,8499423.434285715,2003681.5462734164,6018131.44,11884406.57,8320746.6264285715,1802204.4148858055,6018131.44,11884406.57,8314572.458000001,2066463.2499206413,5496770.23,13342467.05,0.4965986394557823,0.0,0.0,0.13979591836734695,105.78231292517007,0.003401360544217687,10,156,1,0,0,0,0,0,0
2023-07-13,val,7692334.43,7692334.43,898,1724428.01,296,2023,7,13,3,28,3,0,0,0,-0.4999999999999997,-0.8660254037844388,0.43388373911755823,-0.900968867902419,Monsoon,2,9295000.25,7803871.97,7688020.14,7081896.16,903.0,810.0,8772344.26142857,1956060.9920585502,6018131.44,11884406.57,8486760.384285714,1775131.992843886,6018131.44,11884406.57,8402365.192666667,2049678.4608478409,5496770.23,13342467.05,0.5304054054054054,0.0,0.0,0.14256756756756758,98.39527027027027,0.013513513513513514,10,153,1,0,0,0,0,0,0
2023-07-14,val,8433289.44,8433289.44,884,2075777.45,292,2023,7,14,4,28,3,0,0,0,-0.4999999999999997,-0.8660254037844388,-0.433883739117558,-0.9009688679024191,Monsoon,2,7692334.43,8777073.63,7236898.52,5496770.23,898.0,880.0,8756410.327142859,1965695.5110428133,6018131.44,11884406.57,8487068.547857143,1774983.0331957657,6018131.44,11884406.57,8422713.135,2039120.4666517968,5496770.23,13342467.05,0.4931506849315068,0.0,0.0,0.14383561643835616,102.15753424657534,0.00684931506849315,10,159,1,0,0,0,0,0,0
2023-07-15,val,10323110.83,10323110.83,1434,2590580.51,299,2023,7,15,5,28,3,1,0,0,-0.4999999999999997,-0.8660254037844388,-0.9749279121818236,-0.2225209339563146,Monsoon,2,8433289.44,11884406.57,10607102.77,7473304.54,884.0,1421.0,8707298.3,1969384.3898519692,6018131.44,11884406.57,8572525.042142857,1738590.7136749488,6018131.44,11884406.57,8520597.108666668,1962878.6729234445,6018131.44,13342467.05,0.5384615384615384,0.0,0.0,0.1551839464882943,105.83946488294315,0.0033444816053511705,10,151,1,0,0,0,0,1,0
2023-07-16,val,10049319.94,10049319.94,1158,2291567.58,251,2023,7,16,6,28,3,1,0,0,-0.4999999999999997,-0.8660254037844388,-0.7818314824680299,0.6234898018587334,Monsoon,2,10323110.83,10309261.13,10527198.34,6405912.02,1434.0,1174.0,8484256.051428571,1604132.5542809616,6018131.44,10323110.83,8552239.903571429,1714516.145243249,6018131.44,11884406.57,8615590.651666665,1979336.4322486112,6018131.44,13342467.05,0.5378486055776892,0.0,0.0,0.1553784860557769,106.26294820717132,0.00796812749003984,10,145,1,0,0,0,0,1,0
2023-07-17,val,5882036.23,5882036.23,862,1448028.82,266,2023,7,17,0,29,3,0,0,0,-0.4999999999999997,-0.8660254037844388,0.0,1.0,Monsoon,2,10049319.94,6018131.44,6336163.64,12532092.82,1158.0,813.0,8447121.595714284,1557164.954552248,6018131.44,10323110.83,8518105.732142856,1676508.0188966496,6018131.44,11884406.57,8737037.582333334,1950648.238466163,6018131.44,13342467.05,0.45864661654135336,0.0,0.0,0.13157894736842105,102.32706766917293,0.007518796992481203,10,146,1,0,0,0,0,0,0
2023-07-18,val,7599778.22,7599778.22,772,1774521.46,256,2023,7,18,1,29,3,0,0,0,-0.4999999999999997,-0.8660254037844388,0.7818314824680298,0.6234898018587336,Monsoon,2,5882036.23,7318664.84,7628297.68,11550172.32,862.0,840.0,8427679.422857143,1592984.617228567,5882036.23,10323110.83,8485668.059999999,1725645.6779809939,5882036.23,11884406.57,8515369.029333333,1881125.011885666,5882036.23,13342467.05,0.4765625,0.0,0.0,0.1328125,108.19921875,0.00390625,10,150,1,0,0,0,0,0,0
2023-07-19,val,7239495.01,7239495.01,816,1756768.22,269,2023,7,19,2,29,3,0,0,0,-0.4999999999999997,-0.8660254037844388,0.9749279121818236,-0.22252093395631434,Monsoon,2,7599778.22,9295000.25,7384554.46,7939916.28,772.0,903.0,8467838.477142857,1563639.8644176184,5882036.23,10323110.83,8483630.955714285,1726752.1273310056,5882036.23,11884406.57,8383689.226,1797780.2059554437,5882036.23,13342467.05,0.44609665427509293,0.0,0.0,0.12304832713754647,104.34944237918215,0.007434944237918215,10,149,1,0,0,0,0,0,0
2023-07-20,test,6634630.79,6634630.79,829,1448604.95,264,2023,7,20,3,29,3,0,0,0,-0.4999999999999997,-0.8660254037844388,0.43388373911755823,-0.900968867902419,Monsoon,2,7239495.01,7692334.43,7803871.97,8558061.65,816.0,898.0,8174194.871428572,1575376.2967480689,5882036.23,10323110.83,8473269.56642857,1734273.2885231513,5882036.23,11884406.57,8360341.850333333,1808259.6832184123,5882036.23,13342467.05,0.5378787878787878,0.0,0.0,0.1556818181818182,102.68181818181819,0.011363636363636364,10,144,1,0,0,0,0,0,0
2023-07-21,test,6650991.57,6650991.57,885,1508700.29,278,2023,7,21,4,29,3,0,0,0,-0.4999999999999997,-0.8660254037844388,-0.433883739117558,-0.9009688679024191,Monsoon,2,6634630.79,8433289.44,8777073.63,7344950.22,829.0,884.0,8023094.351428571,1676758.348914923,5882036.23,10323110.83,8389752.339285715,1796042.6056615822,5882036.23,11884406.57,8296227.488333332,1834910.0830997983,5882036.23,13342467.05,0.5035971223021583,0.0,0.0,0.14064748201438848,100.62230215827338,0.007194244604316547,10,144,1,0,0,0,0,0,0
2023-07-22,test,10202515.1,10202515.1,1419,2155274.97,284,2023,7,22,5,29,3,1,0,0,-0.4999999999999997,-0.8660254037844388,-0.9749279121818236,-0.2225209339563146,Monsoon,2,6650991.57,10323110.83,11884406.57,6998085.28,885.0,1434.0,7768480.369999999,1738280.7329503782,5882036.23,10323110.83,8237889.335,1849852.2926303814,5882036.23,11884406.57,8273095.533333333,1851614.1657394285,5882036.23,13342467.05,0.545774647887324,0.0,0.0,0.15316901408450703,102.34154929577464,0.0,10,156,1,0,0,0,0,1,0
2023-07-23,test,11700551.91,11700551.91,1373,3226348.13,277,2023,7,23,6,29,3,1,0,0,-0.4999999999999997,-0.8660254037844388,-0.7818314824680299,0.6234898018587334,Monsoon,2,10202515.1,10049319.94,10309261.13,6910616.18,1419.0,1158.0,7751252.408571429,1709094.7945418605,5882036.23,10202515.1,8117754.2299999995,1637211.696338326,5882036.23,10323110.83,8379909.860666666,1867881.939400897,5882036.23,13342467.05,0.4981949458483754,0.0,0.0,0.1299638989169675,106.985559566787,0.010830324909747292,10,146,1,0,0,0,0,1,0
2023-07-24,test,8938681.11,8938681.11,799,2095869.29,262,2023,7,24,0,30,3,0,0,0,-0.4999999999999997,-0.8660254037844388,0.0,1.0,Monsoon,2,11700551.91,5882036.23,6018131.44,13342467.05,1373.0,862.0,7987142.6899999995,2139017.402892078,5882036.23,11700551.91,8217132.142857143,1813230.8807829348,5882036.23,11700551.91,8539574.385,1941236.382917338,5882036.23,13342467.05,0.4541984732824427,0.0,0.0,0.12938931297709924,103.1793893129771,0.015267175572519083,10,142,1,0,0,0,0,0,0
2023-07-25,test,8867569.94,8867569.94,928,2396546.43,298,2023,7,25,1,30,3,0,0,0,-0.4999999999999997,-0.8660254037844388,0.7818314824680298,0.6234898018587336,Monsoon,2,8938681.11,7599778.22,7318664.84,10279837.78,799.0,772.0,8423806.244285714,1940429.4816080958,6634630.79,11700551.91,8425742.833571428,1705584.76072482,5882036.23,11700551.91,8392781.520333333,1719348.5736074746,5882036.23,11884406.57,0.5033557046979866,0.0,0.0,0.13624161073825503,105.14765100671141,0.003355704697986577,10,155,1,0,0,0,0,0,0
2023-07-26,test,6890566.79,6890566.79,881,1860387.17,273,2023,7,26,2,30,3,0,0,0,-0.4999999999999997,-0.8660254037844388,0.9749279121818236,-0.22252093395631434,Monsoon,2,8867569.94,7239495.01,9295000.25,6812219.65,928.0,816.0,8604919.347142857,1909619.9351006604,6634630.79,11700551.91,8536378.912142856,1678265.5105334464,5882036.23,11700551.91,8345705.925666666,1684888.0590804168,5882036.23,11884406.57,0.4725274725274725,0.0,0.0,0.13076923076923078,104.53113553113553,0.0,10,143,1,0,0,0,0,0,0
2023-07-27,test,6333089.84,6333089.84,743,1617420.23,240,2023,7,27,3,30,3,0,0,0,-0.4999999999999997,-0.8660254037844388,0.43388373911755823,-0.900968867902419,Monsoon,2,6890566.79,6634630.79,7692334.43,7559200.58,881.0,829.0,8555072.458571428,1955211.747391298,6634630.79,11700551.91,8364633.664999999,1717236.5501296027,5882036.23,11700551.91,8348317.4969999995,1682488.2078253282,5882036.23,11884406.57,0.4666666666666667,0.0,0.0,0.13333333333333333,104.01666666666667,0.020833333333333332,10,137,1,0,0,0,0,0,0
2023-07-28,test,7815609.55,7815609.55,955,1823720.47,314,2023,7,28,4,30,3,0,0,0,-0.4999999999999997,-0.8660254037844388,-0.433883739117558,-0.9009688679024191,Monsoon,2,6333089.84,6650991.57,8433289.44,6970807.64,743.0,885.0,8511995.18,2007205.3064798787,6333089.84,11700551.91,8267544.765714286,1794841.6319408282,5882036.23,11700551.91,8307447.139,1716859.1604781854,5882036.23,11884406.57,0.5445859872611465,0.0,0.0,0.15254777070063694,103.2515923566879,0.006369426751592357,10,163,1,0,0,0,0,0,0
2023-07-29,test,12207872.39,12207872.39,1422,3272681.44,291,2023,7,29,5,30,3,1,0,0,-0.4999999999999997,-0.8660254037844388,-0.9749279121818236,-0.2225209339563146,Monsoon,2,7815609.55,10202515.1,10323110.83,7688020.14,955.0,1419.0,8678369.177142857,1870877.477501144,6333089.84,11700551.91,8223424.773571429,1798042.8761675477,5882036.23,11700551.91,8335607.202666666,1701034.8302573713,5882036.23,11884406.57,0.5154639175257731,0.0,0.0,0.13917525773195877,106.98625429553265,0.006872852233676976,10,158,1,0,0,0,0,1,0
2023-07-30,test,12451076.790000001,12451076.790000001,1416,3011199.6,287,2023,7,30,6,30,3,1,0,0,-0.4999999999999997,-0.8660254037844388,-0.7818314824680299,0.6234898018587334,Monsoon,2,12207872.39,11700551.91,10049319.94,7236898.52,1422.0,1373.0,8964848.790000001,2256877.3918201504,6333089.84,12207872.39,8358050.599285714,2023741.0158529594,5882036.23,12207872.39,8486268.944333334,1836471.177463326,5882036.23,12207872.39,0.519163763066202,0.0,0.0,0.1397212543554007,102.42857142857143,0.006968641114982578,10,154,1,0,0,0,0,1,0
2023-07-31,test,5902959.74,5902959.74,773,1544225.54,250,2023,7,31,0,31,3,0,0,1,-0.4999999999999997,-0.8660254037844388,0.0,1.0,Monsoon,2,12451076.790000001,8938681.11,5882036.23,10607102.77,1416.0,799.0,9072066.63,2420406.9155467753,6333089.84,12451076.790000001,8529604.66,2265498.7626222684,5882036.23,12451076.790000001,8660074.886666667,1956938.8904886579,5882036.23,12451076.790000001,0.5,0.0,0.0,0.136,96.132,0.0,10,140,1,0,0,0,0,0,0
2023-08-01,test,7533578.26,7533578.26,880,1854713.97,289,2023,8,1,1,31,3,0,1,0,-0.8660254037844385,-0.5000000000000004,0.7818314824680298,0.6234898018587336,Monsoon,2,5902959.74,8867569.94,7599778.22,10527198.34,773.0,928.0,8638392.148571428,2703674.9593027234,5902959.74,12451076.790000001,8531099.19642857,2263623.950116623,5902959.74,12451076.790000001,8503270.118999999,1983829.622053001,5882036.23,12451076.790000001,0.43944636678200694,0.0,0.0,0.10865051903114187,100.06920415224913,0.006920415224913495,10,155,1,0,0,0,0,0,0
2023-08-02,test,7134907.89,7134907.89,854,1617489.75,272,2023,8,2,2,31,3,0,0,0,-0.8660254037844385,-0.5000000000000004,0.9749279121818236,-0.22252093395631434,Monsoon,2,7533578.26,6890566.79,7239495.01,6336163.64,880.0,881.0,8447821.908571428,2731697.331545725,5902959.74,12451076.790000001,8526370.627857143,2265787.1830348973,5902959.74,12451076.790000001,8403482.783,1953574.1832607556,5882036.23,12451076.790000001,0.4963235294117647,0.0,0.0,0.14154411764705882,103.03676470588235,0.007352941176470588,10,145,1,0,0,0,0,0,0
2023-08-03,test,7022894.39,7022894.39,850,1717848.33,281,2023,8,3,3,31,3,0,0,0,-0.8660254037844385,-0.5000000000000004,0.43388373911755823,-0.900968867902419,Monsoon,2,7134907.89,6333089.84,6634630.79,7628297.68,854.0,743.0,8482727.78,2709956.7230206016,5902959.74,12451076.790000001,8518900.119285714,2270523.9761324674,5902959.74,12451076.790000001,8430107.591333333,1929724.9938353915,5882036.23,12451076.790000001,0.5409252669039146,0.0,0.0,0.15693950177935945,105.26334519572954,0.0071174377224199285,10,157,1,0,0,0,0,0,0
2023-08-04,test,6483321.89,6483321.89,1004,1344217.0,320,2023,8,4,4,31,3,0,0,0,-0.8660254037844385,-0.5000000000000004,-0.433883739117558,-0.9009688679024191,Monsoon,2,7022894.39,7815609.55,6650991.57,7384554.46,850.0,955.0,8581271.287142858,2630126.332128638,5902959.74,12451076.790000001,8546633.233571429,2247997.794935924,5902959.74,12451076.790000001,8409927.481666666,1941528.4661252627,5882036.23,12451076.790000001,0.45,0.0,0.0,0.12593749999999998,100.71875,0.00625,10,156,1,0,0,0,0,0,0
2023-08-05,test,13815401.85,13815401.85,1400,3256740.91,289,2023,8,5,5,31,3,1,0,0,-0.8660254037844385,-0.5000000000000004,-0.9749279121818236,-0.2225209339563146,Monsoon,2,6483321.89,12207872.39,10202515.1,7803871.97,1004.0,1422.0,8390944.478571428,2740649.8881518133,5902959.74,12451076.790000001,8534656.827857142,2259292.1189238275,5902959.74,12451076.790000001,8379886.396,1964774.2348668792,5882036.23,12451076.790000001,0.49480968858131485,0.0,0.0,0.12941176470588234,107.92387543252595,0.0,10,161,1,0,0,0,0,1,0
2023-08-06,test,12262200.92,12262200.92,1321,3390542.46,277,2023,8,6,6,31,3,1,0,0,-0.8660254037844385,-0.5000000000000004,-0.7818314824680299,0.6234898018587334,Monsoon,2,13815401.85,12451076.790000001,11700551.91,8777073.63,1400.0,1416.0,8620591.544285715,3150492.171244154,5902959.74,13815401.85,8792720.167142857,2638900.915969666,5902959.74,13815401.85,8580270.725333335,2196848.9602810256,5882036.23,13815401.85,0.48014440433212996,0.0,0.0,0.13537906137184116,102.36823104693141,0.021660649819494584,10,145,1,0,0,0,0,1,0
2023-08-07,test,7359059.4399999995,7359059.4399999995,828,1738837.8,275,2023,8,7,0,32,3,0,0,0,-0.8660254037844385,-0.5000000000000004,0.0,1.0,Monsoon,2,12262200.92,5902959.74,8938681.11,11884406.57,1321.0,773.0,8593609.277142856,3112801.815484415,5902959.74,13815401.85,8832837.953571428,2690276.7045363076,5902959.74,13815401.85,8696441.635,2297459.0420113862,5882036.23,13815401.85,0.5127272727272727,0.0,0.0,0.13636363636363635,103.18181818181819,0.0036363636363636364,10,151,1,0,0,0,0,0,0
2023-08-08,test,7331183.83,7331183.83,910,1665310.34,298,2023,8,8,1,32,3,0,0,0,-0.8660254037844385,-0.5000000000000004,0.7818314824680298,0.6234898018587336,Monsoon,2,7359059.4399999995,7533578.26,8867569.94,10309261.13,828.0,880.0,8801623.52,2947282.356876719,6483321.89,13815401.85,8720007.834285714,2718473.0604127655,5902959.74,13815401.85,8545596.730666665,2228452.9084924846,5882036.23,13815401.85,0.5671140939597316,0.0,0.0,0.1540268456375839,103.68791946308725,0.013422818791946308,10,149,1,0,0,0,0,0,0
2023-08-09,test,6431518.49,6431518.49,780,1519134.93,259,2023,8,9,2,32,3,0,0,0,-0.8660254037844385,-0.5000000000000004,0.9749279121818236,-0.22252093395631434,Monsoon,2,7331183.83,7134907.89,6890566.79,6018131.44,910.0,854.0,8772710.03,2962747.6526059303,6483321.89,13815401.85,8610265.969285714,2742958.773144785,5902959.74,13815401.85,8446327.487333333,2213459.7952881944,5882036.23,13815401.85,0.4749034749034749,0.0,0.0,0.13706563706563707,105.1930501930502,0.0,10,146,1,0,0,0,0,0,0
2023-08-10,test,6400162.13,6400162.13,901,1443724.18,289,2023,8,10,3,32,3,0,0,0,-0.8660254037844385,-0.5000000000000004,0.43388373911755823,-0.900968867902419,Monsoon,2,6431518.49,7022894.39,6333089.84,7318664.84,780.0,850.0,8672225.83,3038512.3655654048,6431518.49,13815401.85,8577476.805000002,2767729.148408762,5902959.74,13815401.85,8460107.055666666,2199062.0779033625,5882036.23,13815401.85,0.5051903114186851,0.0,0.0,0.1387543252595156,103.3287197231834,0.010380622837370242,10,147,1,0,0,0,0,0,0
2023-08-11,test,5647742.26,5647742.26,729,1297389.0,235,2023,8,11,4,32,3,0,0,0,-0.8660254037844385,-0.5000000000000004,-0.433883739117558,-0.9009688679024191,Monsoon,2,6400162.13,6483321.89,7815609.55,9295000.25,901.0,1004.0,8583264.078571428,3103275.803607316,6400162.13,13815401.85,8582267.682857143,2763600.289985857,5902959.74,13815401.85,8429490.298666667,2221778.6276835054,5882036.23,13815401.85,0.5361702127659574,0.0,0.0,0.15234042553191487,106.82978723404256,0.0,10,137,1,0,0,0,0,0,0
2023-08-12,test,12821430.29,12821430.29,1393,3418981.5,277,2023,8,12,5,32,3,1,0,0,-0.8660254037844385,-0.5000000000000004,-0.9749279121818236,-0.2225209339563146,Monsoon,2,5647742.26,13815401.85,12207872.39,7692334.43,729.0,1400.0,8463895.559999999,3211689.9375280356,5647742.26,13815401.85,8427420.019285714,2868600.7161956755,5647742.26,13815401.85,8307915.032333333,2272005.8444235856,5647742.26,13815401.85,0.4620938628158845,0.0,0.0,0.12815884476534295,109.00361010830325,0.010830324909747292,10,151,1,0,0,0,0,1,0
2023-08-13,test,11081502.91,11081502.91,1296,2720941.39,273,2023,8,13,6,32,3,1,0,0,-0.8660254037844385,-0.5000000000000004,-0.7818314824680299,0.6234898018587334,Monsoon,2,12821430.29,12262200.92,12451076.790000001,8433289.44,1393.0,1321.0,8321899.622857143,2946694.8421636783,5647742.26,12821430.29,8471245.583571428,2934724.8266650187,5647742.26,13815401.85,8478884.894333333,2412712.494465905,5647742.26,13815401.85,0.45787545787545786,0.0,0.0,0.13076923076923078,103.1941391941392,0.003663003663003663,10,145,1,0,0,0,0,1,0
2023-08-14,test,8377010.57,8377010.57,856,2236213.48,278,2023,8,14,0,33,3,0,0,0,-0.8660254037844385,-0.5000000000000004,0.0,1.0,Monsoon,2,11081502.91,7359059.4399999995,5902959.74,10323110.83,1296.0,828.0,8153228.478571429,2707654.251153743,5647742.26,12821430.29,8373418.877857142,2812121.201633153,5647742.26,13815401.85,8567158.676666666,2458988.0145702125,5647742.26,13815401.85,0.49280575539568344,0.0,0.0,0.1420863309352518,97.4748201438849,0.0,10,149,1,0,0,0,0,0,0
2023-08-15,test,7679500.42,7679500.42,903,1697458.9,286,2023,8,15,1,33,3,0,0,0,-0.8660254037844385,-0.5000000000000004,0.7818314824680298,0.6234898018587336,Monsoon,2,8377010.57,7331183.83,7533578.26,10049319.94,856.0,910.0,8298650.068571428,2685134.7313650562,5647742.26,12821430.29,8550136.794285715,2721198.3916223585,5647742.26,13815401.85,8502288.668000001,2436635.501267944,5647742.26,13815401.85,0.5174825174825175,0.0,0.0,0.14230769230769233,101.7867132867133,0.0,10,154,1,0,0,0,0,0,0
2023-08-16,test,6980228.3,6980228.3,865,1695437.01,280,2023,8,16,2,33,3,0,0,0,-0.8660254037844385,-0.5000000000000004,0.9749279121818236,-0.22252093395631434,Monsoon,2,7679500.42,6431518.49,7134907.89,5882036.23,903.0,780.0,8348409.581428572,2667386.8127879216,5647742.26,12821430.29,8560559.805714285,2717281.7925221967,5647742.26,13815401.85,8423294.684,2423128.9096765267,5647742.26,13815401.85,0.46785714285714286,0.0,0.0,0.13499999999999998,101.55714285714286,0.0,10,151,1,0,0,0,0,0,0
2023-08-17,test,7073352.81,7073352.81,866,1656235.35,284,2023,8,17,3,33,3,0,0,0,-0.8660254037844385,-0.5000000000000004,0.43388373911755823,-0.900968867902419,Monsoon,2,6980228.3,6400162.13,7022894.39,7599778.22,865.0,901.0,8426796.697142856,2609091.516131387,5647742.26,12821430.29,8549511.263571428,2723831.0085224416,5647742.26,13815401.85,8459901.086333333,2391502.9387269183,5647742.26,13815401.85,0.47183098591549294,0.0,0.0,0.12288732394366196,99.82042253521126,0.017605633802816902,10,156,1,0,0,0,0,0,0
2023-08-18,test,6587024.96,6587024.96,773,1495010.83,271,2023,8,18,4,33,3,0,0,0,-0.8660254037844385,-0.5000000000000004,-0.433883739117558,-0.9009688679024191,Monsoon,2,7073352.81,5647742.26,6483321.89,7239495.01,866.0,729.0,8522966.794285715,2533244.7279825215,5647742.26,12821430.29,8553115.436428571,2721688.143546187,5647742.26,13815401.85,8442353.572666666,2399948.061166311,5647742.26,13815401.85,0.4575645756457565,0.0,0.0,0.13690036900369004,103.00738007380073,0.0036900369003690036,10,151,1,0,0,0,0,0,0
2023-08-19,test,12111223.88,12111223.88,1201,2859521.66,256,2023,8,19,5,33,3,1,0,0,-0.8660254037844385,-0.5000000000000004,-0.9749279121818236,-0.2225209339563146,Monsoon,2,6587024.96,12821430.29,13815401.85,6634630.79,773.0,1393.0,8657150.037142858,2375531.2309615016,6587024.96,12821430.29,8560522.798571428,2715756.31666859,5647742.26,13815401.85,8420604.571,2414139.063785625,5647742.26,13815401.85,0.515625,0.0,0.0,0.137890625,99.9140625,0.0078125,10,144,1,0,0,0,0,1,0
2023-08-20,test,10593043.36,10593043.36,1215,2587270.17,256,2023,8,20,6,33,3,1,0,0,-0.8660254037844385,-0.5000000000000004,-0.7818314824680299,0.6234898018587334,Monsoon,2,12111223.88,11081502.91,12262200.92,6650991.57,1201.0,1296.0,8555691.978571428,2174711.923438414,6587024.96,12111223.88,8438795.800714286,2490993.0161752827,5647742.26,12821430.29,8603157.674,2480580.817933385,5647742.26,13815401.85,0.51171875,0.0,0.0,0.13203125,108.70703125,0.01171875,10,148,1,0,0,0,0,1,0
2023-08-21,test,7333173.1,7333173.1,847,1729792.16,277,2023,8,21,0,34,3,0,0,0,-0.8660254037844385,-0.5000000000000004,0.0,1.0,Monsoon,2,10593043.36,8377010.57,7359059.4399999995,10202515.1,1215.0,856.0,8485912.042857142,2086193.775505928,6587024.96,12111223.88,8319570.260714286,2328567.5741390665,5647742.26,12821430.29,8734559.400333334,2478012.654568956,5647742.26,13815401.85,0.44404332129963897,0.0,0.0,0.12274368231046931,108.48736462093864,0.0036101083032490976,10,154,1,0,0,0,0,0,0
2023-08-22,test,6854253.87,6854253.87,885,1590839.8,281,2023,8,22,1,34,3,0,0,0,-0.8660254037844385,-0.5000000000000004,0.7818314824680298,0.6234898018587336,Monsoon,2,7333173.1,7679500.42,7331183.83,11700551.91,847.0,903.0,8336792.404285714,2132077.143972256,6587024.96,12111223.88,8317721.236428572,2329399.076896464,5647742.26,12821430.29,8638914.667,2474772.068543565,5647742.26,13815401.85,0.4804270462633452,0.0,0.0,0.1320284697508897,102.79003558718861,0.0,10,142,1,0,0,0,0,0,0
2023-08-23,test,7971925.91,7971925.91,947,1903239.67,295,2023,8,23,2,34,3,0,0,0,-0.8660254037844385,-0.5000000000000004,0.9749279121818236,-0.22252093395631434,Monsoon,2,6854253.87,6980228.3,6431518.49,8938681.11,885.0,865.0,8218900.04,2196327.0541683547,6587024.96,12111223.88,8283654.810714287,2348346.949731377,5647742.26,12821430.29,8477371.399,2425716.472015403,5647742.26,13815401.85,0.5186440677966102,0.0,0.0,0.13389830508474576,99.31864406779661,0.006779661016949152,10,145,1,0,0,0,0,0,0
2023-08-24,test,5143973.56,5143973.56,844,1262208.58,260,2023,8,24,3,34,3,0,0,0,-0.8660254037844385,-0.5000000000000004,0.43388373911755823,-0.900968867902419,Monsoon,2,7971925.91,7073352.81,6400162.13,8867569.94,947.0,866.0,8360571.127142857,2134217.60980927,6587024.96,12111223.88,8393683.912142856,2290260.4901364306,5647742.26,12821430.29,8445146.225666666,2425798.313777133,5647742.26,13815401.85,0.573076923076923,0.0,0.0,0.15846153846153846,104.46153846153847,0.019230769230769232,10,142,1,0,0,0,0,0,0
2023-08-25,test,6878183.2,6878183.2,794,1678689.71,255,2023,8,25,4,34,3,0,0,0,-0.8660254037844385,-0.5000000000000004,-0.433883739117558,-0.9009688679024191,Monsoon,2,5143973.56,6587024.96,5647742.26,6890566.79,844.0,773.0,8084945.5200000005,2431977.6390793305,5143973.56,12111223.88,8303956.157142857,2396513.2325870567,5143973.56,12821430.29,8321026.346333334,2497637.181040329,5143973.56,13815401.85,0.5607843137254902,0.0,0.0,0.1568627450980392,103.79607843137255,0.01568627450980392,10,142,1,0,0,0,0,0,0
2023-08-26,test,12887051.02,12887051.02,1434,3099226.69,289,2023,8,26,5,34,3,1,0,0,-0.8660254037844385,-0.5000000000000004,-0.9749279121818236,-0.2225209339563146,Monsoon,2,6878183.2,12111223.88,12821430.29,6333089.84,794.0,1201.0,8126539.5542857135,2404422.6704476336,5143973.56,12111223.88,8391844.795714285,2312704.0157893943,5143973.56,12821430.29,8320613.56,2497882.757568458,5143973.56,13815401.85,0.47058823529411764,0.0,0.0,0.1314878892733564,102.19031141868513,0.006920415224913495,10,155,1,0,0,0,0,1,0
2023-08-27,test,11592990.62,11592990.62,1338,2450560.52,274,2023,8,27,6,34,3,1,0,0,-0.8660254037844385,-0.5000000000000004,-0.7818314824680299,0.6234898018587334,Monsoon,2,12887051.02,10593043.36,11081502.91,7815609.55,1434.0,1215.0,8237372.002857143,2626349.2940767547,5143973.56,12887051.02,8396531.990714286,2322418.2027649567,5143973.56,12887051.02,8539078.932666667,2602475.0607508463,5143973.56,13815401.85,0.48905109489051096,0.0,0.0,0.14051094890510948,104.36861313868613,0.014598540145985401,10,156,1,0,0,0,0,1,0
2023-08-28,test,7412075.65,7412075.65,875,2045433.91,283,2023,8,28,0,35,3,0,0,0,-0.8660254037844385,-0.5000000000000004,0.0,1.0,Monsoon,2,11592990.62,7333173.1,8377010.57,12207872.39,1338.0,847.0,8380221.611428571,2797451.529909385,5143973.56,12887051.02,8433066.827142859,2371412.007521893,5143973.56,12887051.02,8664991.635,2657071.016410299,5143973.56,13815401.85,0.4628975265017668,0.0,0.0,0.12438162544169612,104.62897526501767,0.007067137809187279,10,153,1,0,0,0,0,0,0
2023-08-29,test,7007779.61,7007779.61,761,1445604.45,247,2023,8,29,1,35,3,0,0,0,-0.8660254037844385,-0.5000000000000004,0.7818314824680298,0.6234898018587336,Monsoon,2,7412075.65,6854253.87,7679500.42,12451076.790000001,875.0,885.0,8391493.404285714,2792684.40206731,5143973.56,12887051.02,8364142.904285714,2387137.123487168,5143973.56,12887051.02,8505131.743666667,2579707.9765018313,5143973.56,13815401.85,0.5263157894736842,0.0,0.0,0.13481781376518218,102.61538461538461,0.0,10,141,1,0,0,0,0,0,0
2023-08-30,test,7157158.59,7157158.59,785,1525763.82,257,2023,8,30,2,35,3,0,0,0,-0.8660254037844385,-0.5000000000000004,0.9749279121818236,-0.22252093395631434,Monsoon,2,7007779.61,7971925.91,6980228.3,5902959.74,761.0,947.0,8413425.652857143,2779169.7900432455,5143973.56,12887051.02,8316162.846428571,2408610.5834271847,5143973.56,12887051.02,8323688.504333333,2482183.6584034455,5143973.56,13815401.85,0.5330739299610895,0.0,0.0,0.1470817120622568,104.07782101167315,0.0038910505836575876,10,145,1,0,0,0,0,0,0
2023-08-31,test,7803782.5200000005,7803782.5200000005,899,1838386.76,287,2023,8,31,3,35,3,0,0,1,-0.8660254037844385,-0.5000000000000004,0.43388373911755823,-0.900968867902419,Monsoon,2,7157158.59,5143973.56,7073352.81,7533578.26,785.0,844.0,8297030.321428572,2817539.0600475674,5143973.56,12887051.02,8328800.724285714,2401515.5148436315,5143973.56,12887051.02,8365495.132666666,2450364.2668872164,5143973.56,13815401.85,0.5296167247386759,0.0,0.0,0.14529616724738678,99.85017421602788,0.003484320557491289,10,149,1,0,0,0,0,0,0
2023-09-01,test,5919808.52,5919808.52,815,1389245.44,265,2023,9,1,4,35,3,0,1,0,-1.0,-1.8369701987210297e-16,-0.433883739117558,-0.9009688679024191,Monsoon,2,7803782.5200000005,6878183.2,6587024.96,7134907.89,899.0,794.0,8677003.03,2480659.514704781,6878183.2,12887051.02,8380974.274999999,2379980.3412614055,5143973.56,12887051.02,8374501.941333334,2447696.0868287366,5143973.56,13815401.85,0.5584905660377358,0.0,0.0,0.1569811320754717,105.97358490566037,0.007547169811320755,10,143,1,0,0,0,0,0,0
2023-09-02,test,10228758.9,10228758.9,1306,1983548.8,277,2023,9,2,5,35,3,1,0,0,-1.0,-1.8369701987210297e-16,-0.9749279121818236,-0.2225209339563146,Monsoon,2,5919808.52,12887051.02,12111223.88,7022894.39,815.0,1434.0,8540092.361428572,2619070.6632431154,5919808.52,12887051.02,8333315.957857144,2424922.9621129627,5143973.56,12887051.02,8333998.629,2478771.7947441963,5143973.56,13815401.85,0.4620938628158845,0.0,0.0,0.1371841155234657,103.11191335740072,0.0,10,149,1,0,0,0,0,1,0
2023-09-03,test,11139886.29,11139886.29,1259,2313015.25,254,2023,9,3,6,35,3,1,0,0,-1.0,-1.8369701987210297e-16,-0.7818314824680299,0.6234898018587334,Monsoon,2,10228758.9,11592990.62,10593043.36,6483321.89,1306.0,1338.0,8160336.3442857135,2004296.6141780189,5919808.52,11592990.62,8198854.173571428,2244827.6260197405,5143973.56,12887051.02,8440860.779333333,2489381.0010687667,5143973.56,13815401.85,0.5590551181102362,0.0,0.0,0.16181102362204725,102.9015748031496,0.007874015748031496,10,138,1,0,0,0,0,1,0
2023-09-04,test,7341369.71,7341369.71,796,1621218.04,265,2023,9,4,0,36,3,0,0,0,-1.0,-1.8369701987210297e-16,0.0,1.0,Monsoon,2,11139886.29,7412075.65,7333173.1,13815401.85,1259.0,875.0,8095607.154285714,1878319.4142545303,5919808.52,11139886.29,8237914.382857143,2293912.2135841856,5143973.56,12887051.02,8596079.592666667,2508217.591407814,5143973.56,13815401.85,0.47547169811320755,0.0,0.0,0.1369811320754717,101.99245283018868,0.011320754716981131,10,153,1,0,0,0,0,0,0
2023-09-05,test,5866681.96,5866681.96,737,1269398.78,243,2023,9,5,1,36,3,0,0,0,-1.0,-1.8369701987210297e-16,0.7818314824680298,0.6234898018587336,Monsoon,2,7341369.71,7007779.61,6854253.87,12262200.92,796.0,761.0,8085506.305714285,1882792.5866830281,5919808.52,11139886.29,8238499.8549999995,2293664.567553161,5143973.56,12887051.02,8380278.521333333,2314715.8765221583,5143973.56,12887051.02,0.51440329218107,0.0,0.0,0.1337448559670782,103.6872427983539,0.00823045267489712,10,144,1,0,0,0,0,0,0
2023-09-06,test,7694934.72,7694934.72,837,1975861.71,270,2023,9,6,2,36,3,0,0,0,-1.0,-1.8369701987210297e-16,0.9749279121818236,-0.22252093395631434,Monsoon,2,5866681.96,7157158.59,7971925.91,7359059.4399999995,737.0,785.0,7922492.355714285,2034908.6530697334,5866681.96,11139886.29,8167959.004285715,2353906.4413016066,5143973.56,12887051.02,8167094.556,2238108.8241492542,5143973.56,12887051.02,0.5111111111111111,0.0,0.0,0.1388888888888889,108.38518518518518,0.007407407407407408,10,151,1,0,0,0,0,0,0
2023-09-07,test,7963909.44,7963909.44,937,1722610.62,292,2023,9,7,3,36,3,0,0,0,-1.0,-1.8369701987210297e-16,0.43388373911755823,-0.900968867902419,Monsoon,2,7694934.72,7803782.5200000005,5143973.56,7331183.83,837.0,899.0,7999317.5171428565,2011212.375851036,5866681.96,11139886.29,8148173.919285715,2356843.14044225,5143973.56,12887051.02,8178290.398666667,2234764.941033951,5143973.56,12887051.02,0.5616438356164384,0.0,0.0,0.1558219178082192,99.2431506849315,0.0,10,154,1,0,0,0,0,0,0
2023-09-08,test,7430456.71,7430456.71,829,1966265.11,272,2023,9,8,4,36,3,0,0,0,-1.0,-1.8369701987210297e-16,-0.433883739117558,-0.9009688679024191,Monsoon,2,7963909.44,5919808.52,6878183.2,6431518.49,937.0,815.0,8022192.791428572,2009527.6465819015,5866681.96,11139886.29,8349597.910714285,2195308.906098105,5866681.96,12887051.02,8199381.252333333,2229474.043759083,5143973.56,12887051.02,0.46691176470588236,0.0,0.0,0.13198529411764706,101.74632352941177,0.007352941176470588,10,147,1,0,0,0,0,0,0
2023-09-09,test,12779578.66,12779578.66,1231,3261460.29,250,2023,9,9,5,36,3,1,0,0,-1.0,-1.8369701987210297e-16,-0.9749279121818236,-0.2225209339563146,Monsoon,2,7430456.71,10228758.9,12887051.02,6400162.13,829.0,1306.0,8237999.675714286,1818118.6182626772,5866681.96,11139886.29,8389046.018571427,2171669.4865130214,5866681.96,12887051.02,8232679.193000001,2209530.488914559,5143973.56,12887051.02,0.524,0.0,0.0,0.1416,105.224,0.012,10,133,1,0,0,0,0,1,0
2023-09-10,test,9905873.42,9905873.42,1373,2199223.32,271,2023,9,10,6,36,3,1,0,0,-1.0,-1.8369701987210297e-16,-0.7818314824680299,0.6234898018587334,Monsoon,2,12779578.66,11139886.29,11592990.62,5647742.26,1231.0,1259.0,8602402.498571428,2434701.3273610994,5866681.96,12779578.66,8381369.421428571,2154669.9108793386,5866681.96,12779578.66,8445326.410666667,2330741.5962279183,5143973.56,12887051.02,0.4575645756457565,0.0,0.0,0.12250922509225093,98.35055350553506,0.01845018450184502,10,148,1,0,0,0,0,1,0
2023-09-11,test,6796255.36,6796255.36,808,1827312.67,268,2023,9,11,0,37,3,0,0,0,-1.0,-1.8369701987210297e-16,0.0,1.0,Monsoon,2,9905873.42,7341369.71,7412075.65,12821430.29,1373.0,796.0,8426114.945714286,2258660.910913222,5866681.96,12779578.66,8260861.049999999,2003076.8927097358,5866681.96,12779578.66,8587264.116,2283680.229923631,5143973.56,12887051.02,0.47388059701492535,0.0,0.0,0.12014925373134329,105.51119402985074,0.007462686567164179,10,142,1,0,0,0,0,0,0
2023-09-12,test,6703309.72,6703309.72,913,1415750.21,287,2023,9,12,1,37,3,0,0,0,-1.0,-1.8369701987210297e-16,0.7818314824680298,0.6234898018587336,Monsoon,2,6796255.36,5866681.96,7007779.61,11081502.91,808.0,737.0,8348241.467142858,2311082.5297181373,5866681.96,12779578.66,8216873.886428571,2029734.09549702,5866681.96,12779578.66,8386424.951666667,2160061.656694221,5143973.56,12887051.02,0.5087108013937283,0.0,0.0,0.1337979094076655,100.86411149825784,0.003484320557491289,10,159,1,0,0,0,0,0,0
2023-09-13,test,7262621.16,7262621.16,835,1601252.07,269,2023,9,13,2,37,3,0,0,0,-1.0,-1.8369701987210297e-16,0.9749279121818236,-0.22252093395631434,Monsoon,2,6703309.72,7694934.72,7157158.59,8377010.57,913.0,837.0,8467759.718571428,2179230.955073594,6703309.72,12779578.66,8195126.037142858,2045257.4114996442,5866681.96,12779578.66,8240485.178666667,2119211.00820949,5143973.56,12887051.02,0.5278810408921933,0.0,0.0,0.13903345724907062,101.52044609665427,0.007434944237918215,10,143,1,0,0,0,0,0,0
2023-09-14,test,6334909.93,6334909.93,834,1551119.42,274,2023,9,14,3,37,3,0,0,0,-1.0,-1.8369701987210297e-16,0.43388373911755823,-0.900968867902419,Monsoon,2,7262621.16,7963909.44,7803782.5200000005,7679500.42,835.0,937.0,8406000.638571428,2210681.8899948574,6703309.72,12779578.66,8202659.077857143,2041330.7669556797,5866681.96,12779578.66,8203338.865,2126489.6362568485,5143973.56,12887051.02,0.5,0.0,0.0,0.13795620437956202,103.74452554744525,0.0,10,154,1,0,0,0,0,0,0
2023-09-15,test,8837936.38,8837936.38,968,2204471.47,294,2023,9,15,4,37,3,0,0,0,-1.0,-1.8369701987210297e-16,-0.433883739117558,-0.9009688679024191,Monsoon,2,6334909.93,7430456.71,5919808.52,6980228.3,834.0,829.0,8173286.422857142,2346542.394830299,6334909.93,12779578.66,8097739.607142857,2100305.4345239685,5866681.96,12779578.66,8158519.182,2151928.9091360155,5143973.56,12887051.02,0.5068027210884354,0.0,0.0,0.1380952380952381,101.87755102040816,0.01020408163265306,10,159,1,0,0,0,0,0,0
2023-09-16,test,10913547.32,10913547.32,1480,2247130.06,284,2023,9,16,5,37,3,1,0,0,-1.0,-1.8369701987210297e-16,-0.9749279121818236,-0.2225209339563146,Monsoon,2,8837936.38,12779578.66,10228758.9,7073352.81,968.0,1231.0,8374354.947142856,2332542.6393899326,6334909.93,12779578.66,8306177.311428571,2010413.9931106425,5866681.96,12779578.66,8220442.784666667,2143565.7146575255,5143973.56,12887051.02,0.49295774647887325,0.0,0.0,0.13309859154929576,105.6056338028169,0.0,10,159,1,0,0,0,0,1,0
2023-09-17,test,13163634.08,13163634.08,1389,3349622.84,287,2023,9,17,6,37,3,1,0,0,-1.0,-1.8369701987210297e-16,-0.7818314824680299,0.6234898018587334,Monsoon,2,10913547.32,9905873.42,11139886.29,6587024.96,1480.0,1373.0,8107779.041428572,1788322.9545647101,6334909.93,10913547.32,8355090.7700000005,2068286.182677452,5866681.96,12779578.66,8348449.268333334,2186926.453291143,5143973.56,12887051.02,0.5156794425087108,0.0,0.0,0.13066202090592335,100.51219512195122,0.0,10,153,1,0,0,0,0,1,0
2023-09-18,test,6794168.1,6794168.1,827,1428227.85,263,2023,9,18,0,38,3,0,0,0,-1.0,-1.8369701987210297e-16,0.0,1.0,Monsoon,2,13163634.08,6796255.36,7341369.71,12111223.88,1389.0,808.0,8573173.421428572,2582020.4366989736,6334909.93,13163634.08,8499644.183571428,2331819.4210264473,5866681.96,13163634.08,8567669.572333334,2329262.388626087,5143973.56,13163634.08,0.5019011406844106,0.0,0.0,0.15171102661596958,107.25095057034221,0.0076045627376425855,10,147,1,0,0,0,0,0,0
2023-09-19,test,7386128.71,7386128.71,850,1733328.1,281,2023,9,19,1,38,3,0,0,0,-1.0,-1.8369701987210297e-16,0.7818314824680298,0.6234898018587336,Monsoon,2,6794168.1,6703309.72,5866681.96,10593043.36,827.0,913.0,8572875.24142857,2582259.951006994,6334909.93,13163634.08,8460558.354285715,2357176.0262976866,5866681.96,13163634.08,8390434.379666667,2251318.3563871984,5143973.56,13163634.08,0.5409252669039146,0.0,0.0,0.14661921708185055,105.61921708185054,0.0,10,155,1,0,0,0,0,0,0
2023-09-20,test,6814163.42,6814163.42,889,1494617.71,291,2023,9,20,2,38,3,0,0,0,-1.0,-1.8369701987210297e-16,0.9749279121818236,-0.22252093395631434,Monsoon,2,7386128.71,7262621.16,7694934.72,7333173.1,850.0,835.0,8670420.811428571,2511801.6392888427,6334909.93,13163634.08,8569090.264999999,2261601.2111752946,6334909.93,13163634.08,8283537.224666667,2219031.548763617,5143973.56,13163634.08,0.5463917525773195,0.0,0.0,0.15017182130584195,102.49828178694158,0.020618556701030927,10,153,1,0,0,0,0,0,0
2023-09-21,test,7642554.68,7642554.68,820,1909195.39,274,2023,9,21,3,38,3,0,0,0,-1.0,-1.8369701987210297e-16,0.43388373911755823,-0.900968867902419,Monsoon,2,6814163.42,6334909.93,7963909.44,6854253.87,889.0,834.0,8606355.42,2558969.384824786,6334909.93,13163634.08,8506178.029285714,2299717.8676771456,6334909.93,13163634.08,8266236.902,2228698.536190367,5143973.56,13163634.08,0.5,0.0,0.0,0.14087591240875913,104.08029197080292,0.01824817518248175,10,150,1,0,0,0,0,0,0
2023-09-22,test,7874130.52,7874130.52,796,1896597.86,251,2023,9,22,4,38,3,0,0,0,-1.0,-1.8369701987210297e-16,-0.433883739117558,-0.9009688679024191,Monsoon,2,7642554.68,8837936.38,7430456.71,7971925.91,820.0,968.0,8793161.812857144,2408841.9322819943,6794168.1,13163634.08,8483224.117857141,2307138.47471583,6334909.93,13163634.08,8292513.5956666665,2216088.4091957198,5143973.56,13163634.08,0.450199203187251,0.0,0.0,0.12111553784860557,101.5179282868526,0.01593625498007968,10,156,1,0,0,0,0,0,0
2023-09-23,test,9859266.07,9859266.07,1276,2320332.12,264,2023,9,23,5,38,3,1,0,0,-1.0,-1.8369701987210297e-16,-0.9749279121818236,-0.2225209339563146,Monsoon,2,7874130.52,10913547.32,12779578.66,5143973.56,796.0,1480.0,8655475.26142857,2433277.192683363,6794168.1,13163634.08,8514915.104285715,2294578.2011397746,6334909.93,13163634.08,8289253.749333333,2216648.109659364,5143973.56,13163634.08,0.5378787878787878,0.0,0.0,0.14280303030303032,101.53030303030303,0.015151515151515152,10,158,1,0,0,0,0,1,0
2023-09-24,test,14668061.57,14668061.57,1396,3564233.39,277,2023,9,24,6,38,3,1,0,0,-1.0,-1.8369701987210297e-16,-0.7818314824680299,0.6234898018587334,Monsoon,2,9859266.07,13163634.08,9905873.42,6878183.2,1276.0,1389.0,8504863.654285714,2299147.0619288073,6794168.1,13163634.08,8306321.347857143,1989528.816992794,6334909.93,13163634.08,8446430.166333335,2152170.955709929,5866681.96,13163634.08,0.5126353790613718,0.0,0.0,0.14548736462093861,104.83393501805054,0.01444043321299639,10,149,1,0,0,0,0,1,0
2023-09-25,test,7062768.82,7062768.82,838,1436856.31,274,2023,9,25,0,39,3,0,0,0,-1.0,-1.8369701987210297e-16,0.0,1.0,Monsoon,2,14668061.57,6794168.1,6796255.36,12887051.02,1396.0,827.0,8719781.867142858,2818805.9255497414,6794168.1,14668061.57,8646477.644285714,2598079.281906231,6334909.93,14668061.57,8706092.778666668,2410822.6773262504,5866681.96,14668061.57,0.46715328467153283,0.0,0.0,0.12737226277372263,99.2007299270073,0.0072992700729927005,10,147,1,0,0,0,0,0,0
2023-09-26,test,8310626.04,8310626.04,873,1550529.21,285,2023,9,26,1,39,3,0,0,0,-1.0,-1.8369701987210297e-16,0.7818314824680298,0.6234898018587336,Monsoon,2,7062768.82,7386128.71,6703309.72,11592990.62,838.0,850.0,8758153.39857143,2789904.368513621,6814163.42,14668061.57,8665514.32,2584419.9620694034,6334909.93,14668061.57,8511950.038666667,2294215.162746618,5866681.96,14668061.57,0.5263157894736842,0.0,0.0,0.14912280701754385,105.67719298245613,0.0,10,154,1,0,0,0,0,0,0
2023-09-27,test,6356857.82,6356857.82,692,1712246.73,226,2023,9,27,2,39,3,0,0,0,-1.0,-1.8369701987210297e-16,0.9749279121818236,-0.22252093395631434,Monsoon,2,8310626.04,6814163.42,7262621.16,7412075.65,873.0,889.0,8890224.445714286,2735480.7003789656,6814163.42,14668061.57,8780322.628571428,2525578.540810589,6334909.93,14668061.57,8402537.886,2219256.3439942254,5866681.96,14668061.57,0.4778761061946903,0.0,0.0,0.12168141592920353,103.92477876106194,0.017699115044247787,10,141,1,0,0,0,0,0,0
2023-09-28,test,6208104.77,6208104.77,759,1642054.9,250,2023,9,28,3,39,3,0,0,0,-1.0,-1.8369701987210297e-16,0.43388373911755823,-0.900968867902419,Monsoon,2,6356857.82,7642554.68,6334909.93,7007779.61,692.0,820.0,8824895.074285714,2798069.8574573738,6356857.82,14668061.57,8715625.247142857,2578494.9988738457,6334909.93,14668061.57,8367363.958333333,2243723.3389157536,5866681.96,14668061.57,0.484,0.0,0.0,0.1364,103.184,0.004,10,140,1,0,0,0,0,0,0
2023-09-29,test,6704907.62,6704907.62,821,1494418.68,264,2023,9,29,4,39,3,0,0,0,-1.0,-1.8369701987210297e-16,-0.433883739117558,-0.9009688679024191,Monsoon,2,6208104.77,7874130.52,8837936.38,7157158.59,759.0,796.0,8619973.658571428,2947622.8486014754,6208104.77,14668061.57,8706567.735714287,2587707.3154056785,6208104.77,14668061.57,8340708.130333333,2265080.8988631065,5866681.96,14668061.57,0.5454545454545454,0.0,0.0,0.14734848484848484,99.97727272727273,0.007575757575757576,10,149,1,0,0,0,0,0,0
2023-09-30,test,8715493.45,8715493.45,1174,1619644.03,243,2023,9,30,5,39,3,1,0,1,-1.0,-1.8369701987210297e-16,-0.9749279121818236,-0.2225209339563146,Monsoon,2,6704907.62,9859266.07,10913547.32,7803782.5200000005,821.0,1276.0,8452941.815714287,3028937.6915188916,6208104.77,14668061.57,8554208.538571429,2641610.4921843037,6208104.77,14668061.57,8325633.098,2274713.994683261,5866681.96,14668061.57,0.5679012345679012,0.0,0.0,0.16008230452674896,106.98765432098766,0.0,10,148,1,0,0,0,0,1,0
2023-10-01,test,11483237.51,11483237.51,1442,2290802.67,292,2023,10,1,6,39,4,1,1,0,-0.8660254037844386,0.5000000000000001,-0.7818314824680299,0.6234898018587334,Autumn,3,8715493.45,14668061.57,13163634.08,5919808.52,1174.0,1396.0,8289545.727142856,2970720.4152857587,6208104.77,14668061.57,8397204.690714287,2554480.352441886,6208104.77,14668061.57,8356023.462333334,2273591.6050616824,5866681.96,14668061.57,0.5342465753424658,0.0,0.0,0.15616438356164383,106.78082191780823,0.0136986301369863,10,148,1,0,0,0,0,1,0
2023-10-02,test,9635174.33,9635174.33,912,2295182.78,287,2023,10,2,0,40,4,0,0,0,-0.8660254037844386,0.5000000000000001,0.0,1.0,Autumn,3,11483237.51,7062768.82,6794168.1,10228758.9,1442.0,838.0,7834570.861428571,1871553.1278442377,6208104.77,11483237.51,8277176.364285715,2344106.56383161,6208104.77,14668061.57,8541471.095333334,2294821.3402678883,5866681.96,14668061.57,0.4843205574912892,0.0,0.0,0.13588850174216027,101.0383275261324,0.003484320557491289,10,149,1,0,0,0,0,0,0
2023-10-03,test,5964307.95,5964307.95,848,1377278.55,279,2023,10,3,1,40,4,0,0,0,-0.8660254037844386,0.5000000000000001,0.7818314824680298,0.6234898018587336,Autumn,3,9635174.33,8310626.04,7386128.71,11139886.29,912.0,873.0,8202057.3628571415,1945826.1664741882,6208104.77,11483237.51,8480105.380714286,2328769.647702782,6208104.77,14668061.57,8521684.943,2282296.532486046,5866681.96,14668061.57,0.46953405017921146,0.0,0.0,0.12616487455197134,99.59498207885305,0.0035842293906810036,10,150,1,0,0,0,0,0,0
2023-10-04,test,8354423.9,8354423.9,847,2079266.16,274,2023,10,4,2,40,4,0,0,0,-0.8660254037844386,0.5000000000000001,0.9749279121818236,-0.22252093395631434,Autumn,3,5964307.95,6356857.82,6814163.42,7341369.71,848.0,692.0,7866869.064285713,2118439.430705436,5964307.95,11483237.51,8378546.755000001,2409743.6590566183,5964307.95,14668061.57,8349165.665000001,2273154.8649109467,5866681.96,14668061.57,0.48905109489051096,0.0,0.0,0.12554744525547445,105.12043795620438,0.014598540145985401,10,147,1,0,0,0,0,0,0
2023-10-05,test,5981264.92,5981264.92,855,1489934.35,280,2023,10,5,3,40,4,0,0,0,-0.8660254037844386,0.5000000000000001,0.43388373911755823,-0.900968867902419,Autumn,3,8354423.9,6208104.77,7642554.68,5866681.96,847.0,759.0,8152235.647142856,2013051.2033181314,5964307.95,11483237.51,8488565.360714285,2367619.185751271,5964307.95,14668061.57,8382934.138,2265178.1069140527,5866681.96,14668061.57,0.46785714285714286,0.0,0.0,0.13535714285714284,107.63928571428572,0.0035714285714285713,10,153,1,0,0,0,0,0,0
2023-10-06,test,5803089.73,5803089.73,708,1210750.72,250,2023,10,6,4,40,4,0,0,0,-0.8660254037844386,0.5000000000000001,-0.433883739117558,-0.9009688679024191,Autumn,3,5981264.92,6704907.62,7874130.52,7694934.72,855.0,821.0,8119829.954285714,2051031.0013595417,5964307.95,11483237.51,8369901.806428572,2453361.1919175307,5964307.95,14668061.57,8386753.569999999,2260881.5506255757,5964307.95,14668061.57,0.516,0.0,0.0,0.14759999999999998,106.42,0.012,10,140,1,0,0,0,0,0,0
2023-10-07,test,10911066.209999999,10911066.209999999,1140,2967602.75,245,2023,10,7,5,40,4,1,0,0,-0.8660254037844386,0.5000000000000001,-0.9749279121818236,-0.2225209339563146,Autumn,3,5803089.73,8715493.45,9859266.07,7963909.44,708.0,1174.0,7990998.827142858,2179046.6895236624,5803089.73,11483237.51,8221970.321428572,2546235.799730554,5803089.73,14668061.57,8323692.070333333,2306762.017286808,5803089.73,14668061.57,0.4775510204081633,0.0,0.0,0.12775510204081633,101.97551020408163,0.0,10,146,1,0,0,0,0,1,0
2023-10-08,test,10925665.37,10925665.37,1315,2096864.74,289,2023,10,8,6,40,4,1,0,0,-0.8660254037844386,0.5000000000000001,-0.7818314824680299,0.6234898018587334,Autumn,3,10911066.209999999,11483237.51,14668061.57,7430456.71,1140.0,1442.0,8304652.078571429,2442768.899483375,5803089.73,11483237.51,8297098.9028571425,2612905.7918040436,5803089.73,14668061.57,8421930.629333334,2353199.7005604096,5803089.73,14668061.57,0.532871972318339,0.0,0.0,0.14429065743944638,99.60553633217994,0.006920415224913495,10,144,1,0,0,0,0,1,0
2023-10-09,test,5796933.01,5796933.01,709,1603594.81,244,2023,10,9,0,41,4,0,0,0,-0.8660254037844386,0.5000000000000001,0.0,1.0,Autumn,3,10925665.37,9635174.33,7062768.82,12779578.66,1315.0,912.0,8224998.915714286,2328254.436345771,5803089.73,10925665.37,8029784.888571428,2039502.16802176,5803089.73,11483237.51,8538437.584666666,2388675.6328522596,5803089.73,14668061.57,0.48360655737704916,0.0,0.0,0.13729508196721313,108.17622950819673,0.004098360655737705,10,141,1,0,0,0,0,0,0
2023-10-10,test,5641867.58,5641867.58,772,1386606.05,257,2023,10,10,1,41,4,0,0,0,-0.8660254037844386,0.5000000000000001,0.7818314824680298,0.6234898018587336,Autumn,3,5796933.01,5964307.95,8310626.04,9905873.42,709.0,848.0,7676678.727142856,2391893.8264219994,5796933.01,10925665.37,7939368.045,2112425.7432574043,5796933.01,11483237.51,8305682.729666666,2299705.3194038654,5796933.01,14668061.57,0.5330739299610895,0.0,0.0,0.15252918287937745,106.01945525291829,0.0,10,149,1,0,0,0,0,0,0
2023-10-11,test,8306999.08,8306999.08,996,2088850.1700000002,325,2023,10,11,2,41,4,0,0,0,-0.8660254037844386,0.5000000000000001,0.9749279121818236,-0.22252093395631434,Autumn,3,5641867.58,8354423.9,6356857.82,6796255.36,772.0,847.0,7630615.817142857,2433116.19963763,5641867.58,10925665.37,7748742.440714286,2195141.4001028165,5641867.58,11483237.51,8163549.201666667,2328977.390212064,5641867.58,14668061.57,0.4553846153846154,0.0,0.0,0.11876923076923078,106.20307692307692,0.006153846153846154,10,163,1,0,0,0,0,0,0
2023-10-12,test,7846258.32,7846258.32,809,1816799.53,270,2023,10,12,3,41,4,0,0,0,-0.8660254037844386,0.5000000000000001,0.43388373911755823,-0.900968867902419,Autumn,3,8306999.08,5981264.92,6208104.77,6703309.72,996.0,855.0,7623840.842857144,2430829.814458508,5641867.58,10925665.37,7888038.245,2161642.11345187,5641867.58,11483237.51,8213907.325666666,2314682.833996926,5641867.58,14668061.57,0.45925925925925926,0.0,0.0,0.11777777777777779,100.58518518518518,0.011111111111111112,10,151,1,0,0,0,0,0,0
2023-10-13,test,7534834.37,7534834.37,788,1972811.65,250,2023,10,13,4,41,4,0,0,0,-0.8660254037844386,0.5000000000000001,-0.433883739117558,-0.9009688679024191,Autumn,3,7846258.32,5803089.73,6704907.62,7262621.16,809.0,708.0,7890268.471428571,2320493.1093802536,5641867.58,10925665.37,8005049.212857142,2107366.991801634,5641867.58,11483237.51,8252005.612333333,2298310.1612340207,5641867.58,14668061.57,0.492,0.0,0.0,0.1352,107.492,0.0,10,136,1,0,0,0,0,0,0
2023-10-14,test,14201782.24,14201782.24,1417,3340583.9,294,2023,10,14,5,41,4,1,0,0,-0.8660254037844386,0.5000000000000001,-0.9749279121818236,-0.2225209339563146,Autumn,3,7534834.37,10911066.209999999,8715493.45,6334909.93,788.0,1140.0,8137660.562857143,2146692.3392964536,5641867.58,10925665.37,8064329.695,2079468.8425882414,5641867.58,11483237.51,8261079.385999999,2294804.035769754,5641867.58,14668061.57,0.5544217687074829,0.0,0.0,0.15680272108843538,103.40136054421768,0.0,10,159,1,0,0,0,0,1,0
2023-10-15,test,13210531.31,13210531.31,1335,3661758.9,280,2023,10,15,6,41,4,1,0,0,-0.8660254037844386,0.5000000000000001,-0.7818314824680299,0.6234898018587334,Autumn,3,14201782.24,10925665.37,11483237.51,8837936.38,1417.0,1315.0,8607762.852857143,3032725.6081977803,5641867.58,14201782.24,8456207.465714285,2650237.051235223,5641867.58,14201782.24,8523308.463,2506794.4930180134,5641867.58,14668061.57,0.42142857142857143,0.0,0.0,0.1175,102.30714285714286,0.007142857142857143,10,149,1,0,0,0,0,1,0
2023-10-16,test,6887739.56,6887739.56,727,1341596.15,242,2023,10,16,0,42,4,0,0,0,-0.8660254037844386,0.5000000000000001,0.0,1.0,Autumn,3,13210531.31,5796933.01,9635174.33,10913547.32,1335.0,709.0,8934172.272857143,3421781.9751446843,5641867.58,14201782.24,8579585.594285714,2835711.9254175336,5641867.58,14201782.24,8669061.627333334,2648814.230611602,5641867.58,14668061.57,0.5371900826446281,0.0,0.0,0.15,102.08677685950413,0.01652892561983471,10,137,1,0,0,0,0,0,0
2023-10-17,test,5813223.2299999995,5813223.2299999995,748,1480155.88,259,2023,10,17,1,42,4,0,0,0,-0.8660254037844386,0.5000000000000001,0.7818314824680298,0.6234898018587336,Autumn,3,6887739.56,5641867.58,5964307.95,13163634.08,727.0,772.0,9090001.78,3276868.121680491,5641867.58,14201782.24,8383340.253571428,2852061.4914566684,5641867.58,14201782.24,8534868.035333334,2633114.340009805,5641867.58,14668061.57,0.5212355212355212,0.0,0.0,0.13706563706563707,101.28571428571429,0.0,10,140,1,0,0,0,0,0,0
2023-10-18,test,7247102.1899999995,7247102.1899999995,897,1760375.72,295,2023,10,18,2,42,4,0,0,0,-0.8660254037844386,0.5000000000000001,0.9749279121818236,-0.22252093395631434,Autumn,3,5813223.2299999995,8306999.08,8354423.9,6794168.1,748.0,996.0,9114481.158571428,3247323.042292393,5813223.2299999995,14201782.24,8372548.487857142,2862186.7046809187,5641867.58,14201782.24,8289854.340333332,2527410.8785911445,5641867.58,14668061.57,0.4745762711864407,0.0,0.0,0.13152542372881354,108.46440677966102,0.010169491525423728,10,162,1,0,0,0,0,0,0
2023-10-19,test,6610548.25,6610548.25,778,1478107.68,257,2023,10,19,3,42,4,0,0,0,-0.8660254037844386,0.5000000000000001,0.43388373911755823,-0.900968867902419,Autumn,3,7247102.1899999995,7846258.32,5981264.92,7386128.71,897.0,809.0,8963067.317142857,3315248.494744513,5813223.2299999995,14201782.24,8293454.08,2877982.512316496,5641867.58,14201782.24,8304952.143333333,2519508.594227799,5641867.58,14668061.57,0.4785992217898833,0.0,0.0,0.122568093385214,102.00778210116732,0.007782101167315175,10,149,1,0,0,0,0,0,0
2023-10-20,test,6373142.47,6373142.47,792,1442737.1,262,2023,10,20,4,42,4,0,0,0,-0.8660254037844386,0.5000000000000001,-0.433883739117558,-0.9009688679024191,Autumn,3,6610548.25,7534834.37,5803089.73,6814163.42,778.0,788.0,8786537.307142856,3415996.174997661,5813223.2299999995,14201782.24,8338402.889285714,2843803.67195652,5641867.58,14201782.24,8279099.461333333,2533203.6439664857,5641867.58,14668061.57,0.5,0.0,0.0,0.13358778625954199,105.66030534351145,0.007633587786259542,10,147,1,0,0,0,0,0,0
2023-10-21,test,12496196.98,12496196.98,1334,2447984.2,276,2023,10,21,5,42,4,1,0,0,-0.8660254037844386,0.5000000000000001,-0.9749279121818236,-0.2225209339563146,Autumn,3,6373142.47,14201782.24,10911066.209999999,7642554.68,792.0,1417.0,8620581.32142857,3513761.134888723,5813223.2299999995,14201782.24,8379120.942142857,2808573.0771035133,5641867.58,14201782.24,8264398.762999999,2543257.831207959,5641867.58,14668061.57,0.4420289855072464,0.0,0.0,0.12246376811594202,104.02173913043478,0.014492753623188406,10,152,1,0,0,0,0,1,0
2023-10-22,test,9126453.84,9126453.84,1220,1885196.23,252,2023,10,22,6,42,4,1,0,0,-0.8660254037844386,0.5000000000000001,-0.7818314824680299,0.6234898018587334,Autumn,3,12496196.98,13210531.31,10925665.37,7874130.52,1334.0,1335.0,8376926.284285715,3096614.3468298004,5813223.2299999995,13210531.31,8492344.56857143,2947034.617667907,5641867.58,14201782.24,8426186.839666666,2654292.6593137253,5641867.58,14668061.57,0.49603174603174605,0.0,0.0,0.12698412698412698,104.66666666666667,0.003968253968253968,10,144,1,0,0,0,0,1,0
2023-10-23,test,6951923.46,6951923.46,805,1766239.96,281,2023,10,23,0,43,4,0,0,0,-0.8660254037844386,0.5000000000000001,0.0,1.0,Autumn,3,9126453.84,6887739.56,5796933.01,9859266.07,1220.0,727.0,7793486.645714285,2321973.4353606515,5813223.2299999995,12496196.98,8363829.459285714,2871008.775668742,5641867.58,14201782.24,8467930.950333335,2655158.5879367013,5641867.58,14668061.57,0.47330960854092524,0.0,0.0,0.12562277580071174,102.62633451957295,0.0,10,148,1,0,0,0,0,0,0
2023-10-24,test,6674130.61,6674130.61,821,1739252.26,278,2023,10,24,1,43,4,0,0,0,-0.8660254037844386,0.5000000000000001,0.7818314824680298,0.6234898018587336,Autumn,3,6951923.46,5813223.2299999995,5641867.58,14668061.57,805.0,748.0,7802655.774285713,2317923.8594397935,5813223.2299999995,12496196.98,8446328.777142856,2807465.6421594755,5641867.58,14201782.24,8371019.529999999,2655682.6337154997,5641867.58,14668061.57,0.49640287769784175,0.0,0.0,0.1262589928057554,103.7841726618705,0.007194244604316547,10,148,1,0,0,0,0,0,0
2023-10-25,test,5351996.3100000005,5351996.3100000005,675,1393650.1199999999,225,2023,10,25,2,43,4,0,0,0,-0.8660254037844386,0.5000000000000001,0.9749279121818236,-0.22252093395631434,Autumn,3,6674130.61,7247102.1899999995,8306999.08,7062768.82,821.0,897.0,7925642.542857142,2215343.2048036796,6373142.47,12496196.98,8520061.850714285,2740912.188504254,5813223.2299999995,14201782.24,8104555.164666667,2389801.9907374023,5641867.58,14201782.24,0.5244444444444445,0.0,0.0,0.136,103.28888888888889,0.0,10,138,1,0,0,0,0,0,0
2023-10-26,test,6765719.03,6765719.03,769,1745345.47,249,2023,10,26,3,43,4,0,0,0,-0.8660254037844386,0.5000000000000001,0.43388373911755823,-0.900968867902419,Autumn,3,5351996.3100000005,6610548.25,7846258.32,8310626.04,675.0,778.0,7654913.131428571,2418561.904396088,5351996.3100000005,12496196.98,8308990.224285714,2869351.594020684,5351996.3100000005,14201782.24,8047529.414333333,2435492.986047275,5351996.3100000005,14201782.24,0.46987951807228917,0.0,0.0,0.13373493975903614,104.04016064257029,0.008032128514056224,10,147,1,0,0,0,0,0,0
2023-10-27,test,9013028.24,9013028.24,938,2319138.61,312,2023,10,27,4,43,4,0,0,0,-0.8660254037844386,0.5000000000000001,-0.433883739117558,-0.9009688679024191,Autumn,3,6765719.03,6373142.47,7534834.37,6356857.82,769.0,792.0,7677080.385714286,2408082.866330678,5351996.3100000005,12496196.98,8231808.846428572,2897153.630509339,5351996.3100000005,14201782.24,7996032.514,2446048.301974009,5351996.3100000005,14201782.24,0.5256410256410257,0.0,0.0,0.13942307692307693,103.64423076923077,0.016025641025641024,10,150,1,0,0,0,0,0,0
2023-10-28,test,10613973.49,10613973.49,1282,2384090.85,268,2023,10,28,5,43,4,1,0,0,-0.8660254037844386,0.5000000000000001,-0.9749279121818236,-0.2225209339563146,Autumn,3,9013028.24,12496196.98,14201782.24,6208104.77,938.0,1334.0,8054206.9242857145,2376345.588831771,5351996.3100000005,12496196.98,8337394.122857143,2896734.818002649,5351996.3100000005,14201782.24,8084571.527999999,2432705.5216105375,5351996.3100000005,14201782.24,0.4701492537313433,0.0,0.0,0.1369402985074627,100.43656716417911,0.0037313432835820895,10,147,1,0,0,0,0,1,0
2023-10-29,test,11601394.16,11601394.16,1228,2870460.76,252,2023,10,29,6,43,4,1,0,0,-0.8660254037844386,0.5000000000000001,-0.7818314824680299,0.6234898018587334,Autumn,3,10613973.49,9126453.84,13210531.31,6704907.62,1282.0,1220.0,7785317.854285715,1834717.5094769252,5351996.3100000005,10613973.49,8081122.069285714,2464458.973018767,5351996.3100000005,13210531.31,8231433.818666667,2448457.0744003477,5351996.3100000005,14201782.24,0.48412698412698413,0.0,0.0,0.13373015873015875,107.62698412698413,0.0,10,150,1,0,0,0,0,1,0
2023-10-30,test,7226670.43,7226670.43,779,1648037.09,254,2023,10,30,0,44,4,0,0,0,-0.8660254037844386,0.5000000000000001,0.0,1.0,Autumn,3,11601394.16,6951923.46,6887739.56,8715493.45,1228.0,805.0,8138880.757142857,2312497.7690946315,5351996.3100000005,11601394.16,7966183.701428572,2233534.2676550667,5351996.3100000005,12496196.98,8394650.036666667,2505720.9284207686,5351996.3100000005,14201782.24,0.5118110236220472,0.0,0.0,0.1377952755905512,103.85433070866142,0.007874015748031496,10,147,1,0,0,0,0,0,0
2023-10-31,test,8236527.14,8236527.14,843,1971362.42,290,2023,10,31,1,44,4,0,0,1,-0.8660254037844386,0.5000000000000001,0.7818314824680298,0.6234898018587336,Autumn,3,7226670.43,6674130.61,5813223.2299999995,11483237.51,779.0,821.0,8178130.324285715,2291227.9076390807,5351996.3100000005,11601394.16,7990393.0492857145,2222756.6398396958,5351996.3100000005,12496196.98,8345022.602666666,2513877.573365267,5351996.3100000005,14201782.24,0.43103448275862066,0.0,0.0,0.12275862068965518,101.40689655172413,0.006896551724137931,10,153,1,0,0,0,0,0,0
2023-11-01,test,6371872.05,6371872.05,736,1681659.2,247,2023,11,1,2,44,4,0,1,0,-0.5000000000000004,0.8660254037844384,0.9749279121818236,-0.22252093395631434,Autumn,3,8236527.14,5351996.3100000005,7247102.1899999995,9635174.33,843.0,675.0,8401329.828571428,2194349.594792088,5351996.3100000005,11601394.16,8163486.185714285,2132702.6611910933,5351996.3100000005,12496196.98,8236798.923666667,2443004.373378992,5351996.3100000005,14201782.24,0.46963562753036436,0.0,0.0,0.1214574898785425,106.39271255060729,0.012145748987854251,10,144,1,0,0,0,0,0,0
2023-11-02,test,6385520.46,6385520.46,773,1258214.2,261,2023,11,2,3,44,4,0,0,0,-0.5000000000000004,0.8660254037844384,0.43388373911755823,-0.900968867902419,Autumn,3,6371872.05,6765719.03,6610548.25,5964307.95,736.0,769.0,8547026.362857144,1981695.0855175278,6371872.05,11601394.16,8100969.747142857,2174058.1275591375,5351996.3100000005,12496196.98,8128022.181,2451230.2875596886,5351996.3100000005,14201782.24,0.49808429118773945,0.0,0.0,0.13831417624521072,104.04980842911877,0.007662835249042145,10,147,1,0,0,0,0,0,0
2023-11-03,test,6170232.51,6170232.51,790,1400826.47,273,2023,11,3,4,44,4,0,0,0,-0.5000000000000004,0.8660254037844384,-0.433883739117558,-0.9009688679024191,Autumn,3,6385520.46,9013028.24,6373142.47,8354423.9,773.0,938.0,8492712.281428572,2042918.4308113232,6371872.05,11601394.16,8084896.333571428,2186719.824812373,5351996.3100000005,12496196.98,8142062.598,2439588.056886673,5351996.3100000005,14201782.24,0.4908424908424908,0.0,0.0,0.12673992673992673,103.65934065934066,0.0,10,158,1,0,0,0,0,0,0
2023-11-04,test,12458037.48,12458037.48,1342,2766640.05,286,2023,11,4,5,44,4,1,0,0,-0.5000000000000004,0.8660254037844384,-0.9749279121818236,-0.2225209339563146,Autumn,3,6170232.51,10613973.49,12496196.98,5981264.92,790.0,1282.0,8086598.605714286,2198854.9921276225,6170232.51,11601394.16,8070402.765,2199572.7220981824,5351996.3100000005,12496196.98,8069256.218333333,2465486.594188469,5351996.3100000005,14201782.24,0.5,0.0,0.0,0.14195804195804196,104.23426573426573,0.006993006993006993,10,152,1,0,0,0,0,1,0
2023-11-05,test,13584015.72,13584015.72,1243,3617437.04,277,2023,11,5,6,44,4,1,0,0,-0.5000000000000004,0.8660254037844384,-0.7818314824680299,0.6234898018587334,Autumn,3,12458037.48,11601394.16,9126453.84,5803089.73,1342.0,1228.0,8350036.318571428,2621889.8300156705,6170232.51,12458037.48,8067677.086428571,2193682.2227196954,5351996.3100000005,12458037.48,8285148.637,2558174.911420904,5351996.3100000005,14201782.24,0.5270758122743683,0.0,0.0,0.14657039711191336,102.93140794223827,0.01444043321299639,10,153,1,0,0,0,0,1,0
2023-11-06,test,7190021.02,7190021.02,851,1528048.41,279,2023,11,6,0,45,4,0,0,0,-0.5000000000000004,0.8660254037844384,0.0,1.0,Autumn,3,13584015.72,7226670.43,6951923.46,10911066.209999999,1243.0,779.0,8633267.97,3095898.067534963,6170232.51,13584015.72,8386074.363571429,2637727.0251055015,5351996.3100000005,13584015.72,8544512.836666668,2688947.9403322744,5351996.3100000005,14201782.24,0.5770609318996416,0.0,0.0,0.16021505376344086,110.31182795698925,0.010752688172043012,10,154,1,0,0,0,0,0,0
2023-11-07,test,7296819.51,7296819.51,849,2075633.88,282,2023,11,7,1,45,4,0,0,0,-0.5000000000000004,0.8660254037844384,0.7818314824680298,0.6234898018587336,Autumn,3,7190021.02,8236527.14,6674130.61,10925665.37,851.0,843.0,8628032.34,3098703.016419399,6170232.51,13584015.72,8403081.332142856,2628520.4325359794,5351996.3100000005,13584015.72,8420477.997,2661703.652756009,5351996.3100000005,14201782.24,0.475177304964539,0.0,0.0,0.11985815602836879,98.95390070921985,0.01773049645390071,10,148,1,0,0,0,0,0,0
2023-11-08,test,9278192.79,9278192.79,862,2226163.52,299,2023,11,8,2,45,4,0,0,0,-0.5000000000000004,0.8660254037844384,0.9749279121818236,-0.22252093395631434,Autumn,3,7296819.51,6371872.05,5351996.3100000005,5796933.01,849.0,736.0,8493788.392857144,3138589.4793552896,6170232.51,13584015.72,8447559.110714285,2602150.064198216,5351996.3100000005,13584015.72,8299516.468333334,2626148.4686132567,5351996.3100000005,14201782.24,0.5484949832775919,0.0,0.0,0.1414715719063545,101.51505016722408,0.016722408026755852,10,164,1,0,0,0,0,0,0
2023-11-09,test,6811791.78,6811791.78,885,1351347.45,294,2023,11,9,3,45,4,0,0,0,-0.5000000000000004,0.8660254037844384,0.43388373911755823,-0.900968867902419,Autumn,3,9278192.79,6385520.46,6765719.03,5641867.58,862.0,773.0,8908977.07,3000293.1342425365,6170232.51,13584015.72,8728001.716428572,2449988.6172496667,6170232.51,13584015.72,8415558.461000001,2588395.379990966,5351996.3100000005,14201782.24,0.5306122448979592,0.0,0.0,0.13707482993197279,106.85034013605443,0.006802721088435374,10,151,1,0,0,0,0,0,0
2023-11-10,test,6376032.11,6376032.11,686,1489663.95,241,2023,11,10,4,45,4,0,0,0,-0.5000000000000004,0.8660254037844384,-0.433883739117558,-0.9009688679024191,Autumn,3,6811791.78,6170232.51,9013028.24,8306999.08,885.0,790.0,8969872.972857144,2944343.391698835,6170232.51,13584015.72,8731292.627142856,2447179.388573896,6170232.51,13584015.72,8454555.934333334,2553746.4772203863,5351996.3100000005,14201782.24,0.4979253112033195,0.0,0.0,0.14771784232365145,100.01659751037344,0.012448132780082987,10,152,1,0,0,0,0,0,0
2023-11-11,test,10075326.09,10075326.09,1315,2224743.95,284,2023,11,11,5,45,4,1,0,0,-0.5000000000000004,0.8660254037844384,-0.9749279121818236,-0.2225209339563146,Autumn,3,6376032.11,12458037.48,10613973.49,7846258.32,686.0,1342.0,8999272.915714284,2912585.370809586,6376032.11,13584015.72,8542935.760714287,2524100.925972239,6170232.51,13584015.72,8390190.368666667,2581774.3932346567,5351996.3100000005,14201782.24,0.49295774647887325,0.0,0.0,0.1352112676056338,101.57042253521126,0.017605633802816902,10,157,1,0,0,0,0,1,0
2023-11-12,test,23603139.75,23603139.75,3619,3864674.25,290,2023,11,12,6,45,4,1,0,0,-0.5000000000000004,0.8660254037844384,-0.7818314824680299,0.6234898018587334,Autumn,3,10075326.09,13584015.72,11601394.16,7534834.37,1315.0,1243.0,8658885.574285714,2558733.8854995705,6376032.11,13584015.72,8504460.94642857,2494029.9453032897,6170232.51,13584015.72,8464492.627666665,2597607.699564557,5351996.3100000005,14201782.24,1.0,1.0,1.0,0.2,102.65172413793104,0.006896551724137931,10,160,1,1,1,1,0,1,1
2023-11-13,test,6920627.63,6920627.63,833,1294034.35,282,2023,11,13,0,46,4,0,0,0,-0.5000000000000004,0.8660254037844384,0.0,1.0,Autumn,3,23603139.75,7190021.02,7226670.43,14201782.24,3619.0,851.0,10090189.007142857,6110320.9664549185,6376032.11,23603139.75,9361728.488571428,4714566.699444437,6170232.51,23603139.75,9000102.807000002,3784667.0302072456,5351996.3100000005,23603139.75,0.5106382978723404,0.0,0.0,0.1319148936170213,110.06382978723404,0.0,10,151,1,0,0,0,0,0,0
2023-11-14,test,5605507.0,5605507.0,825,1488529.03,287,2023,11,14,1,46,4,0,0,0,-0.5000000000000004,0.8660254037844384,0.7818314824680298,0.6234898018587336,Autumn,3,6920627.63,7296819.51,8236527.14,13210531.31,833.0,849.0,10051704.237142857,6132439.853024314,6376032.11,23603139.75,9339868.288571429,4725923.755505505,6170232.51,23603139.75,8757397.653333332,3671357.0059836293,5351996.3100000005,23603139.75,0.4564459930313589,0.0,0.0,0.1278745644599303,103.14634146341463,0.003484320557491289,10,156,1,0,0,0,0,0,0
2023-11-15,test,8790793.09,8790793.09,857,2440556.64,283,2023,11,15,2,46,4,0,0,0,-0.5000000000000004,0.8660254037844384,0.9749279121818236,-0.22252093395631434,Autumn,3,5605507.0,9278192.79,6371872.05,6887739.56,825.0,862.0,9810088.164285716,6290356.945765701,5605507.0,23603139.75,9151938.278571429,4824459.03192421,5605507.0,23603139.75,8503896.843,3615403.5459282678,5351996.3100000005,23603139.75,0.49469964664310956,0.0,0.0,0.13003533568904593,106.9434628975265,0.0035335689045936395,10,149,1,0,0,0,0,0,0
2023-11-16,test,7043768.19,7043768.19,832,1736861.0999999999,273,2023,11,16,3,46,4,0,0,0,-0.5000000000000004,0.8660254037844384,0.43388373911755823,-0.900968867902419,Autumn,3,8790793.09,6811791.78,6385520.46,5813223.2299999995,857.0,885.0,9740459.635714287,6299916.082327291,5605507.0,23603139.75,9324718.352857143,4760122.660138225,5605507.0,23603139.75,8567331.960666666,3602742.0872304994,5351996.3100000005,23603139.75,0.5128205128205128,0.0,0.0,0.13296703296703297,106.80952380952381,0.0,10,150,1,0,0,0,0,0,0
2023-11-17,test,7355011.61,7355011.61,780,1551361.6099999999,260,2023,11,17,4,46,4,0,0,0,-0.5000000000000004,0.8660254037844384,-0.433883739117558,-0.9009688679024191,Autumn,3,7043768.19,6376032.11,6170232.51,7247102.1899999995,832.0,686.0,9773599.122857142,6282528.9179760795,5605507.0,23603139.75,9371736.047857141,4732025.755142839,5605507.0,23603139.75,8608350.126,3577219.218757014,5351996.3100000005,23603139.75,0.47692307692307695,0.0,0.0,0.135,103.07307692307693,0.007692307692307693,10,143,1,0,0,0,0,0,0
2023-11-18,test,9914638.65,9914638.65,1271,2562505.15,259,2023,11,18,5,46,4,1,0,0,-0.5000000000000004,0.8660254037844384,-0.9749279121818236,-0.2225209339563146,Autumn,3,7355011.61,10075326.09,12458037.48,6610548.25,780.0,1315.0,9913453.337142857,6204705.300186212,5605507.0,23603139.75,9456363.126428572,4680681.811583156,5605507.0,23603139.75,8611947.106666667,3575857.245552885,5351996.3100000005,23603139.75,0.5096525096525096,0.0,0.0,0.14247104247104247,101.65250965250965,0.003861003861003861,10,153,1,0,0,0,0,1,0
2023-11-19,test,13081631.07,13081631.07,1327,2814279.72,282,2023,11,19,6,46,4,1,0,0,-0.5000000000000004,0.8660254037844384,-0.7818314824680299,0.6234898018587334,Autumn,3,9914638.65,23603139.75,13584015.72,6373142.47,1271.0,3619.0,9890497.98857143,6204303.844289677,5605507.0,23603139.75,9274691.781428572,4603945.412703599,5605507.0,23603139.75,8722083.453333335,3562948.234860215,5351996.3100000005,23603139.75,0.5390070921985816,0.0,0.0,0.15070921985815602,102.75886524822695,0.0070921985815602835,10,156,1,0,0,0,0,1,0
2023-11-20,test,7264274.33,7264274.33,910,1687900.89,296,2023,11,20,0,47,4,0,0,0,-0.5000000000000004,0.8660254037844384,0.0,1.0,Autumn,3,13081631.07,6920627.63,7190021.02,12496196.98,1327.0,833.0,8387425.319999999,2493074.1161156395,5605507.0,13081631.07,9238807.163571429,4569603.2463623565,5605507.0,23603139.75,8945699.74,3620494.3840987915,5351996.3100000005,23603139.75,0.5067567567567568,0.0,0.0,0.13108108108108107,103.67905405405405,0.016891891891891893,10,150,1,0,0,0,0,0,0
2023-11-21,test,7195183.07,7195183.07,789,1765202.23,263,2023,11,21,1,47,4,0,0,0,-0.5000000000000004,0.8660254037844384,0.7818314824680298,0.6234898018587336,Autumn,3,7264274.33,5605507.0,7296819.51,9126453.84,910.0,825.0,8436517.705714285,2462573.638062337,5605507.0,13081631.07,9244110.971428571,4567084.756103449,5605507.0,23603139.75,8771302.318333333,3569217.7009721864,5351996.3100000005,23603139.75,0.5095057034220533,0.0,0.0,0.1376425855513308,107.95817490494296,0.0038022813688212928,10,143,1,0,0,0,0,0,0
2023-11-22,test,6414413.74,6414413.74,816,1618057.71,278,2023,11,22,2,47,4,0,0,0,-0.5000000000000004,0.8660254037844384,0.9749279121818236,-0.22252093395631434,Autumn,3,7195183.07,8790793.09,9278192.79,6951923.46,789.0,857.0,8663614.287142858,2219267.6569143455,7043768.19,13081631.07,9236851.225714285,4570497.7414299585,5605507.0,23603139.75,8706926.626,3579991.4626164096,5351996.3100000005,23603139.75,0.49280575539568344,0.0,0.0,0.13129496402877697,109.38489208633094,0.007194244604316547,10,156,1,0,0,0,0,0,0
2023-11-23,test,5891777.67,5891777.67,748,1458638.79,249,2023,11,23,3,47,4,0,0,0,-0.5000000000000004,0.8660254037844384,0.43388373911755823,-0.900968867902419,Autumn,3,6414413.74,7043768.19,6811791.78,6674130.61,816.0,832.0,8324131.522857143,2373003.8074417682,6414413.74,13081631.07,9032295.579285715,4632174.160722429,5605507.0,23603139.75,8689009.635333333,3590407.603231597,5351996.3100000005,23603139.75,0.43775100401606426,0.0,0.0,0.121285140562249,106.61847389558233,0.0,10,144,1,0,0,0,0,0,0
2023-11-24,test,7168676.36,7168676.36,811,1628039.83,284,2023,11,24,4,47,4,0,0,0,-0.5000000000000004,0.8660254037844384,-0.433883739117558,-0.9009688679024191,Autumn,3,5891777.67,7355011.61,6376032.11,5351996.3100000005,748.0,780.0,8159561.448571429,2512446.1605087165,5891777.67,13081631.07,8966580.285714285,4672449.888911124,5605507.0,23603139.75,8662931.204,3608343.5047825435,5351996.3100000005,23603139.75,0.4788732394366197,0.0,0.0,0.13626760563380283,106.28169014084507,0.014084507042253521,10,158,1,0,0,0,0,0,0
2023-11-25,test,14037844.73,14037844.73,1387,3346297.47,289,2023,11,25,5,47,4,1,0,0,-0.5000000000000004,0.8660254037844384,-0.9749279121818236,-0.2225209339563146,Autumn,3,7168676.36,9914638.65,10075326.09,6765719.03,811.0,1271.0,8132942.127142857,2523354.4788245875,5891777.67,13081631.07,9023197.732142856,4643356.583658433,5605507.0,23603139.75,8723487.205666667,3565856.4739574324,5605507.0,23603139.75,0.48788927335640137,0.0,0.0,0.14013840830449828,103.74048442906575,0.0034602076124567475,10,148,1,0,0,0,0,1,0
2023-11-26,test,11501910.32,11501910.32,1402,2207229.94,282,2023,11,26,6,47,4,1,0,0,-0.5000000000000004,0.8660254037844384,-0.7818314824680299,0.6234898018587334,Autumn,3,14037844.73,13081631.07,23603139.75,9013028.24,1387.0,1327.0,8721971.567142857,3353322.964766571,5891777.67,14037844.73,9306234.777857143,4829461.313974647,5605507.0,23603139.75,8965891.395666666,3673724.903446836,5605507.0,23603139.75,0.5567375886524822,0.0,0.0,0.16241134751773048,103.10992907801419,0.014184397163120567,10,150,1,0,0,0,0,1,0
2023-11-27,test,8006239.36,8006239.36,846,1644317.3800000001,288,2023,11,27,0,48,4,0,0,0,-0.5000000000000004,0.8660254037844384,0.0,1.0,Autumn,3,11501910.32,7264274.33,6920627.63,10613973.49,1402.0,910.0,8496297.174285714,3050507.482475376,5891777.67,14037844.73,8441861.247142857,2677076.0811693748,5605507.0,14037844.73,9048854.131666666,3702813.7993893772,5605507.0,23603139.75,0.4791666666666667,0.0,0.0,0.13784722222222223,103.11805555555556,0.006944444444444444,10,154,1,0,0,0,0,0,0
2023-11-28,test,9228208.8,9228208.8,924,2120236.75,298,2023,11,28,1,48,4,0,0,0,-0.5000000000000004,0.8660254037844384,0.7818314824680298,0.6234898018587336,Autumn,3,8006239.36,7195183.07,5605507.0,11601394.16,846.0,789.0,8602292.17857143,3013226.5981224463,5891777.67,14037844.73,8519404.942142857,2645155.293427998,5605507.0,14037844.73,8961929.660666667,3695406.4775816137,5605507.0,23603139.75,0.4899328859060403,0.0,0.0,0.1365771812080537,103.26845637583892,0.006711409395973154,10,150,1,0,0,0,0,0,0
2023-11-29,test,6085095.14,6085095.14,792,1068058.33,255,2023,11,29,2,48,4,0,0,0,-0.5000000000000004,0.8660254037844384,0.9749279121818236,-0.22252093395631434,Autumn,3,9228208.8,6414413.74,8790793.09,7226670.43,924.0,816.0,8892724.425714286,2952359.692745449,5891777.67,14037844.73,8778169.356428571,2512020.0303101446,5891777.67,14037844.73,8882823.482,3662207.926985173,5605507.0,23603139.75,0.49411764705882355,0.0,0.0,0.1384313725490196,102.85098039215686,0.01568627450980392,10,150,1,0,0,0,0,0,0
2023-11-30,test,6150967.55,6150967.55,822,1131222.0,276,2023,11,30,3,48,4,0,0,1,-0.5000000000000004,0.8660254037844384,0.43388373911755823,-0.900968867902419,Autumn,3,6085095.14,5891777.67,7043768.19,8236527.14,792.0,748.0,8845678.911428573,3000661.924760993,5891777.67,14037844.73,8584905.217142858,2613025.879584245,5891777.67,14037844.73,8844770.972333333,3685864.1491465056,5605507.0,23603139.75,0.5471014492753623,0.0,0.0,0.1463768115942029,103.09057971014492,0.007246376811594203,10,144,1,0,0,0,0,0,0
2023-12-01,test,6481689.9,6481689.9,934,1332195.54,281,2023,12,1,4,48,4,0,1,0,-2.4492935982947064e-16,1.0,-0.433883739117558,-0.9009688679024191,Winter,0,6150967.55,7168676.36,7355011.61,6371872.05,822.0,811.0,8882706.037142856,2959452.9798959587,6085095.14,14037844.73,8521133.742857143,2663929.5618135156,5891777.67,14037844.73,8775252.319333334,3717265.737247429,5605507.0,23603139.75,0.5124555160142349,0.0,0.0,0.15551601423487546,105.62633451957295,0.0,10,155,1,0,0,0,0,0,0
2023-12-02,test,10109034.65,10109034.65,1432,2049539.34,268,2023,12,2,5,48,4,1,0,0,-2.4492935982947064e-16,1.0,-0.9749279121818236,-0.2225209339563146,Winter,0,6481689.9,14037844.73,9914638.65,6385520.46,934.0,1387.0,8784565.114285713,3036163.448411214,6085095.14,14037844.73,8458753.620714286,2703271.2615877395,5891777.67,14037844.73,8778912.914333334,3714870.6856956314,5605507.0,23603139.75,0.5671641791044776,0.0,0.0,0.16417910447761194,108.52611940298507,0.0,10,150,1,0,0,0,0,1,0
2023-12-03,test,10414431.56,10414431.56,1549,2505472.41,286,2023,12,3,6,48,4,1,0,0,-2.4492935982947064e-16,1.0,-0.7818314824680299,0.6234898018587334,Winter,0,10109034.65,11501910.32,13081631.07,6170232.51,1432.0,1402.0,8223306.531428571,2131584.909761992,6085095.14,11501910.32,8472639.049285714,2711810.4747678703,5891777.67,14037844.73,8903030.054,3694293.8599779066,5605507.0,23603139.75,0.5174825174825175,0.0,0.0,0.1444055944055944,98.27972027972028,0.006993006993006993,10,154,1,0,0,0,0,1,0
2023-12-04,test,8748535.34,8748535.34,980,2225181.92,296,2023,12,4,0,49,4,0,0,0,-2.4492935982947064e-16,1.0,0.0,1.0,Winter,0,10414431.56,8006239.36,7264274.33,12458037.48,1549.0,846.0,8067952.422857144,1877266.0600013237,6085095.14,10414431.56,8282124.798571428,2443523.9347381187,5891777.67,14037844.73,9044503.355666667,3667199.052530588,5605507.0,23603139.75,0.5,0.0,0.0,0.11858108108108109,100.89527027027027,0.010135135135135136,10,161,1,0,0,0,0,0,0
2023-12-05,test,7131662.13,7131662.13,984,1634188.2,278,2023,12,5,1,49,4,0,0,0,-2.4492935982947064e-16,1.0,0.7818314824680298,0.6234898018587336,Winter,0,8748535.34,9228208.8,7195183.07,13584015.72,980.0,924.0,8173994.705714285,1894088.919282914,6085095.14,10414431.56,8388143.442142857,2428115.4410063205,5891777.67,14037844.73,8920853.284333332,3610228.856436912,5605507.0,23603139.75,0.49280575539568344,0.0,0.0,0.13201438848920866,105.20143884892086,0.0,10,147,1,0,0,0,0,0,0
2023-12-06,test,8548710.39,8548710.39,876,2299630.43,273,2023,12,6,2,49,4,0,0,0,-2.4492935982947064e-16,1.0,0.9749279121818236,-0.22252093395631434,Winter,0,7131662.13,6085095.14,6414413.74,7190021.02,984.0,792.0,7874488.038571429,1865145.0855570375,6085095.14,10414431.56,8383606.232142857,2430574.201920038,5891777.67,14037844.73,8705774.831333334,3513752.1861111666,5605507.0,23603139.75,0.5164835164835165,0.0,0.0,0.1468864468864469,108.83882783882784,0.014652014652014652,10,150,1,0,0,0,0,0,0
2023-12-07,test,7089394.74,7089394.74,951,1476611.6199999999,274,2023,12,7,3,49,4,0,0,0,-2.4492935982947064e-16,1.0,0.43388373911755823,-0.900968867902419,Winter,0,8548710.39,6150967.55,5891777.67,7296819.51,876.0,822.0,8226433.074285714,1695984.9064592603,6150967.55,10414431.56,8536055.992857141,2363572.0955587868,5891777.67,14037844.73,8751064.477,3502279.077669925,5605507.0,23603139.75,0.5036496350364964,0.0,0.0,0.13978102189781022,102.88686131386861,0.014598540145985401,10,147,1,0,0,0,0,0,0
2023-12-08,test,7202625.83,7202625.83,956,1626151.89,284,2023,12,8,4,49,4,0,0,0,-2.4492935982947064e-16,1.0,-0.433883739117558,-0.9009688679024191,Winter,0,7089394.74,6481689.9,7168676.36,9278192.79,951.0,934.0,8360494.101428571,1533931.8398466602,6481689.9,10414431.56,8621600.069285715,2280727.3055114495,6085095.14,14037844.73,8744150.318,3505452.3399473443,5605507.0,23603139.75,0.4823943661971831,0.0,0.0,0.12746478873239436,98.96478873239437,0.0035211267605633804,10,151,1,0,0,0,0,0,0
2023-12-09,test,10212603.93,10212603.93,1426,2669881.07,279,2023,12,9,5,49,4,1,0,0,-2.4492935982947064e-16,1.0,-0.9749279121818236,-0.2225209339563146,Winter,0,7202625.83,10109034.65,14037844.73,6811791.78,956.0,1432.0,8463484.948571429,1405595.0839579788,7089394.74,10414431.56,8624025.031428572,2279081.120639904,6085095.14,14037844.73,8674964.752666665,3515017.948810386,5605507.0,23603139.75,0.4982078853046595,0.0,0.0,0.13906810035842293,102.27956989247312,0.0035842293906810036,10,151,1,0,0,0,0,1,0
2023-12-10,test,10088000.99,10088000.99,1345,2165764.85,246,2023,12,10,6,49,4,1,0,0,-2.4492935982947064e-16,1.0,-0.7818314824680299,0.6234898018587334,Winter,0,10212603.93,10414431.56,11501910.32,6376032.11,1426.0,1549.0,8478280.56,1426197.5237661542,7089394.74,10414431.56,8350793.545714286,1747387.1212424515,6085095.14,11501910.32,8788325.157666666,3507689.029508322,5605507.0,23603139.75,0.532520325203252,0.0,0.0,0.13902439024390245,105.2560975609756,0.0,10,148,1,0,0,0,0,1,0
2023-12-11,test,8391678.95,8391678.95,996,1879507.2,296,2023,12,11,0,50,4,0,0,0,-2.4492935982947064e-16,1.0,0.0,1.0,Winter,0,10088000.99,8748535.34,8006239.36,10075326.09,1345.0,980.0,8431647.62142857,1355945.7346577959,7089394.74,10212603.93,8249800.022142857,1584522.734825889,6085095.14,10414431.56,8912057.453666667,3485058.237248453,5605507.0,23603139.75,0.5135135135135135,0.0,0.0,0.14222972972972975,104.76013513513513,0.006756756756756757,10,157,1,0,0,0,0,0,0
2023-12-12,test,6581762.0,6581762.0,903,1687459.48,271,2023,12,12,1,50,4,0,0,0,-2.4492935982947064e-16,1.0,0.7818314824680298,0.6234898018587336,Winter,0,8391678.95,7131662.13,9228208.8,23603139.75,996.0,984.0,8380668.137142858,1348735.2301204354,7089394.74,10212603.93,8277331.4214285705,1583313.371142814,6085095.14,10414431.56,8855935.882333333,3479231.026500358,5605507.0,23603139.75,0.5166051660516605,0.0,0.0,0.13911439114391144,103.49077490774907,0.01107011070110701,10,153,1,0,0,0,0,0,0
2023-12-13,test,7515112.94,7515112.94,833,1814689.0,266,2023,12,13,2,50,4,0,0,0,-2.4492935982947064e-16,1.0,0.9749279121818236,-0.22252093395631434,Winter,0,6581762.0,8548710.39,6085095.14,6920627.63,903.0,876.0,8302110.975714286,1446107.938392882,6581762.0,10212603.93,8088299.507142857,1618640.9535652157,6085095.14,10414431.56,8288556.624,2109753.015337764,5605507.0,14037844.73,0.5789473684210527,0.0,0.0,0.15526315789473683,102.28195488721805,0.0037593984962406013,10,145,1,0,0,0,0,0,0
2023-12-14,test,7494774.19,7494774.19,793,1747216.39,246,2023,12,14,3,50,4,0,0,0,-2.4492935982947064e-16,1.0,0.43388373911755823,-0.900968867902419,Winter,0,7515112.94,7089394.74,6150967.55,5605507.0,833.0,951.0,8154454.197142856,1469314.238240807,6581762.0,10212603.93,8190443.635714286,1524911.8046994049,6150967.55,10414431.56,8308372.801,2099227.1218125084,5605507.0,14037844.73,0.491869918699187,0.0,0.0,0.1329268292682927,107.78861788617886,0.0040650406504065045,10,151,1,0,0,0,0,0,0
2023-12-15,test,7795794.55,7795794.55,878,2213282.8,271,2023,12,15,4,50,4,0,0,0,-2.4492935982947064e-16,1.0,-0.433883739117558,-0.9009688679024191,Winter,0,7494774.19,7202625.83,6481689.9,8790793.09,793.0,956.0,8212365.547142857,1427740.4045989218,6581762.0,10212603.93,8286429.824285715,1425728.8164142056,6481689.9,10414431.56,8371348.374,2042930.3010829985,5891777.67,14037844.73,0.4870848708487085,0.0,0.0,0.12878228782287823,103.26568265682657,0.007380073800738007,10,150,1,0,0,0,0,0,0
2023-12-16,test,12277562.32,12277562.32,1651,3002054.61,291,2023,12,16,5,50,4,1,0,0,-2.4492935982947064e-16,1.0,-0.9749279121818236,-0.2225209339563146,Winter,0,7795794.55,10212603.93,10109034.65,7043768.19,878.0,1426.0,8297103.935714287,1374430.1191976985,6581762.0,10212603.93,8380294.442142857,1338352.1268469868,6581762.0,10414431.56,8338181.756,2043962.4282553273,5891777.67,14037844.73,0.5154639175257731,0.0,0.0,0.14054982817869416,104.8487972508591,0.003436426116838488,10,150,1,0,0,0,0,1,0
2023-12-17,test,13179955.540000001,13179955.540000001,1573,3207884.15,285,2023,12,17,6,50,4,1,0,0,-2.4492935982947064e-16,1.0,-0.7818314824680299,0.6234898018587334,Winter,0,12277562.32,10088000.99,10414431.56,7355011.61,1651.0,1345.0,8592097.991428573,1953633.6736929126,6581762.0,12277562.32,8535189.275714288,1644330.2090620243,6581762.0,12277562.32,8512641.560333334,2150267.1516765673,5891777.67,14037844.73,0.48771929824561405,0.0,0.0,0.1407017543859649,105.3719298245614,0.014035087719298246,10,151,1,0,0,0,0,1,0
2023-12-18,test,5515404.5,5515404.5,796,1328068.36,252,2023,12,18,0,51,4,0,0,0,-2.4492935982947064e-16,1.0,0.0,1.0,Winter,0,13179955.540000001,8391678.95,8748535.34,9914638.65,1573.0,996.0,9033805.784285715,2593102.3206086163,6581762.0,13179955.540000001,8732726.702857142,2012378.8347420227,6581762.0,13179955.540000001,8706806.358000001,2299914.0126887024,5891777.67,14037844.73,0.4246031746031746,0.0,0.0,0.11706349206349206,105.00396825396825,0.015873015873015872,10,143,1,0,0,0,0,0,0
2023-12-19,test,5328345.32,5328345.32,820,1291772.71,259,2023,12,19,1,51,4,0,0,0,-2.4492935982947064e-16,1.0,0.7818314824680298,0.6234898018587336,Winter,0,5515404.5,6581762.0,7131662.13,13081631.07,796.0,903.0,8622909.434285713,2919190.753266084,5515404.5,13179955.540000001,8501788.785714285,2188254.5065501053,5515404.5,13179955.540000001,8560165.219666667,2359716.579834218,5515404.5,14037844.73,0.4671814671814672,0.0,0.0,0.12702702702702703,107.06949806949807,0.011583011583011582,10,151,1,0,0,0,0,0,0
2023-12-20,test,8265422.6,8265422.6,938,1539361.58,287,2023,12,20,2,51,4,0,0,0,-2.4492935982947064e-16,1.0,0.9749279121818236,-0.22252093395631434,Winter,0,5328345.32,7515112.94,8548710.39,7264274.33,820.0,833.0,8443849.908571428,3098211.354478855,5328345.32,13179955.540000001,8372980.442142858,2323974.8002214176,5328345.32,13179955.540000001,8301722.361333334,2270324.5467116036,5328345.32,14037844.73,0.5470383275261324,0.0,0.0,0.16202090592334495,105.17770034843205,0.006968641114982578,10,148,1,0,0,0,0,0,0
2023-12-21,test,5410994.1,5410994.1,831,1379720.77,242,2023,12,21,3,51,4,0,0,0,-2.4492935982947064e-16,1.0,0.43388373911755823,-0.900968867902419,Winter,0,8265422.6,7494774.19,7089394.74,7195183.07,938.0,793.0,8551037.002857143,3073606.5140025397,5328345.32,13179955.540000001,8352745.600000001,2323560.277610388,5328345.32,13179955.540000001,8335093.970333334,2261891.504768506,5328345.32,14037844.73,0.45454545454545453,0.0,0.0,0.1243801652892562,100.70661157024793,0.004132231404958678,10,141,1,0,0,0,0,0,0
2023-12-22,test,6602437.92,6602437.92,933,1362962.84,279,2023,12,22,4,51,4,0,0,0,-2.4492935982947064e-16,1.0,-0.433883739117558,-0.9009688679024191,Winter,0,5410994.1,7795794.55,7202625.83,6414413.74,831.0,878.0,8253354.132857143,3286492.9302077154,5328345.32,13179955.540000001,8232859.839999999,2434412.7531317077,5328345.32,13179955.540000001,8275621.0046666665,2315713.1498749056,5328345.32,14037844.73,0.5232974910394266,0.0,0.0,0.14623655913978495,104.9820788530466,0.0,10,151,1,0,0,0,0,0,0
2023-12-23,test,11533007.93,11533007.93,1401,2856961.4299999997,265,2023,12,23,5,51,4,1,0,0,-2.4492935982947064e-16,1.0,-0.9749279121818236,-0.2225209339563146,Winter,0,6602437.92,12277562.32,10212603.93,5891777.67,933.0,1651.0,8082874.614285714,3344620.9398593935,5328345.32,13179955.540000001,8189989.274999999,2459110.439710041,5328345.32,13179955.540000001,8281888.477333334,2310751.2220723806,5328345.32,14037844.73,0.4641509433962264,0.0,0.0,0.13471698113207548,105.38867924528302,0.007547169811320755,10,145,1,0,0,0,0,1,0
2023-12-24,test,9759238.05,9759238.05,1458,2003607.3,267,2023,12,24,6,51,4,1,0,0,-2.4492935982947064e-16,1.0,-0.7818314824680299,0.6234898018587334,Winter,0,11533007.93,13179955.540000001,10088000.99,7168676.36,1401.0,1573.0,7976509.701428571,3197596.9068712876,5328345.32,13179955.540000001,8284303.846428572,2565663.5722657144,5328345.32,13179955.540000001,8469929.486,2338905.8044081195,5328345.32,14037844.73,0.5318352059925093,0.0,0.0,0.15243445692883897,102.9438202247191,0.003745318352059925,10,151,1,0,0,0,0,1,0
2023-12-25,test,21436713.009999998,21436713.009999998,2773,4024503.92,293,2023,12,25,0,52,4,0,0,0,-2.4492935982947064e-16,1.0,0.0,1.0,Winter,0,9759238.05,5515404.5,8391678.95,14037844.73,1458.0,796.0,7487835.774285714,2441939.536289631,5328345.32,11533007.93,8260820.779285714,2549337.34249042,5328345.32,13179955.540000001,8556281.542333333,2337027.931614285,5328345.32,14037844.73,1.0,1.0,1.0,0.2,106.39931740614334,0.0034129692832764505,10,157,1,1,1,1,0,0,1
2023-12-26,test,7034710.27,7034710.27,893,1547253.85,266,2023,12,26,1,52,4,0,0,0,-2.4492935982947064e-16,1.0,0.7818314824680298,0.6234898018587336,Winter,0,21436713.009999998,5328345.32,6581762.0,11501910.32,2773.0,820.0,9762308.41857143,5630963.838920547,5328345.32,21436713.009999998,9192608.926428571,4349362.248687294,5328345.32,21436713.009999998,8802910.485,3175458.1086463295,5328345.32,21436713.009999998,0.48120300751879697,0.0,0.0,0.12781954887218044,104.86466165413533,0.015037593984962405,10,146,1,0,0,0,0,0,0
2023-12-27,test,5799247.03,5799247.03,830,1140121.5,252,2023,12,27,2,52,4,0,0,0,-2.4492935982947064e-16,1.0,0.9749279121818236,-0.22252093395631434,Winter,0,7034710.27,8265422.6,7515112.94,8006239.36,893.0,938.0,10006074.84,5440746.440126105,5410994.1,21436713.009999998,9224962.374285715,4330089.056766881,5328345.32,21436713.009999998,8654003.816666666,3149160.9600020824,5328345.32,21436713.009999998,0.5,0.0,0.0,0.14206349206349206,101.32936507936508,0.0,10,154,1,0,0,0,0,0,0
2023-12-28,test,9024600.38,9024600.38,1021,2075715.47,298,2023,12,28,3,52,4,0,0,0,-2.4492935982947064e-16,1.0,0.43388373911755823,-0.900968867902419,Winter,0,5799247.03,5410994.1,7494774.19,9228208.8,830.0,831.0,9653764.044285715,5648141.297208667,5410994.1,21436713.009999998,9102400.523571428,4405829.765074034,5328345.32,21436713.009999998,8580437.405666668,3190324.298848716,5328345.32,21436713.009999998,0.4865771812080537,0.0,0.0,0.13791946308724834,98.25503355704699,0.010067114093959731,10,156,1,0,0,0,0,0,0
2023-12-29,test,7410304.65,7410304.65,890,1657647.34,279,2023,12,29,4,52,4,0,0,0,-2.4492935982947064e-16,1.0,-0.433883739117558,-0.9009688679024191,Winter,0,9024600.38,6602437.92,7795794.55,6085095.14,1021.0,933.0,10169993.512857143,5353165.741661287,5799247.03,21436713.009999998,9211673.822857143,4381796.156331965,5328345.32,21436713.009999998,8573650.458333334,3189115.0859508566,5328345.32,21436713.009999998,0.45161290322580644,0.0,0.0,0.12974910394265235,108.81003584229391,0.0035842293906810036,10,161,1,0,0,0,0,0,0
2023-12-30,test,8874061.96,8874061.96,1359,1976154.73,259,2023,12,30,5,52,4,1,0,0,-2.4492935982947064e-16,1.0,-0.9749279121818236,-0.2225209339563146,Winter,0,7410304.65,11533007.93,12277562.32,6150967.55,890.0,1401.0,10285403.045714285,5271519.308762062,5799247.03,21436713.009999998,9184138.83,4392575.82171207,5328345.32,21436713.009999998,8617824.108666668,3162523.667446341,5328345.32,21436713.009999998,0.47876447876447875,0.0,0.0,0.12934362934362933,103.98841698841699,0.007722007722007722,10,139,1,0,0,0,0,1,0
2023-12-31,test,10791541.17,10791541.17,1503,2184710.5300000003,278,2023,12,31,6,52,4,1,0,1,-2.4492935982947064e-16,1.0,-0.7818314824680299,0.6234898018587334,Winter,0,8874061.96,9759238.05,13179955.540000001,6481689.9,1359.0,1458.0,9905553.621428574,5262427.537948115,5799247.03,21436713.009999998,8941031.661428573,4301438.524891205,5328345.32,21436713.009999998,8708593.922333334,3128171.352187861,5328345.32,21436713.009999998,0.4784172661870504,0.0,0.0,0.12733812949640289,107.00359712230215,0.0035971223021582736,10,145,1,0,0,0,0,1,0
